Rainfall_24h_mm,Rainfall_3Day_mm,Rainfall_7Day_mm,Slope_Angle_deg,Elevation_m,Aspect_deg,Soil_Saturation,Vegetation_Cover,NDVI_Index,Distance_to_Water_m,Distance_to_Road_m,Temperature_C,Humidity_percent,Clay_Content_pct,Sand_Content_pct,Silt_Content_pct,Soil_Erosion_Rate_t_ha_yr,Pore_Water_Pressure_kPa,Soil_Moisture_Content,Earthquake_Activity,Landslide
37.215423,224.44878,326.323943,47.567583,350.537717,117.406851,0.324123,0.547378,0.513797,70.177956,12.840665,18.723394,100.0,34.538504,10.0,57.423729,3.024373,88.45047,0.204351,1.671516,0
41.664038,127.537703,205.042954,29.138314,629.342822,309.840288,0.328925,0.621324,0.539048,213.754794,93.298073,11.40541,100.0,46.090774,40.579481,9.363518,7.489115,89.254351,0.153062,0.069705,0
18.401212,55.675739,185.498231,52.222886,1036.000553,3.782468,0.402296,0.020598,0.060729,52.234273,212.13977,36.236706,85.605411,20.811783,10.0,60.0,10.778217,119.682752,0.296311,0.264589,1
72.52737,202.525331,520.867093,43.355242,585.840007,156.978944,0.436572,0.445501,0.385411,432.512364,333.328935,22.169351,100.0,11.691847,42.115246,43.422152,19.259526,124.670296,0.160085,0.933935,0
83.439854,336.965817,792.177313,10.179754,760.81678,339.422284,0.724907,0.479499,0.544183,117.415633,21.27339,9.634831,100.0,20.690325,29.24005,42.249995,7.867173,140.758125,0.331299,0.077454,0
13.772951,110.060092,428.032762,58.659229,1120.679346,195.349088,0.453313,0.470828,0.5058,47.370977,826.722313,25.731517,100.0,52.165307,48.126749,5.0,5.282719,82.316067,0.239737,2.03442,0
112.82571,314.384541,554.008982,46.862684,725.613659,162.160484,0.640893,0.232586,0.321508,405.956454,186.182226,13.889619,100.0,10.0,10.0,60.0,6.706864,154.784764,0.285244,0.177522,1
29.313334,220.564697,407.1783,48.233537,1013.029795,112.45313,0.449413,0.661841,0.649019,245.977913,227.247294,31.624687,100.0,43.484245,53.147702,6.638107,1.008571,96.154363,0.240614,5.02217,0
41.074233,144.987415,462.396253,12.04625,1696.364228,26.608547,0.48032,0.731065,0.724387,22.251401,215.203771,31.261458,100.0,35.136194,38.169772,22.891412,8.039256,96.036321,0.198658,3.293272,0
96.25321,276.421751,1000.0,29.771227,814.070601,80.815132,0.795063,0.518722,0.487,13.345335,10.372685,22.555462,100.0,36.396575,30.506384,36.620319,8.039499,149.638587,0.330285,0.928108,0
41.407262,82.401268,297.278299,25.393891,1489.668905,32.565028,0.239381,0.202679,0.177995,245.021216,33.415913,17.309375,100.0,45.191034,46.370296,12.274456,6.752445,61.231148,0.115346,0.444376,0
23.180556,112.361171,372.389317,55.972074,1179.685034,45.611795,0.435799,0.790882,0.733029,34.208111,46.15853,26.879445,100.0,23.787757,45.125636,26.729799,7.422904,76.346237,0.223545,0.580589,0
69.145434,209.447401,425.549965,40.412582,166.379003,58.865956,0.410334,0.697023,0.530232,332.33642,27.442015,31.23833,100.0,42.753271,15.961376,44.945842,0.0,118.90453,0.294622,0.620886,0
145.930078,248.069644,780.065419,50.251889,348.931485,108.730596,0.728846,0.656349,0.597712,325.342144,174.645268,23.359499,100.0,33.734867,40.513136,24.514968,4.804706,165.550148,0.361301,0.383865,0
133.236954,177.855961,344.116618,29.387781,483.202058,3.966005,0.386312,0.54917,0.707028,372.528368,164.28265,21.709806,100.0,17.532779,49.714822,34.845963,0.0,71.21649,0.151918,0.977484,0
37.940831,218.237328,319.326786,17.49813,472.582542,342.051799,0.605596,0.409495,0.429329,350.89289,131.900846,19.486796,100.0,30.971354,12.511296,59.397906,5.447762,141.767348,0.279194,0.380502,0
27.278683,166.409637,448.109657,35.502163,854.855127,44.574873,0.431145,0.528777,0.531597,6.649469,490.974974,21.893713,100.0,31.521196,41.265345,30.026657,1.900665,109.253678,0.229514,0.251914,1
33.032294,149.831555,251.182489,8.509949,1207.322024,137.933594,0.4522,0.763045,0.889814,155.52015,47.39359,23.03714,100.0,10.0,57.265814,32.130913,2.592704,108.821724,0.205085,0.203698,0
134.283787,363.622241,588.557753,50.519714,1527.579208,316.629921,0.731657,0.660537,0.594132,192.945929,162.948441,21.013837,100.0,21.209603,40.733749,35.58811,7.509133,168.077438,0.313352,1.152121,0
32.51496,215.268035,402.739622,39.741542,1054.087544,38.364469,0.522705,0.229816,0.086729,58.362866,401.996581,18.165568,100.0,37.355082,30.476515,33.744133,12.600685,120.286674,0.327608,0.222114,0
196.247521,205.127842,449.292804,46.694826,677.160222,174.097531,0.397155,0.342867,0.412196,26.473071,371.964566,33.903229,100.0,33.60684,16.092331,52.763288,7.489924,105.836196,0.134252,0.908613,0
95.317653,213.490609,406.578404,24.498928,100.0,304.122095,0.45931,0.674295,0.573242,11.401832,661.874037,22.533483,100.0,43.559373,20.402504,37.43709,3.843026,93.782235,0.261966,0.151292,0
62.840543,178.489152,221.88054,58.388391,935.294788,200.506545,0.249549,0.726268,0.640405,465.028812,243.993528,20.806298,100.0,46.150703,31.51938,22.140741,3.241925,67.314486,0.1,0.008912,0
37.375062,117.586187,383.435278,54.121662,912.885097,75.723694,0.627362,0.115163,0.093224,1409.515636,483.921745,25.165172,100.0,22.177848,50.426344,29.412135,2.083588,147.623001,0.314306,0.992062,0
69.915517,83.766223,313.547009,47.811092,991.464377,264.783431,0.40758,0.233141,0.16669,575.150781,74.861337,25.429198,100.0,23.882283,47.484733,23.740866,5.117271,89.922423,0.179559,0.113581,0
23.030268,79.263167,445.433149,15.705129,1953.120149,245.282783,0.4573,0.343416,0.404576,7.831729,283.64109,23.613949,100.0,14.676325,31.595096,55.922192,1.233451,100.557822,0.272175,0.056312,0
14.294487,24.794592,133.794934,30.669655,1520.298273,130.386926,0.392218,0.55356,0.46149,5.0,58.95468,17.159891,100.0,37.608564,24.76971,37.006021,5.104076,105.969802,0.315466,1.563297,0
96.018725,454.852025,492.992832,7.409207,1292.530459,16.666258,0.483794,0.561695,0.460413,205.626021,618.333899,23.942256,100.0,25.981727,28.221553,49.130163,0.0,149.658631,0.24664,1.313141,0
62.60951,165.069812,445.074337,13.485922,418.961435,2.831288,0.533474,0.83047,0.792302,253.397168,129.867796,24.868336,100.0,44.833662,56.480755,5.0,0.0,148.642208,0.333438,2.046941,0
115.918226,261.354691,533.868084,42.567692,643.502625,297.141438,0.624029,0.740619,0.716181,145.783541,680.385662,25.92711,100.0,43.407944,13.563267,44.835143,8.49566,136.379553,0.333035,0.284646,0
81.323411,125.332774,387.405399,45.961919,852.577697,115.76065,0.464033,0.193373,0.256839,412.105763,95.868011,25.585649,100.0,37.409183,38.255085,26.085867,1.607284,97.200931,0.265406,1.570248,0
36.815433,52.491081,74.922295,58.213035,512.296438,49.597163,0.153043,0.420037,0.344329,14.414481,774.128599,25.113605,54.404165,27.153853,29.272794,42.454876,6.036378,45.204957,0.1,0.747606,1
133.125936,209.075781,795.59725,22.920395,1150.232262,186.678441,0.86001,0.451102,0.449958,203.429013,62.437376,17.56208,100.0,44.017315,48.177992,5.55217,7.333465,176.608995,0.436509,1.578872,1
40.912146,108.930711,123.463228,25.375284,1078.454425,331.499986,0.141949,0.452194,0.46311,155.938713,158.09632,39.244523,78.10017,31.97312,34.038243,36.795398,3.435907,66.473216,0.151005,0.089075,0
161.03379,283.571997,321.220788,30.82557,355.846103,3.053111,0.484407,0.397336,0.321803,346.597539,19.79494,26.721064,100.0,34.640177,17.22077,49.111996,6.475272,128.268283,0.197482,0.155467,0
39.766104,118.320276,187.866255,15.420925,1498.408355,20.211675,0.231545,0.228562,0.251659,211.275479,330.070058,28.553384,100.0,10.715033,62.598291,27.515109,4.166543,78.226637,0.115108,0.043117,0
17.095396,425.741653,725.495031,12.145683,951.155167,150.136176,0.85045,0.251655,0.308093,204.82435,0.331233,27.664656,100.0,36.168282,40.771651,25.8266,0.0,176.607665,0.349925,0.522976,0
182.071861,389.502499,773.637764,31.163771,100.0,243.347726,0.862221,0.405721,0.3187,80.696855,387.027964,23.278887,100.0,32.474283,39.845521,29.538075,15.727352,185.877934,0.33841,0.676626,0
38.543768,305.830601,499.353788,17.480014,874.328571,171.396165,0.579382,0.401566,0.522311,296.432313,386.34086,17.997146,100.0,30.728919,14.888303,58.462624,0.780723,152.268041,0.275803,0.325722,0
41.056057,143.975641,411.505212,41.83977,1040.603228,323.117438,0.440759,0.626104,0.567872,184.291204,176.295926,22.681774,100.0,25.543943,31.995529,41.409252,9.295061,98.435528,0.263067,1.031281,0
17.931678,138.850134,242.709095,29.043356,1386.396181,15.87044,0.41657,0.137447,0.235935,184.064937,3.709762,18.249633,100.0,15.008,25.462562,60.0,6.922523,76.770276,0.214609,0.369267,0
58.418001,310.147365,395.170849,50.797301,731.261798,122.450713,0.493005,0.640284,0.785117,278.385034,440.546938,14.866388,100.0,31.338401,35.755298,36.914328,0.0,143.387671,0.263445,0.351857,0
20.477715,94.44219,144.353071,43.514581,1313.969134,126.48524,0.1,0.722489,0.669922,63.503528,682.662024,36.518172,84.718172,10.0,10.0,60.0,0.258502,31.192025,0.1,2.044597,0
174.569467,314.949456,581.811972,22.180165,993.570993,122.445801,0.512769,0.615149,0.589195,5.0,75.954217,28.872884,100.0,29.427245,39.223704,28.449315,8.839727,126.380968,0.311588,1.458189,0
46.726342,125.28667,492.553908,50.774289,242.472695,175.566928,0.535545,0.577165,0.627732,93.227963,130.435816,24.594549,100.0,25.751619,50.480127,23.475682,14.914693,113.59913,0.311444,0.202437,0
27.796987,173.595787,237.002918,49.26204,192.416613,284.607736,0.329425,0.559313,0.651771,56.646957,167.2278,24.39181,100.0,46.404699,28.38941,25.315773,8.740859,59.906507,0.300117,0.210841,0
67.134321,100.288131,199.525363,26.311311,1461.279935,114.437742,0.340312,0.86376,0.836688,141.321264,18.88653,27.644754,100.0,52.563208,41.532823,6.588235,10.294387,65.806232,0.147141,0.141364,1
286.496116,351.950313,479.80976,20.858046,1497.992089,268.013954,0.662723,0.507366,0.544814,414.928052,180.265314,23.220946,100.0,15.231374,20.573792,60.0,9.114018,147.475639,0.25426,0.461877,1
69.640682,192.385476,264.288755,42.537253,1061.454615,52.72757,0.383311,0.634457,0.571177,131.956729,134.634903,20.259774,100.0,40.599226,64.113274,5.0,12.626729,110.706857,0.148273,0.126669,0
52.491806,185.574984,413.452813,12.686387,1647.853361,201.860948,0.243,0.405712,0.451788,138.081725,333.256365,32.117828,100.0,24.634858,20.857511,60.0,8.516622,78.574953,0.226469,0.117751,0
65.840427,234.809703,377.060896,15.994951,1428.304925,135.031689,0.440266,0.478836,0.512852,5.0,748.40494,18.438707,100.0,26.732476,34.172009,42.929995,0.0,149.057549,0.163959,2.368162,0
120.298071,159.41977,566.051383,5.404925,1241.814365,194.115889,0.702724,0.319429,0.230717,165.60926,143.613172,31.041052,100.0,26.537789,24.337835,47.306316,3.053139,170.401973,0.303876,0.337594,0
112.302784,231.689384,336.769352,48.280841,444.344256,38.78991,0.397413,0.326966,0.40918,25.88971,83.908094,24.077654,100.0,46.253263,22.258677,34.177511,5.061851,99.205178,0.140189,2.163298,1
79.421919,104.282841,422.769066,41.566797,1765.714376,343.246625,0.479699,0.135416,0.251864,198.073745,441.311641,25.439559,100.0,30.691534,62.626123,6.573704,2.051146,105.197004,0.251727,0.094308,0
137.149878,219.116884,272.349939,43.784096,1168.150716,326.237082,0.282072,0.221001,0.295786,674.015527,19.082436,21.80339,100.0,36.603273,60.894149,5.0,8.848653,70.344639,0.189827,0.675826,1
68.889185,174.275499,289.945831,47.940097,707.080613,297.50267,0.441376,0.725918,0.706569,34.379166,594.211189,17.007819,100.0,13.576213,29.425158,57.968931,12.851194,92.116755,0.2577,0.075331,0
56.279851,150.569679,349.946696,30.240368,565.864997,321.401816,0.362137,0.779006,0.626102,109.030361,531.938217,19.479171,100.0,19.355219,80.0,5.0,4.314031,76.033377,0.20186,0.334586,0
67.673065,357.073305,586.301508,36.280766,1028.391891,52.807633,0.657642,0.320051,0.307873,435.594451,51.640988,25.707235,100.0,25.85769,55.242895,16.769653,2.901923,127.897097,0.252982,1.005896,0
39.988785,146.082747,590.635506,12.688835,100.0,181.339838,0.644895,0.252296,0.32204,503.844904,43.820029,18.669744,100.0,31.975735,53.884025,14.598967,4.468133,115.248672,0.33112,1.049378,0
122.195326,275.426215,499.000504,11.299154,1249.836638,114.447297,0.529572,0.609164,0.67548,5.0,409.392319,18.747449,100.0,39.351723,37.776155,25.138492,6.919763,149.127335,0.268439,1.288673,0
38.26641,161.300266,387.253115,41.762163,423.214593,319.458939,0.477575,0.531764,0.498929,265.318526,60.982278,28.210539,100.0,25.520128,56.730114,14.443641,6.713256,116.573141,0.249581,0.713017,0
7.052245,108.287216,194.332792,30.910291,1085.304054,68.197566,0.28535,0.611808,0.750464,153.790222,90.34489,26.320139,100.0,47.379674,39.683691,17.102853,0.0,43.637715,0.135832,0.330322,0
85.811587,231.576197,327.370074,36.087986,639.189831,79.180328,0.505996,0.428957,0.579488,201.310819,103.070853,16.077733,100.0,28.941889,21.911771,51.847451,11.258005,111.92089,0.277156,0.317423,1
32.697771,148.10921,274.439457,47.074937,767.790644,247.217204,0.400945,0.774651,0.758949,128.019595,231.405628,30.966603,100.0,24.363354,37.36472,35.329075,0.0,106.355578,0.261938,0.324636,0
114.282799,222.75637,400.779074,39.909508,521.545064,32.003877,0.544634,0.900324,0.829547,42.482057,594.461916,31.496149,100.0,41.443306,30.60764,27.934332,2.723497,113.671509,0.228839,0.628641,1
63.092457,150.748605,316.799218,35.446867,819.385284,263.652184,0.292888,0.810983,0.738192,425.716501,78.562155,22.33507,100.0,39.754212,17.982218,44.977335,8.652793,83.726681,0.115095,0.301497,0
121.523972,195.474955,425.968009,35.756394,1844.689773,96.525824,0.379411,0.784396,0.756695,183.542689,732.801683,13.617358,100.0,12.192638,53.924595,37.45366,12.180516,60.722505,0.250178,0.241033,1
7.997949,74.251336,489.199796,21.717255,1592.529814,237.936731,0.522091,0.598161,0.502404,5.0,265.112571,15.465258,100.0,49.405838,40.55432,5.984498,1.278224,80.371627,0.172906,1.332256,0
37.997011,146.623976,330.458481,6.694981,1077.239477,314.293603,0.455835,0.607855,0.622962,419.235667,189.811503,20.502713,100.0,25.96408,36.670332,35.414563,0.437463,93.393436,0.189334,0.87408,0
26.915794,130.118815,423.247177,29.019456,887.352867,219.460094,0.512907,0.803024,0.833317,698.876376,191.464976,31.046879,100.0,29.556373,65.829812,7.723954,1.699709,111.108184,0.221352,1.228998,0
300.0,546.891342,641.800741,16.802157,1322.100595,76.566144,0.570404,0.505213,0.509332,214.773291,327.304268,24.80971,100.0,22.261766,40.540691,33.793198,5.667395,164.893231,0.236818,0.075706,0
43.977432,73.849817,526.049853,27.469075,1464.985197,17.699589,0.625199,0.787975,0.764348,355.665807,452.419177,16.580328,100.0,27.198326,57.671693,16.936571,2.151418,92.535916,0.335502,0.51536,0
13.949075,317.810562,497.321035,51.937169,485.090809,16.06103,0.459939,0.99,0.761723,146.540845,74.431041,32.686352,100.0,13.041424,21.054933,60.0,1.766585,119.557374,0.29873,0.994037,0
84.562002,124.650915,572.444955,17.866672,861.280566,31.972278,0.653963,0.624592,0.64034,645.971407,86.733884,23.636694,100.0,35.156767,25.323463,38.903011,1.147285,144.421834,0.359017,0.646503,0
24.661845,125.040063,275.231062,8.206651,100.0,208.734448,0.362602,0.847446,0.833114,38.85493,141.339111,28.758643,100.0,24.913892,37.97773,30.073524,1.344437,67.444719,0.160062,0.177178,0
130.934943,264.971911,398.575518,20.476114,1461.551055,125.358427,0.416277,0.927723,0.788733,269.208634,510.161352,22.029047,100.0,28.451979,39.521015,35.227015,6.593666,108.29512,0.300266,0.1409,0
147.172997,195.261306,308.841366,21.147657,1932.512129,87.518512,0.308917,0.659251,0.614902,59.072855,259.175355,12.405128,100.0,42.70632,42.742379,12.339258,9.636435,87.610142,0.123913,0.769464,0
27.176331,66.442657,142.502941,41.405408,940.041312,78.950361,0.234446,0.447539,0.581912,308.634252,100.384586,13.369769,79.560325,36.848216,54.030038,7.334123,4.810282,72.49509,0.1743,0.009262,0
33.608979,125.971166,460.489687,35.636768,100.0,341.489351,0.499721,0.840182,0.702658,223.637574,128.740281,18.906904,100.0,31.782949,80.0,5.0,4.753458,112.193726,0.264181,2.42333,0
78.513174,234.397642,333.608843,48.114402,1204.445258,42.773967,0.278911,0.660919,0.634989,561.695377,463.806863,25.775257,100.0,53.468291,12.180715,34.36804,5.712522,84.585343,0.253387,1.063001,1
133.777315,318.173087,543.813987,41.537245,447.955417,109.733188,0.622449,0.353745,0.580782,13.690275,46.635942,26.529641,100.0,18.942688,28.198817,52.859869,4.127798,139.732066,0.323032,3.195703,0
85.757413,120.118242,189.548933,27.351277,568.325279,169.731814,0.376785,0.629718,0.662275,38.920452,145.199747,35.118992,100.0,32.548394,44.40021,22.607697,5.031983,87.856646,0.29636,0.31372,0
44.041618,133.596187,663.625178,49.771121,1213.288195,0.161829,0.750139,0.281941,0.339573,159.152284,23.083376,23.829906,100.0,45.789761,69.233407,5.0,8.111684,172.666252,0.299055,0.667785,1
17.212722,38.248855,377.750767,14.183511,1027.277063,331.543147,0.452592,0.683076,0.72104,506.298588,58.113686,23.373697,100.0,48.587142,34.366286,15.179176,4.788706,73.931201,0.281212,0.117689,0
208.781949,257.845984,583.102005,6.249164,655.945612,35.675493,0.550643,0.438921,0.441738,99.493525,64.965948,18.127185,100.0,15.534691,37.640369,48.605212,4.417793,112.249081,0.329692,0.005301,0
87.371181,305.90205,507.117317,9.952632,575.197184,245.689416,0.543944,0.751602,0.693795,461.483505,370.84113,29.456381,100.0,23.73818,31.408626,42.019732,3.86748,135.35093,0.297635,0.278983,0
240.228788,369.086462,534.70763,44.729764,962.918028,226.391572,0.541355,0.716716,0.61534,176.02977,452.509703,32.667892,100.0,44.336659,46.443972,7.262182,13.783915,117.922125,0.228342,1.898846,1
97.219429,149.831478,269.859629,30.403248,695.267224,291.262988,0.341811,0.725601,0.62131,143.200927,634.148948,20.200528,100.0,26.688795,37.497156,35.962407,7.330911,64.588047,0.18605,0.043568,0
218.628259,423.886046,866.850749,13.869948,345.381433,234.499583,0.930467,0.809992,0.681769,553.261343,795.106321,23.249041,100.0,32.458965,51.039132,18.369394,5.072672,200.0,0.437169,0.052633,1
30.772256,89.75886,141.892118,32.557463,733.718409,276.97947,0.209806,0.77782,0.793827,193.44914,156.686279,26.065787,79.889652,26.491825,57.560015,13.682838,0.0,62.494958,0.192022,0.397884,0
32.998938,131.761946,402.21115,13.377166,1069.796312,151.649499,0.258146,0.376823,0.54398,266.403485,17.406489,19.122797,100.0,31.696946,31.868057,33.978136,0.0,79.351253,0.122563,0.833772,0
54.460984,71.309111,173.955736,43.297621,810.948267,175.933618,0.327817,0.209885,0.410116,520.720405,117.671742,13.309307,100.0,10.0,53.244092,35.87959,11.170099,74.354405,0.137961,0.520194,0
28.456086,81.231428,150.369085,29.538595,193.245701,252.598357,0.267534,0.638716,0.576789,123.898766,372.332001,24.821886,100.0,27.634549,25.935203,43.741155,13.459501,81.451108,0.237292,0.822982,0
11.489372,132.227798,272.582861,25.956167,1394.532311,204.63362,0.346687,0.470798,0.4756,330.896309,165.135759,27.416338,100.0,31.201772,41.480744,26.94041,6.558899,89.269342,0.250817,2.83424,0
36.327329,153.107205,295.064998,21.583165,100.0,184.153878,0.233368,0.736186,0.616401,41.812756,65.545456,18.374631,100.0,26.942729,27.187198,39.131659,0.480283,55.289033,0.225885,0.027161,0
96.172506,170.013865,403.735365,39.665543,676.817422,74.001026,0.359943,0.494256,0.457164,337.685531,5.091744,23.873978,100.0,33.181866,11.373784,59.944015,5.413566,96.956211,0.297829,1.470257,1
19.554576,111.340478,473.031636,24.899694,589.900773,92.918974,0.430538,0.619411,0.759754,109.216095,204.325284,36.354996,100.0,17.358893,52.667666,29.757417,1.191431,85.813732,0.238712,0.053437,0
21.958625,185.731627,347.456414,9.820746,974.089439,129.059007,0.336968,0.087483,0.135835,378.089411,527.83689,30.594092,100.0,34.968609,21.562735,38.087075,1.451525,83.786282,0.120507,1.324643,0
38.507244,125.060661,164.765591,11.490325,1180.830904,3.342379,0.191039,0.281137,0.246893,11.952654,1110.522307,26.998776,100.0,50.134145,26.1104,22.006656,4.523113,51.66231,0.219659,1.87824,0
25.427018,159.672909,256.565334,57.904372,1463.382404,150.250842,0.199909,0.429487,0.518564,681.177999,325.658754,20.75353,100.0,46.208815,32.191259,21.755289,8.00927,41.936246,0.143313,0.86656,0
40.530454,105.2832,265.460582,54.971938,543.797563,0.996651,0.540807,0.515298,0.394887,618.460329,139.66699,27.760151,100.0,39.739766,68.367677,5.0,2.54199,121.851353,0.35572,0.918995,1
57.944111,155.739132,285.891685,43.483892,1193.291169,203.405557,0.493217,0.522667,0.557909,365.507656,485.453348,14.145054,100.0,34.879271,63.966383,5.0,7.283602,87.888396,0.211528,0.564606,1
21.01182,36.552307,307.224925,19.622848,997.909194,253.450357,0.388858,0.469297,0.495046,30.171924,154.604664,23.370211,100.0,24.158916,11.088483,60.0,0.0,82.491594,0.264838,0.307824,0
39.32717,107.889993,335.38318,58.304701,100.0,202.373507,0.38171,0.293309,0.421655,467.740178,654.830145,20.831282,100.0,26.547953,18.178603,57.81168,12.357223,52.658572,0.16144,1.167862,0
62.388746,168.340392,469.980457,47.8313,1850.270128,249.66719,0.682136,0.678271,0.515247,107.484898,235.274454,28.475493,100.0,41.503584,68.01689,5.0,0.915213,154.144571,0.393521,1.801809,0
29.57636,123.323846,147.331874,44.42896,180.612436,0.004741,0.387609,0.521058,0.536696,114.454809,535.194669,10.898305,88.46172,30.403736,72.969239,5.0,5.586804,91.839177,0.138768,0.004435,0
17.205992,81.893717,424.43084,29.714883,1109.748636,21.39911,0.386774,0.524184,0.500938,740.363193,174.960438,39.035941,100.0,55.245259,45.654474,5.0,6.024093,82.485265,0.219069,0.182314,0
31.72158,75.944148,119.149136,19.973286,1094.979972,251.446479,0.226044,0.502998,0.564824,181.236838,599.150623,21.323671,95.956143,12.777477,40.195455,42.892931,4.550198,60.6826,0.153883,1.388232,0
46.272302,154.749324,412.053732,10.301503,1037.818391,289.044053,0.432005,0.62941,0.660985,850.385745,232.784359,33.660078,100.0,29.697336,37.001257,30.494154,5.433023,104.749801,0.199073,1.314115,0
10.761298,102.211373,500.134964,54.643132,652.711559,258.372566,0.498179,0.355714,0.33111,15.089926,162.32958,28.337745,100.0,25.824233,34.489775,41.832263,10.813977,112.972569,0.253872,0.589478,0
97.294956,222.558894,255.60933,30.067696,1313.626326,238.684407,0.300721,0.568986,0.534291,39.755059,391.636544,25.922678,100.0,40.527523,18.030996,38.334806,3.583143,99.390075,0.148219,0.540904,0
48.475655,105.925388,126.711161,16.129985,119.816263,254.657759,0.199138,0.488892,0.4428,806.431355,75.541344,25.411043,90.451883,42.879641,51.237821,6.603195,4.744028,77.492428,0.135057,0.39609,0
31.888579,179.089025,345.808567,21.827614,867.085606,266.252373,0.415011,0.709172,0.628285,294.352453,258.289108,24.440728,100.0,17.837502,22.917799,54.867989,1.280654,128.8319,0.232641,0.289019,0
12.965766,51.479491,182.299014,36.857076,618.062662,260.775899,0.276594,0.634931,0.579474,462.329038,355.04548,21.081143,100.0,17.240697,48.448637,36.27334,8.948182,69.651423,0.134111,0.228786,0
88.009816,115.043884,177.990623,14.722503,561.351029,265.683052,0.39511,0.692677,0.649042,131.914386,492.73871,26.519221,100.0,23.489363,38.550533,36.989723,4.127589,79.846791,0.213057,0.745929,0
148.236765,367.994742,388.908347,52.113786,1114.373894,26.647095,0.349883,0.668422,0.721052,20.954753,164.119022,22.777376,100.0,38.040697,55.519352,7.600837,8.337373,110.357811,0.238284,0.296,1
37.729854,78.3669,425.365924,46.718574,1438.739271,22.777759,0.558253,0.589382,0.607436,69.200369,325.338815,27.274183,100.0,36.80394,27.0298,32.359883,4.815341,77.363812,0.230823,0.555356,0
225.727577,334.87581,401.129717,44.570463,728.372119,130.00318,0.333459,0.67493,0.773133,247.693547,151.949561,26.458988,100.0,14.057045,17.579433,60.0,11.611594,84.430907,0.201326,2.779289,1
59.993292,139.65306,928.181948,28.765117,1290.340545,189.934817,0.912639,0.622406,0.662391,38.045762,67.466053,21.589771,100.0,35.231632,21.815995,48.637339,4.637227,174.056104,0.344992,0.496469,0
61.83222,285.009773,355.948236,39.501986,924.870333,274.542859,0.506891,0.813347,0.779194,23.945668,364.146564,20.970109,100.0,33.741779,37.65531,20.860936,5.422536,116.37019,0.338839,1.514376,0
118.319748,269.376079,345.081569,37.125388,453.633895,120.494815,0.450222,0.563091,0.531003,122.11481,261.884911,25.597623,100.0,31.353735,35.514266,36.873368,5.486762,122.841044,0.258166,0.014457,0
91.587809,119.427422,131.431989,40.741563,771.023953,99.042148,0.18008,0.777612,0.724599,68.677897,49.532137,26.522052,94.111642,38.474629,17.482597,44.429679,5.574678,56.308639,0.1,2.238319,0
19.415205,285.540411,351.602001,9.644438,750.257055,281.321391,0.427341,0.928279,0.810579,153.763671,1235.189482,21.031072,100.0,34.499898,29.46938,37.403935,3.026178,114.349321,0.321501,0.633281,0
36.44732,223.337286,310.380465,27.869407,551.670044,89.761267,0.529052,0.231423,0.336488,525.021339,212.921008,17.947176,100.0,32.88984,39.25768,29.051469,8.388559,116.057387,0.283259,0.95703,1
133.47771,206.009513,377.356136,7.28878,1114.241464,295.502896,0.361583,0.456002,0.605356,143.303687,17.924355,25.521093,100.0,44.829904,49.308995,8.543393,6.737445,101.121906,0.162867,0.058445,0
93.007804,131.166115,388.70283,32.169495,1017.323094,63.768078,0.487053,0.316729,0.337767,555.523436,38.306118,26.120672,100.0,48.813535,37.635021,11.707811,4.136554,97.538745,0.372742,0.036717,0
227.169543,341.665732,456.089987,23.142367,104.675151,129.410468,0.584185,0.525426,0.407453,98.490456,29.738655,24.695141,100.0,27.490117,49.225382,18.720912,7.194008,121.632622,0.276717,0.490293,1
82.311433,201.299085,456.769646,12.94883,100.0,144.387219,0.449452,0.84242,0.727065,5.73605,15.067924,23.432545,100.0,31.299042,38.675516,27.985769,10.80306,122.895912,0.156738,0.534579,0
95.443543,113.86776,597.901952,10.687163,1112.342227,107.823761,0.781754,0.456929,0.441042,835.419693,69.155722,28.763567,100.0,39.392186,38.769706,19.41532,0.0,156.620682,0.415593,0.035324,0
31.621542,140.518979,285.615128,37.320451,492.356786,1.208489,0.550095,0.716558,0.739374,279.736101,137.715319,18.163123,100.0,29.926335,46.004921,24.08385,0.0,124.692786,0.287568,0.872962,1
146.591069,323.593061,442.961326,14.382613,1051.020578,84.783333,0.58592,0.663907,0.642983,155.25276,336.290995,18.972023,100.0,39.657837,18.92588,41.338453,3.127689,167.080782,0.35327,2.363301,0
4.319408,109.128464,184.886909,55.881607,1290.465789,121.555281,0.366769,0.488048,0.39842,42.551797,233.672942,20.561163,100.0,33.422756,68.189262,5.0,8.053184,68.703547,0.214834,0.049487,0
70.839822,163.923056,338.446962,36.958363,264.523581,112.904962,0.21481,0.611763,0.674104,213.248844,20.113775,23.29999,100.0,40.53892,39.24012,18.11217,2.287278,82.397182,0.119969,1.088749,0
97.62772,182.787344,621.821974,24.077839,194.231373,282.799979,0.496456,0.764437,0.810115,480.064039,118.074152,20.189184,100.0,39.382291,36.591939,26.017019,1.934967,115.710025,0.19398,0.078794,1
78.103058,130.174956,298.682191,37.500352,1737.215841,17.052395,0.345435,0.558479,0.550833,182.514776,1005.350724,20.316078,100.0,31.075782,41.985795,23.721433,9.887453,60.96607,0.162067,0.026767,0
60.406845,261.077642,522.990208,6.254213,1075.785391,140.021532,0.478766,0.619783,0.530232,400.009536,188.814604,29.438775,100.0,41.86421,56.228145,5.0,0.0,121.536173,0.212724,0.077696,0
54.916342,130.558818,306.086681,57.720757,690.379672,13.505564,0.422761,0.624508,0.557683,175.309362,217.781936,23.5048,100.0,39.8329,44.654537,15.338843,9.67279,106.070214,0.147275,1.905795,0
62.483995,176.913087,342.084532,31.526689,433.029774,335.033124,0.10604,0.575427,0.733041,247.986319,952.712337,28.812426,100.0,57.505506,48.194796,5.0,10.201698,37.700852,0.1,2.148727,1
22.744334,54.730489,760.971656,48.050437,644.779576,284.475397,0.808767,0.959251,0.892237,29.854256,157.668628,24.028282,100.0,11.799625,39.422447,45.756138,8.343162,138.36294,0.353962,0.547523,0
77.788211,168.507377,392.320114,9.55015,304.713832,353.578176,0.415898,0.643822,0.644973,720.884195,197.360601,19.72633,100.0,39.32682,20.703461,44.137149,4.969108,93.126749,0.210585,2.710755,0
31.96214,170.603881,489.19186,31.766208,1341.706087,327.657791,0.461633,0.820526,0.769602,643.316885,368.890841,30.643349,100.0,43.472745,10.0,41.288114,7.364187,91.803156,0.1,0.537176,1
37.759189,112.073998,357.840077,31.988885,511.624423,113.692598,0.594824,0.594544,0.611792,18.989289,309.341893,21.577082,100.0,56.501055,51.272324,5.0,15.167972,132.844867,0.232616,0.835848,0
20.165967,96.099341,267.56892,56.580455,1446.767294,248.970028,0.296627,0.654219,0.614272,61.095969,228.109945,26.031906,100.0,26.336484,54.144977,19.104046,6.111085,97.894051,0.175328,1.296781,0
300.0,397.631339,417.104669,36.445043,699.68554,110.359471,0.292863,0.378213,0.374488,327.50409,1015.709509,28.409355,100.0,33.222256,18.830316,47.148337,11.711542,95.98876,0.148299,0.281652,1
73.546836,208.47753,319.778342,31.041917,378.324908,319.756028,0.417508,0.744405,0.787945,48.20908,152.203035,22.864452,100.0,26.933362,16.928925,52.262285,14.035897,100.932047,0.251898,0.094007,0
15.959643,124.310039,556.66851,19.683661,686.849206,147.871033,0.611385,0.585658,0.646345,36.425817,154.527208,22.481058,100.0,51.552004,19.268532,26.85791,0.990126,128.189621,0.264625,1.342907,0
67.576367,396.397717,433.386106,23.236295,100.0,135.319515,0.450984,0.840614,0.855931,25.158333,261.738425,19.29722,100.0,23.533593,27.740872,55.689733,3.81269,143.808125,0.231946,1.600997,0
145.412251,365.328158,465.000144,33.636982,839.615712,329.064748,0.730379,0.486952,0.590513,113.48105,355.659428,24.623722,100.0,26.611419,22.727167,53.934115,14.823023,143.05937,0.354588,1.025843,1
77.110592,140.978058,242.119352,29.14013,814.940404,301.226504,0.326811,0.716386,0.751802,448.633172,533.76738,19.39731,100.0,15.994963,39.218667,47.801122,9.300809,86.051004,0.24266,1.001208,0
59.095167,252.678838,585.52559,6.188664,1312.371373,347.908879,0.699176,0.426464,0.452191,26.693774,753.347692,22.331541,100.0,10.0,39.74992,52.380278,0.0,139.776845,0.327435,0.104132,0
29.519089,47.609758,492.551831,50.446056,100.0,23.935711,0.550976,0.507456,0.424537,30.262237,305.447207,21.835257,100.0,32.074887,37.819272,30.896084,6.242675,107.186964,0.185465,0.822402,1
77.210656,156.556515,212.035746,54.288842,1480.93318,87.601996,0.407287,0.470036,0.416968,17.873754,37.977569,20.575133,100.0,30.875689,28.573185,44.899139,10.154346,94.265889,0.291441,0.359599,1
109.33813,135.116525,289.090225,12.7137,1310.299647,108.308789,0.312639,0.490369,0.329344,123.458136,6.253793,25.567628,100.0,29.461235,22.345145,48.865733,4.829359,91.638563,0.238981,0.468573,0
110.225767,255.401792,581.618927,35.471988,1526.021782,152.766742,0.488034,0.407521,0.541739,217.053103,22.301526,30.826074,100.0,38.714014,13.174262,55.217501,6.27561,123.27665,0.199369,0.311952,1
71.580767,145.917078,251.821252,10.971666,873.639312,170.326817,0.390622,0.196467,0.216998,356.554959,71.313129,28.645362,100.0,40.458012,27.600725,35.797957,0.0,86.217023,0.229565,1.725868,0
71.403093,107.593787,367.286736,41.973205,1406.948417,104.930074,0.442121,0.761425,0.662797,87.319551,215.254319,12.317016,100.0,24.445793,46.857035,29.801954,8.825903,93.087229,0.18784,0.494475,0
162.93663,328.550973,476.809941,20.467858,164.377983,284.562152,0.584811,0.793702,0.771745,29.450184,37.251224,24.218234,100.0,32.689064,10.767488,58.538946,15.396902,146.944317,0.25849,0.454459,0
150.885437,191.568458,791.157984,41.268245,1256.523783,80.367892,0.710813,0.59888,0.616323,5.0,1403.735928,37.285545,100.0,30.717789,35.583235,33.56619,9.78849,131.26424,0.363891,0.55469,1
52.324031,207.512601,320.624361,44.984704,514.418619,250.746233,0.42055,0.547615,0.622211,43.233968,1154.930514,24.527583,100.0,32.037533,19.761242,53.476374,9.814875,116.067519,0.236724,0.028146,1
213.695431,330.640267,619.665348,47.275612,100.0,306.636594,0.467288,0.496918,0.441375,287.431754,401.860275,21.99174,100.0,48.43766,15.873709,33.987875,6.661481,98.380719,0.259719,0.371405,1
16.281229,101.1075,228.390484,10.925752,337.929741,217.331366,0.246153,0.728476,0.713558,180.591321,19.986763,31.647659,100.0,36.537548,52.162016,13.332801,0.0,101.904476,0.187729,0.797868,1
74.149606,254.436247,449.796502,55.380651,902.765569,127.497213,0.411861,0.283677,0.31072,65.243666,88.499006,23.824303,100.0,43.39783,56.430077,5.0,4.089652,129.16565,0.294202,0.23727,0
80.146544,127.683165,188.813156,17.661769,487.850396,67.640847,0.310087,0.481117,0.400437,43.664655,304.82226,31.00236,100.0,29.734962,44.726764,23.215793,5.950374,80.727853,0.221693,1.257227,0
27.879903,49.017678,310.301949,7.057691,1088.036766,48.36463,0.315335,0.875249,0.696177,83.485242,148.912305,22.973379,100.0,19.491349,17.716829,60.0,3.17568,79.747185,0.191585,1.685329,0
12.649032,51.188117,417.374645,35.516886,100.0,267.902906,0.317486,0.169767,0.240843,55.652924,534.581767,26.474225,100.0,43.791077,50.133798,5.0,0.0,67.121707,0.174316,0.202536,0
28.490366,354.639299,406.745477,25.400726,100.0,168.887519,0.388909,0.447524,0.400867,27.301486,168.292217,20.165253,100.0,40.038531,48.654792,14.041826,2.603968,111.237444,0.207911,0.453293,0
125.938866,178.531232,273.719917,50.638436,1586.193717,16.675038,0.392511,0.024473,0.013389,12.48032,9.195549,29.964686,100.0,26.775391,68.764232,9.172814,8.387416,102.702412,0.20081,0.211276,0
128.657163,199.900881,542.061714,49.453831,1351.900065,354.182222,0.573861,0.640645,0.588684,296.678957,268.292246,23.683094,100.0,30.00223,28.265538,40.208565,9.561339,123.618014,0.285058,0.903509,0
104.925204,356.836361,491.66971,22.442639,375.351582,241.669146,0.443411,0.79414,0.688498,327.645082,82.41856,24.762196,100.0,38.017761,42.831609,18.126629,5.979166,115.283467,0.169494,0.329676,0
32.497049,103.818566,265.287654,57.409467,898.500178,303.905719,0.409416,0.909025,0.795252,587.921374,120.231769,29.591013,100.0,35.982506,22.581413,40.922237,9.867884,103.992684,0.224414,0.009595,0
129.83434,277.757375,348.226566,21.000481,1409.75353,157.747922,0.552533,0.291255,0.33113,120.863121,239.917943,26.745842,100.0,30.610612,10.0,60.0,0.755665,126.505258,0.335622,1.274376,0
34.660833,305.054646,676.293642,33.328142,1109.600304,343.957903,0.765732,0.454885,0.587567,512.712919,70.083533,22.96251,100.0,19.963694,10.0,60.0,12.045028,166.183087,0.349503,1.326111,0
77.763366,209.981707,271.216816,19.07808,974.111548,71.829008,0.1,0.504445,0.511935,74.763304,342.021082,15.653571,100.0,53.014422,37.793695,13.177245,0.0,53.035092,0.112281,0.37002,1
62.166995,158.05813,319.448015,56.482396,1447.577041,66.649004,0.395246,0.496814,0.50382,66.868493,132.615614,23.325361,100.0,31.912804,25.011227,46.666164,11.352204,95.689414,0.13255,0.511211,0
44.621507,213.81044,325.324217,14.05343,534.643762,320.520505,0.362342,0.409408,0.629621,111.947052,34.51992,21.84288,100.0,44.64564,45.222871,11.319148,9.006509,95.999715,0.136484,0.250915,0
101.06596,113.31495,409.153845,7.470084,915.589224,321.018143,0.244207,0.417756,0.336706,258.154508,104.139627,24.090091,100.0,10.0,47.242492,36.760113,0.654436,50.557878,0.100544,0.095186,0
116.524515,187.141695,901.644534,28.930338,891.075681,179.647015,0.737356,0.583008,0.625012,1194.099886,436.923039,22.72824,100.0,18.416431,37.206084,43.816537,14.129966,115.551111,0.320345,0.046929,1
30.684839,252.996842,293.613317,59.580656,763.618976,45.283088,0.429478,0.199893,0.204025,640.934163,241.248044,31.507397,100.0,44.134041,12.141482,46.549411,5.884699,103.377558,0.210158,3.024357,0
65.216704,118.352552,224.101873,54.04225,705.097244,109.877925,0.309054,0.816661,0.862325,290.569285,140.002429,27.202307,100.0,29.955364,21.191835,51.629693,6.242253,88.947119,0.16263,1.189896,1
112.060514,118.636559,251.358516,46.173441,936.434119,271.494842,0.321718,0.448505,0.465106,87.706405,361.379723,21.902168,100.0,43.593768,40.750941,15.110775,11.159172,91.525965,0.194819,0.597795,0
1.81497,109.799914,168.768859,53.993587,917.203748,304.557087,0.178444,0.552049,0.449948,302.485047,815.899756,28.154152,100.0,25.50347,42.360313,26.571915,5.868968,59.136352,0.200016,0.725028,0
86.021925,235.130395,409.436373,54.139565,375.786179,125.155709,0.556249,0.847262,0.840516,192.485907,230.615948,32.626517,100.0,30.544347,42.587409,29.565774,5.580326,111.672944,0.306188,0.485415,0
113.804328,191.635859,505.185355,33.53721,1300.897955,22.044125,0.406427,0.663669,0.493948,889.264379,154.136172,20.173307,100.0,23.637374,50.853884,22.916099,5.370129,75.231582,0.304483,0.449429,1
89.032409,239.457993,448.548127,22.376098,411.807396,239.661605,0.392473,0.486678,0.436351,130.427389,100.294368,22.622048,100.0,42.760235,33.133521,21.524042,6.137262,109.611475,0.136435,0.008449,0
92.335702,209.839359,475.9227,47.460684,790.883278,266.218935,0.472759,0.768734,0.712622,253.122984,106.716828,19.928486,100.0,28.346662,40.346179,34.438938,4.784401,130.717129,0.256474,0.241128,0
58.508218,552.128216,652.468026,41.391369,752.359764,152.645283,0.502024,0.690569,0.706906,170.762597,151.433433,26.193057,100.0,41.142586,45.921917,13.462611,8.051014,151.686601,0.24147,0.832789,0
108.06791,279.348312,547.447806,25.551175,1079.051806,209.91514,0.477165,0.717756,0.722558,407.39489,265.650422,36.50326,100.0,48.58902,52.479018,5.0,4.011587,144.12277,0.278243,1.109989,1
18.828627,136.409702,340.672321,10.195667,100.0,355.453739,0.495729,0.669348,0.586751,42.384316,629.40577,31.093961,100.0,29.783227,36.780108,29.336864,0.920206,118.849469,0.217402,1.099856,0
28.64609,44.238416,111.902411,46.073429,1345.454907,88.199496,0.110688,0.654866,0.55989,556.893349,102.317311,22.090344,73.80949,30.978365,36.221779,32.57037,3.751102,37.432384,0.124817,0.337834,1
91.12405,147.864514,329.070472,19.435328,561.504826,206.27197,0.457798,0.517262,0.495948,33.447883,23.395374,27.839716,100.0,26.323778,41.921511,26.821515,0.0,85.755656,0.216342,1.484024,1
108.330703,149.762909,261.643413,56.524723,1509.981647,219.945749,0.385892,0.546479,0.501934,56.636495,197.228329,31.396945,100.0,53.837549,37.744238,11.523636,7.045013,83.125013,0.236022,2.080137,0
146.091986,393.628142,1000.0,18.253382,660.917538,197.678591,0.933156,0.644668,0.655869,223.785971,21.236432,14.236495,100.0,30.81645,32.635321,39.025583,8.112279,165.560235,0.468477,0.429443,0
191.931162,228.956798,556.12584,11.751686,875.578207,312.886641,0.430814,0.729525,0.711925,497.950538,82.299607,18.011346,100.0,29.413044,26.841246,40.879718,13.822349,113.110242,0.129789,1.160504,0
32.92044,109.780344,305.747444,50.711197,1856.89302,217.802711,0.366227,0.197936,0.190958,698.92413,26.445899,29.589065,100.0,19.76125,10.0,60.0,11.953639,89.789244,0.187843,0.342126,0
22.323673,149.610024,560.820341,13.430637,761.330896,182.840408,0.365616,0.422784,0.419624,165.331772,28.193257,15.162151,100.0,25.891593,45.550088,30.411776,3.061649,102.342994,0.293499,0.41223,0
123.827543,189.01404,461.37162,14.859757,1519.424942,44.28541,0.439276,0.787849,0.707703,282.767978,86.832094,24.430349,100.0,27.14917,44.428962,25.460829,5.59557,101.605578,0.282976,0.855141,0
42.917192,116.605688,185.194792,37.966054,919.522543,253.155312,0.281741,0.755987,0.759993,16.552635,88.888033,28.35431,93.17455,44.052798,41.221043,9.56938,2.509092,64.807991,0.206842,3.165681,0
60.483287,178.064557,668.236546,53.100912,1107.709415,47.55865,0.754955,0.670726,0.721052,291.367073,452.415977,25.929724,100.0,28.71144,43.561231,27.613479,9.790205,151.795913,0.301043,0.361423,0
114.764689,167.878034,223.000501,15.803907,934.979295,9.565162,0.274376,0.612904,0.634456,85.907262,153.504537,23.435001,100.0,28.046991,34.347336,39.930958,0.461179,72.550971,0.138681,0.945234,1
74.034671,181.631657,633.70229,22.067802,1323.925813,175.871219,0.57785,0.446799,0.469701,143.353024,125.497011,32.253048,100.0,40.415922,66.936043,5.0,1.375593,136.131886,0.288876,0.621929,0
105.543207,271.059592,478.933876,47.757266,557.234194,206.080298,0.438292,0.750506,0.715229,19.023032,8.547031,29.008599,100.0,32.315064,51.178526,20.539978,1.471098,132.840382,0.227065,0.463341,1
30.038911,89.903166,263.811504,58.450453,407.975738,359.659462,0.27741,0.486219,0.530868,107.498215,272.989428,37.234866,100.0,20.053698,68.105494,13.052999,5.913856,61.533469,0.119009,0.71118,0
80.917963,121.018962,219.338977,32.540765,580.711905,256.437646,0.348851,0.571545,0.481512,206.512808,338.190733,17.281724,100.0,49.074279,26.457186,28.362913,6.594139,106.196452,0.177969,1.661215,0
79.605619,362.012084,577.527082,12.914363,949.855188,305.492515,0.625907,0.653313,0.674859,215.97038,278.135734,20.840387,100.0,25.93054,36.129204,34.799933,0.0,168.407233,0.419277,0.378483,0
144.250792,429.265238,690.649174,5.766496,789.590607,124.699694,0.68485,0.655979,0.530446,538.173311,333.960686,23.606514,100.0,35.123792,36.129899,25.732408,1.695109,160.09035,0.340137,0.009193,0
167.74358,260.65027,507.75775,17.631082,1255.137438,183.209286,0.594598,0.556157,0.554075,130.282864,50.182508,31.809194,100.0,36.93424,60.254216,5.0,9.212225,138.413499,0.210675,0.270514,1
42.08022,147.383398,353.282833,12.250222,1552.36585,350.736837,0.400344,0.567083,0.524817,247.492982,191.00021,28.455126,100.0,10.0,10.0,60.0,2.434861,88.658632,0.304247,0.135361,0
25.086955,129.722462,287.078385,42.271227,412.080831,150.259879,0.210532,0.549238,0.469741,575.269467,202.6553,21.567183,100.0,28.409126,46.912834,24.893204,1.313324,60.182919,0.123768,0.79131,0
110.227577,180.258271,462.890473,11.700788,533.025604,290.624553,0.382424,0.767255,0.669367,82.705771,49.973697,18.128702,100.0,25.516124,40.550921,33.354287,2.603676,81.323628,0.305727,0.289907,0
11.268692,102.424987,234.833162,32.848146,181.880291,189.356082,0.359776,0.422374,0.372207,1114.510131,152.630996,17.467162,100.0,18.936734,54.71853,30.454931,6.876392,69.249572,0.253204,0.455739,0
116.01699,131.925086,300.400347,43.184434,1915.186495,80.626267,0.217942,0.931124,0.721391,136.94802,222.906232,34.461411,100.0,30.668924,29.051952,36.624074,9.769818,68.751253,0.1,0.058104,0
122.717299,152.605531,388.001484,36.961414,1052.33475,208.950709,0.391704,0.900276,0.9,262.588711,783.090723,23.857393,100.0,33.273037,10.213623,57.304027,6.615946,80.508612,0.112741,5.911633,1
39.144671,113.174369,292.915343,15.987661,1139.90116,78.50233,0.337563,0.522009,0.642735,77.75827,104.426733,25.195322,100.0,37.925972,68.295198,5.0,0.0,67.854275,0.196795,0.018058,0
2.694944,63.006614,118.879907,49.226849,229.895807,1.089716,0.1,0.306405,0.309181,544.49331,157.999809,18.034585,71.954981,33.214113,37.819832,33.800452,0.0,56.3364,0.137769,0.561824,0
132.341081,166.409702,373.871267,44.347392,899.415005,84.922566,0.251016,0.4473,0.383719,188.151164,331.576627,24.187111,100.0,31.467009,53.290993,18.0881,0.764678,88.615564,0.198333,0.425305,0
176.118791,267.047512,475.265701,45.64412,1154.623992,69.53178,0.386499,0.559407,0.523016,160.570322,121.767296,18.86081,100.0,49.606495,33.080217,15.846183,5.515527,106.684055,0.265645,0.082018,1
167.710223,321.161836,517.20318,12.208176,773.621155,133.531624,0.35865,0.430087,0.511543,5.0,56.105268,24.79029,100.0,28.143662,56.221008,20.762823,9.054935,99.8691,0.196517,0.828808,1
171.59535,224.778254,383.902824,11.806459,1437.852812,319.894885,0.487481,0.285332,0.312371,331.548978,93.308308,22.004618,100.0,13.527758,50.394278,36.631375,3.501669,136.229223,0.176557,1.742903,0
17.332083,27.628485,168.224608,56.01594,2055.915563,139.627106,0.282738,0.238894,0.303669,340.77527,96.897996,19.71341,100.0,23.046876,57.568602,21.133692,1.769777,47.770266,0.159516,0.058959,1
66.810242,184.432279,367.191985,26.866801,426.468586,304.267546,0.33615,0.837558,0.890684,39.344824,138.770212,31.186846,100.0,44.371458,32.755029,24.071293,1.329142,91.86416,0.101066,0.596625,0
79.208703,154.751619,254.479855,21.552178,388.956377,200.020687,0.179573,0.686816,0.694294,521.691748,140.773034,31.67666,100.0,29.775578,59.680136,15.671901,3.20261,39.885402,0.12514,0.105262,0
70.086886,241.014048,670.259363,31.872122,461.121967,2.741294,0.78635,0.89707,0.859737,171.709758,8.264978,26.975911,100.0,22.346993,46.486072,23.922602,9.659416,151.008558,0.415564,6.5,0
106.364271,133.956744,372.972597,41.457532,1703.09958,67.945217,0.461061,0.716309,0.774618,379.275285,191.516171,13.229159,100.0,39.930956,10.0,51.683287,3.379997,92.617414,0.316861,2.683159,0
23.51246,61.980503,284.019611,57.559279,1421.177659,335.260096,0.279313,0.228757,0.279509,188.723838,354.123438,17.660603,100.0,49.1439,59.86782,5.0,3.710471,77.111029,0.153444,1.027285,0
10.880329,83.086813,105.272919,20.754542,832.236091,217.502441,0.308194,0.34008,0.28322,375.959172,86.516664,17.912652,74.99613,29.95922,47.308175,18.945865,0.0,64.669342,0.208026,0.153651,0
7.033347,52.936433,414.287029,55.864464,918.279832,334.636869,0.465904,0.711437,0.77995,155.010328,255.925288,35.283018,100.0,39.155053,33.303974,24.61597,9.288928,90.333416,0.173428,0.176711,0
134.394555,340.824576,430.282724,6.367272,491.728187,111.643207,0.497542,0.370075,0.442192,351.14103,502.78307,30.358362,100.0,48.248828,35.960338,16.502929,5.124608,121.498182,0.300914,3.64447,0
17.111752,46.27404,170.907492,35.535892,1345.013579,257.962456,0.141074,0.599304,0.423435,155.840302,136.452417,32.153722,100.0,54.940195,21.961462,26.88079,0.0,43.266732,0.1,1.147906,0
69.719341,140.004011,256.93033,39.868631,710.049088,277.929058,0.166767,0.339627,0.38177,5.0,101.786882,19.509249,100.0,38.256831,40.441041,22.319542,1.795811,61.047134,0.117577,1.97922,0
37.502599,360.8267,590.098957,10.824357,769.96173,351.251857,0.444577,0.504049,0.650082,541.023692,82.461251,14.796815,100.0,31.50157,46.932305,20.923402,4.789881,119.013779,0.268428,0.011464,0
39.094907,66.113451,152.898404,12.718678,1204.394886,6.543534,0.438267,0.120727,0.219915,21.861488,98.449451,30.099766,100.0,31.36377,39.900082,28.707209,7.663043,101.420069,0.211575,0.777236,0
53.764711,151.416956,449.726304,28.051288,806.002531,342.805397,0.39951,0.469758,0.629206,14.862294,1.101583,10.395782,100.0,10.0,41.765606,47.144188,2.283675,119.447113,0.243227,0.449451,0
40.66394,117.309114,342.059717,58.142755,782.517003,140.972478,0.397268,0.564687,0.432727,61.65677,66.76871,24.48532,100.0,18.010581,29.327275,51.274822,9.232218,110.309055,0.200879,0.024356,1
10.912712,140.886302,252.483148,37.78234,905.287603,301.677266,0.360572,0.63576,0.641544,266.005422,71.35417,27.624317,100.0,37.588593,23.334327,34.9989,5.903212,117.566056,0.226983,0.108743,0
53.799284,174.740276,236.616185,56.316277,1297.677707,196.096651,0.299041,0.581818,0.665099,46.756646,247.427147,17.279467,100.0,60.0,38.596541,7.780012,14.309372,75.291057,0.184094,0.436468,0
30.669275,146.209376,366.745842,49.23985,1723.246538,203.273835,0.396309,0.473072,0.428182,44.509141,555.865238,33.05815,100.0,25.835001,42.205991,32.492966,1.741851,102.478331,0.275307,0.08705,0
29.21136,208.021247,251.584618,30.705988,1192.743116,129.37604,0.296192,0.842804,0.705822,235.547812,615.858145,22.291069,100.0,29.627787,31.488921,35.848295,11.545473,86.609023,0.145192,0.003341,0
212.199589,387.945781,492.31105,48.16199,1301.657112,298.250133,0.566459,0.555025,0.56871,337.980192,270.984801,25.959203,100.0,36.672446,45.629638,21.073128,13.280559,172.593409,0.315741,0.579012,1
14.251286,73.957007,239.151828,5.981023,800.072969,95.044886,0.199299,0.711363,0.580723,496.72624,101.065341,27.197418,100.0,49.347797,51.886993,5.0,0.0,66.717475,0.148095,0.290417,0
51.635894,109.524196,266.309794,11.00292,546.101068,177.206899,0.28231,0.759278,0.786175,374.28178,97.364194,25.138638,100.0,22.952051,53.647309,19.530051,6.214474,82.373181,0.199812,0.514149,0
74.635863,223.460345,337.501045,50.618574,1226.993116,201.66282,0.156502,0.545789,0.639917,46.351532,104.582307,20.626808,100.0,27.189918,30.257341,43.457301,3.82952,70.571872,0.1,0.601678,0
212.362834,320.521111,607.299625,48.82494,985.620412,267.307594,0.4299,0.521481,0.376686,48.429671,477.472344,19.131733,100.0,32.373253,11.473052,56.012539,11.140672,113.033261,0.308017,0.329089,1
21.016286,143.86077,238.092704,17.795241,188.685676,169.788721,0.172574,0.75814,0.81584,63.188572,816.831079,26.286001,100.0,33.799813,44.970792,22.931908,5.62733,94.270309,0.165681,0.067326,0
161.533208,260.252,373.137392,34.192327,735.965188,244.901844,0.502541,0.626692,0.671927,18.979795,502.507779,27.765081,100.0,34.456042,33.449122,29.356475,5.431999,103.709405,0.192429,0.628113,0
53.462137,120.000972,313.486611,38.33087,858.551488,174.705875,0.339193,0.594639,0.511512,44.077415,39.820398,29.867821,100.0,36.518835,38.426925,23.759771,12.799844,80.849135,0.243924,0.129135,1
55.152012,198.835678,392.701137,52.725642,644.771066,237.355429,0.503537,0.616313,0.613473,179.385199,122.045319,23.110522,100.0,38.740832,30.318022,30.348082,6.513202,129.053302,0.353793,1.014599,0
101.716815,152.86446,223.581228,38.170894,1640.867797,242.691651,0.328533,0.685596,0.694423,236.911107,190.712734,24.47768,100.0,36.085245,64.190938,5.0,6.908146,74.443669,0.146649,0.154331,0
179.805575,507.646973,694.904814,27.691436,1139.919518,255.398962,0.716679,0.553196,0.573557,72.646917,135.872499,18.704259,100.0,32.409436,31.377233,32.854941,11.17544,174.494355,0.282755,1.483992,0
40.377447,348.052618,470.778447,25.580122,1586.587459,296.387926,0.405753,0.628593,0.681883,5.0,77.221754,30.135229,100.0,17.281783,68.00023,19.397987,7.259156,130.57093,0.294009,2.911696,0
79.108673,455.027939,572.069511,28.423515,1031.712631,194.660122,0.593753,0.440125,0.425653,298.010298,222.936204,18.920449,100.0,18.129265,50.504472,28.211533,9.038748,151.607965,0.255022,0.259738,0
70.763363,184.040881,400.464018,40.856206,940.693918,69.580139,0.465842,0.838518,0.799525,95.283333,386.6986,27.537768,100.0,24.266392,54.866929,20.087339,8.97714,91.268278,0.291077,0.111389,0
68.044584,141.454868,227.280568,52.711985,431.701091,244.670703,0.513256,0.508795,0.526656,56.243903,694.77701,30.08323,100.0,44.9418,35.946961,16.201585,15.508413,138.119114,0.271621,0.342891,1
115.153756,353.794323,504.298074,29.964329,905.964767,27.76251,0.494052,0.570336,0.52501,574.821581,147.543144,29.982107,100.0,48.116489,24.717112,25.32038,7.463342,129.67261,0.230023,1.174347,1
32.766782,133.124683,304.69271,18.631176,906.526963,78.823808,0.432211,0.652909,0.61993,151.734823,396.950483,15.829764,100.0,17.751886,49.245043,28.65095,4.417055,92.865114,0.233796,0.840136,0
45.54392,216.318885,434.938811,18.01643,216.443058,285.17671,0.45731,0.42477,0.393782,76.536336,0.099806,14.735172,100.0,42.925577,43.530743,9.669645,9.258173,128.919493,0.295876,2.879532,0
11.29528,181.268444,289.247629,46.030785,630.236265,156.625252,0.275635,0.614233,0.636962,342.324008,198.318341,18.485939,100.0,15.229175,29.969693,53.703388,5.04109,65.747342,0.19833,1.28911,0
95.719633,148.055008,397.192854,49.911282,738.358701,179.2959,0.524567,0.564486,0.594202,217.219271,405.524035,17.65107,100.0,39.323316,49.405066,10.26386,2.742805,92.792984,0.215203,0.363543,0
65.513018,206.87901,500.426146,10.790294,1106.739772,355.462891,0.714521,0.334472,0.304828,65.282379,124.331243,36.670826,100.0,27.671814,47.43439,25.686216,1.921157,145.105019,0.311692,0.607559,0
176.638673,341.600602,630.954413,8.660737,1130.675056,84.662095,0.662512,0.593593,0.689562,1000.473176,233.820639,26.220552,100.0,10.0,10.472955,60.0,4.566695,156.64425,0.360867,0.483436,0
20.52668,112.247775,179.600776,37.693852,609.340759,7.03899,0.184357,0.81395,0.581979,287.424556,324.814152,16.406853,94.622821,21.454029,47.935897,31.265664,11.440626,35.700421,0.23326,2.136633,0
231.063308,260.650213,545.00037,13.039528,1134.434801,40.094139,0.609999,0.136514,0.337717,13.127651,43.703079,18.027828,100.0,26.090858,53.462333,18.915603,5.107887,130.199116,0.330309,0.99309,0
108.149228,350.426279,642.539525,50.35653,808.960535,88.020669,0.674101,0.227374,0.272245,223.3659,471.35292,33.390527,100.0,37.449076,13.66877,41.776514,2.960744,157.890214,0.436298,0.134866,1
104.64842,427.810324,911.489598,22.068407,100.0,261.331209,0.99,0.436835,0.395704,59.969648,381.453158,31.767634,100.0,32.103837,69.289189,5.0,9.134925,200.0,0.415566,0.121527,0
36.667061,141.697435,216.324519,12.912956,657.648984,279.295932,0.358093,0.780866,0.722472,198.771225,368.119682,16.054144,100.0,31.269452,60.450499,13.552841,11.524183,75.967607,0.241798,0.399768,0
49.664314,128.385749,526.082343,55.653376,1439.49432,203.576023,0.453811,0.130358,0.197931,434.938411,357.945915,28.65007,100.0,29.471572,10.52146,60.0,0.933522,87.044627,0.254723,0.658172,0
42.704028,67.526444,110.144075,14.104245,100.0,91.816704,0.321092,0.546814,0.598835,143.198342,12.462746,22.110858,77.782569,43.487948,32.278388,25.168819,11.966002,72.50544,0.287647,0.913726,0
154.488957,263.697803,562.227514,20.659605,956.3456,187.827082,0.655429,0.579815,0.575823,248.76224,98.102972,22.777643,100.0,21.554327,23.718191,56.365205,2.997573,150.836249,0.312213,0.277814,1
9.20471,78.703555,414.217409,13.448737,1692.630607,5.38472,0.545624,0.274305,0.382954,42.933496,99.009346,15.870663,100.0,38.366859,19.02848,39.078276,0.0,106.683588,0.328457,0.198606,0
56.078792,80.800407,371.355488,11.351954,519.693523,245.448339,0.460141,0.517238,0.61342,218.132513,162.785492,21.63593,100.0,58.903313,43.033027,5.0,0.0,77.314316,0.237323,0.112875,0
60.122567,240.612622,295.01988,6.163141,901.07454,221.14712,0.451597,0.620677,0.550546,92.015825,499.308193,17.786002,100.0,38.498511,40.394686,20.382843,3.67873,102.896468,0.203717,1.212076,0
41.361792,187.943141,569.945521,8.046748,247.991871,7.846754,0.628516,0.827123,0.761754,441.748293,254.267547,31.592361,100.0,38.105356,23.451133,41.770435,1.393571,141.972259,0.388269,0.090546,0
26.221929,88.788952,764.61475,14.605281,1713.615571,294.124188,0.724485,0.648608,0.647673,176.751666,36.921942,18.188323,100.0,25.271246,25.297078,48.961212,2.819181,137.876148,0.327491,0.724359,0
3.927865,287.704956,370.32908,7.936006,858.333687,274.833553,0.428202,0.714604,0.653019,49.091554,190.480721,30.952883,100.0,54.955,38.193245,5.0,0.0,89.219011,0.239562,1.392905,0
56.861214,151.703931,295.479319,37.51291,923.313421,110.960548,0.339562,0.519588,0.512128,280.938076,215.05105,21.673586,100.0,23.750519,44.588025,32.567532,0.253407,116.290439,0.154132,0.423817,0
95.528034,201.976707,307.958394,42.439299,1577.150233,228.735594,0.395903,0.659836,0.721759,421.118143,98.183237,12.469603,100.0,31.569927,24.796543,42.276414,9.540699,110.61616,0.266684,0.041036,0
65.577158,150.797983,411.695547,26.649675,1230.739197,216.537467,0.457885,0.188136,0.280813,86.851609,701.478151,20.032667,100.0,10.0,39.118995,52.624001,2.831028,115.331201,0.177135,0.029783,0
26.250749,223.421272,352.788142,22.48951,462.185634,51.544901,0.368412,0.631147,0.581183,357.88253,127.570987,16.365391,100.0,25.255445,46.847432,27.948311,8.231966,90.289394,0.147694,2.032092,0
60.641872,203.635612,474.47838,32.748943,576.361038,69.573348,0.485146,0.763048,0.817012,399.310634,192.973213,26.595411,100.0,40.748192,52.670195,9.509655,8.01676,115.34529,0.309239,1.509131,0
178.149884,193.886768,352.81958,53.125272,1147.465652,245.954209,0.399537,0.526952,0.462234,784.161098,127.962179,16.644272,100.0,30.926208,42.722457,23.512502,8.22486,92.125579,0.223386,1.037664,1
34.14742,134.129179,328.928037,51.812239,587.939472,336.078593,0.201481,0.633506,0.657947,136.682909,2.365318,20.938284,100.0,43.946336,40.567627,20.152795,3.860582,72.002628,0.132644,0.092179,0
73.517153,242.434578,419.461803,7.391128,100.0,207.462355,0.558986,0.897167,0.793227,26.829625,219.680832,25.550388,100.0,34.649828,34.181674,32.346203,0.0,135.776449,0.219293,1.837629,0
81.944841,106.727101,150.562421,14.982413,873.379601,204.412732,0.262771,0.823477,0.9,292.618418,357.491829,16.389359,100.0,37.785823,31.475577,30.815962,7.91986,40.911791,0.199611,0.340523,1
15.520087,183.240128,371.58312,18.020968,159.893669,232.80541,0.354697,0.0,0.056567,253.27172,601.827059,31.920789,100.0,43.346322,40.865049,18.773335,3.864022,110.774605,0.248861,1.084303,0
47.661151,192.900751,248.732968,18.716317,1708.140877,158.608188,0.370542,0.565322,0.548835,88.771292,91.282891,24.794541,100.0,14.946354,39.531523,47.608432,5.888555,106.024456,0.232161,0.480556,0
48.155904,92.94224,156.323598,36.417796,988.393819,19.501936,0.182064,0.291268,0.319119,81.85321,93.267066,24.09424,98.955852,41.610929,44.617981,15.715403,1.565032,66.866063,0.1,0.062385,0
63.477616,146.527508,533.284186,27.894433,447.412472,142.741385,0.502478,0.860145,0.848334,10.121873,474.244697,14.526279,100.0,28.241862,25.773296,47.334586,5.060521,99.534668,0.313671,3.596686,0
150.782764,184.231384,441.643505,7.708977,550.683793,324.090796,0.512861,0.647451,0.653297,226.408431,49.165609,20.441973,100.0,27.0141,48.261539,26.864589,0.815037,120.217366,0.277073,2.487993,0
19.73896,83.012607,327.306084,25.548778,100.0,289.780848,0.521273,0.707407,0.748636,87.688317,73.603037,21.896295,100.0,20.456852,13.699041,60.0,0.0,79.60324,0.239342,2.440911,0
157.582036,239.613568,429.989021,33.806412,350.269057,333.872485,0.493478,0.345793,0.367273,102.265364,493.016208,16.164303,100.0,37.269105,48.92379,15.572617,13.063384,126.493833,0.259228,0.790858,1
101.055521,255.291117,857.921193,10.591955,1408.161601,55.019371,0.751645,0.306887,0.482056,27.541763,457.990362,28.702622,100.0,33.755185,34.612021,30.0197,3.329677,156.65828,0.289366,2.312243,0
235.51819,410.915792,598.102465,50.84022,2015.893073,182.144793,0.573206,0.390737,0.271541,333.600773,97.992011,23.698954,100.0,41.570378,19.911452,36.151355,10.333981,156.805983,0.31187,0.639849,1
6.056551,122.692271,288.827783,7.857903,1263.198257,210.502136,0.430408,0.571804,0.62313,782.014142,68.535845,18.293885,100.0,15.296795,20.009691,60.0,0.0,77.225803,0.220003,0.096329,0
300.0,379.346851,541.553165,55.866303,853.978731,75.573184,0.600748,0.543645,0.508802,23.121026,88.511185,21.40599,100.0,43.852255,46.792257,5.0,8.983484,137.004007,0.332692,1.178043,1
14.761863,178.976619,527.091684,10.451223,684.020312,72.349286,0.643975,0.187943,0.354366,146.338473,34.589575,23.676153,100.0,37.865229,39.99844,18.431793,0.0,129.558166,0.328129,0.835214,0
28.166602,134.892132,316.129228,51.396622,421.752093,281.531856,0.408056,0.490643,0.561616,145.141926,125.2996,35.40202,100.0,22.517645,41.304749,35.196134,4.557693,96.344073,0.237922,1.002188,0
28.422505,154.324754,371.152287,54.645923,1929.88295,241.86669,0.492563,0.512133,0.492143,475.806249,84.221312,25.831379,100.0,43.284933,34.958718,16.919786,3.46761,114.651265,0.28169,0.165973,0
97.426683,278.691208,643.503197,58.876387,805.625649,232.987513,0.848277,0.99,0.87218,52.854182,264.929842,18.567619,100.0,36.511137,31.497968,30.806275,6.650743,197.74055,0.419592,0.247816,1
51.287213,208.90322,456.935162,49.111423,1957.814915,96.115485,0.353163,0.321836,0.286518,474.978758,108.295889,19.428239,100.0,18.135787,39.922258,44.439418,8.313754,88.843484,0.143348,0.728739,0
32.610499,157.913932,468.803639,47.871265,1596.759755,182.436993,0.739197,0.490321,0.446397,208.756874,20.179883,20.979074,100.0,34.045605,37.449257,27.52163,11.379078,137.708781,0.389723,0.725383,0
206.222891,349.118087,454.496068,40.33658,100.0,8.305183,0.579971,0.561096,0.600991,503.165472,367.856299,26.866134,100.0,10.0,25.789791,60.0,11.303891,161.9898,0.194694,1.565006,1
4.679721,66.975725,142.269255,47.8448,567.023802,46.780579,0.483426,0.789785,0.791532,165.754052,584.805922,25.766215,83.111036,39.614832,11.147993,48.72558,0.751588,90.356435,0.242615,0.585213,0
130.567813,186.343169,622.086812,12.400371,565.477438,186.570311,0.530449,0.22696,0.243543,148.158944,562.850317,26.23548,100.0,24.770641,26.775564,40.571444,0.352984,128.329799,0.335823,0.709403,0
58.959211,379.295634,683.620033,34.483742,860.076818,111.482019,0.719322,0.446765,0.422978,313.879825,438.92369,22.799925,100.0,13.780624,40.450454,46.07685,1.312631,151.316896,0.34298,0.107247,0
32.060033,85.389269,350.276161,33.282258,869.842873,347.641112,0.413672,0.531037,0.432609,36.161362,262.584469,14.045863,100.0,10.0,51.231099,40.853739,5.209467,79.351043,0.212596,0.861378,0
35.882918,218.389368,444.799594,52.166468,2398.119548,169.7345,0.566434,0.74175,0.770641,5.0,97.212115,26.629038,100.0,35.375626,10.0,57.429821,10.057951,150.934237,0.254992,0.033233,0
46.896478,125.387132,304.574655,30.453965,361.386063,30.083096,0.405864,0.604122,0.602891,124.027035,49.185465,18.727735,100.0,30.563799,29.945678,38.008589,8.625483,106.393806,0.166762,0.956105,0
28.798379,182.272427,290.630865,26.179922,1014.484968,6.423245,0.38281,0.385606,0.41796,764.755592,44.809029,26.611411,100.0,28.370223,41.369894,34.649171,12.333824,103.21016,0.303306,1.57349,0
115.734764,129.738321,235.452315,40.17598,1208.253871,261.092835,0.378027,0.680134,0.701751,8.657739,136.356958,15.973511,100.0,34.750206,39.913511,26.052454,6.756356,106.851088,0.137981,1.05315,1
43.489657,74.676858,148.821723,19.655482,899.213998,61.742426,0.215818,0.615581,0.525718,262.657543,337.524907,23.29006,79.364476,32.127795,38.810175,31.9954,1.793835,63.744628,0.1,0.209658,0
103.608523,293.21731,349.861621,12.687263,955.090289,67.612453,0.345799,0.934991,0.9,193.68626,413.215704,27.810804,100.0,40.125658,29.553376,29.32379,4.719956,96.169661,0.116418,0.722462,0
36.422842,58.723995,151.637183,31.28325,377.595553,152.5706,0.274217,0.427985,0.403341,121.169591,84.682567,35.303426,100.0,31.863728,25.503259,46.959024,0.0,60.445429,0.256045,0.045498,0
72.490913,135.527282,273.914138,27.928915,953.243097,95.061812,0.281046,0.695461,0.706369,304.70823,304.940742,20.18077,100.0,26.783734,45.11707,26.591616,5.191274,82.202641,0.165836,1.036255,0
72.466264,318.141915,751.827051,17.791347,1155.699498,221.967749,0.7265,0.265963,0.335829,266.002051,168.615801,32.131724,100.0,26.976923,41.619993,32.465906,3.089432,158.636262,0.367921,1.896378,0
62.958526,238.499362,293.149619,25.21315,1063.800292,174.849303,0.205066,0.731056,0.67614,125.321091,120.887425,29.623798,100.0,34.364812,36.750445,28.944298,0.0,69.683157,0.182974,0.499915,1
161.168653,236.457559,431.462002,25.151585,1185.100452,40.122217,0.472335,0.740423,0.674061,18.573852,287.532858,21.286837,100.0,37.081522,69.956979,5.0,12.412685,139.990422,0.273464,5.235104,1
172.842218,226.358288,686.136369,23.012256,1606.30395,282.506705,0.590351,0.817469,0.747698,996.074511,1127.024494,23.524602,100.0,25.47229,57.419758,21.736251,4.44598,140.980942,0.294026,1.022556,1
111.222556,381.448335,727.8612,25.870524,1368.483271,153.309188,0.715384,0.779429,0.781354,24.127216,224.590094,20.190723,100.0,26.708834,45.842258,26.421962,4.095492,152.160928,0.340642,0.418297,1
138.568147,195.958562,377.838064,42.715884,935.647307,219.900355,0.31256,0.486628,0.549543,235.938029,224.6313,19.109702,100.0,34.91718,52.771075,8.664661,1.715331,109.810157,0.253839,0.11428,1
106.720429,228.893815,339.866923,21.328206,314.120824,1.41924,0.386954,0.739387,0.688805,130.874669,683.119521,14.76399,100.0,35.572859,48.338892,13.570759,6.255901,89.987692,0.217236,0.499738,0
40.740554,272.668994,306.696732,57.187186,599.997363,225.504012,0.450663,0.840787,0.755043,47.367477,977.018402,17.547783,100.0,21.711378,33.603194,47.068445,14.299003,113.12587,0.205546,0.468583,1
54.986308,192.138942,391.058006,55.399141,790.184424,101.825949,0.372815,0.460312,0.393821,168.112116,91.588673,8.282536,100.0,17.991361,20.182115,60.0,7.55243,95.555815,0.273912,0.451614,0
6.119446,238.426502,518.119247,31.450074,1026.172916,177.973468,0.447072,0.429324,0.492386,194.912272,78.201361,24.342409,100.0,32.583239,53.417952,11.303534,8.214667,123.710518,0.261649,0.618112,0
24.387994,97.362914,210.271215,23.059866,660.833619,107.179417,0.356895,0.478631,0.449127,208.194908,106.769496,32.630135,100.0,37.245996,37.763247,26.326387,1.064074,95.905778,0.1,1.091612,0
14.88118,56.118099,417.667755,34.448913,432.1334,358.653868,0.546345,0.495037,0.651305,35.126491,154.77658,25.069831,100.0,35.007348,52.399641,11.095362,6.905905,90.725902,0.248571,0.161371,0
31.783693,189.573706,357.25215,51.670827,305.900655,83.103233,0.446056,0.634747,0.528175,117.599367,533.40353,23.918547,100.0,16.645049,51.093509,25.212397,2.869137,115.323347,0.226147,0.247092,1
77.167915,292.692158,513.327498,40.892304,100.0,328.629457,0.489783,0.729402,0.716322,48.24099,276.729797,19.977946,100.0,35.668211,13.991802,52.460877,2.038414,112.420811,0.32456,0.558943,0
39.394043,182.487388,364.565745,49.241551,782.524648,330.467987,0.346912,0.505408,0.490025,5.0,1.714584,35.07035,100.0,41.494118,48.040118,7.334587,7.631421,94.712665,0.204684,0.459577,0
119.901926,167.401139,525.94779,34.299725,165.167279,151.560235,0.513907,0.388699,0.265349,65.646837,90.906586,29.917744,100.0,27.267807,65.737718,9.068029,12.506088,95.538875,0.223962,0.002704,0
25.37906,435.584509,801.23674,39.81047,399.737158,109.441122,0.775135,0.533267,0.58072,86.822062,1500.0,16.064395,100.0,24.773837,35.144398,41.735254,1.432563,191.203188,0.298002,1.255295,0
99.965733,133.467152,387.534661,20.848559,703.049064,137.172797,0.256862,0.775374,0.766114,192.189528,91.702642,36.24659,100.0,44.948845,43.565102,10.158975,6.701362,59.698018,0.171638,0.78972,0
23.138998,136.37412,284.857791,45.419124,232.041345,356.162071,0.243814,0.106643,0.175642,104.924614,396.099539,32.903555,100.0,43.736152,54.652602,5.0,0.0,79.159664,0.21482,0.763466,0
153.051743,384.297159,561.699128,16.132253,1089.876094,222.766642,0.702531,0.259045,0.378822,117.214058,42.11167,17.440358,100.0,21.688316,14.594744,60.0,2.099955,162.542748,0.414191,0.449918,0
25.324388,130.828411,749.912284,43.213897,1270.111532,196.120886,0.758168,0.912075,0.889768,45.235158,23.802892,28.463685,100.0,34.180977,10.0,50.697736,15.551224,159.885806,0.277916,1.906138,0
89.023813,248.507679,724.821501,52.339549,625.28649,12.930437,0.838796,0.427987,0.409346,22.855117,18.882712,22.654159,100.0,20.000013,35.533628,45.404829,5.471182,172.417342,0.384003,1.407013,1
32.667813,53.294855,241.749034,12.265656,681.486346,305.223491,0.407054,0.440777,0.610668,5.742501,15.960448,11.958973,100.0,36.764018,12.956134,51.729107,0.653699,90.995795,0.202194,0.59843,0
191.56943,346.758196,424.577124,38.790886,1168.714885,30.169964,0.429645,0.586032,0.527692,179.672641,185.208632,18.295775,100.0,26.691402,59.550726,13.110536,11.501232,109.129167,0.22519,1.150251,1
185.960082,231.134331,553.650032,10.230266,543.002451,16.910052,0.540867,0.424183,0.427553,40.560865,309.883903,28.3485,100.0,21.110703,51.789586,31.845606,2.574906,126.454013,0.232285,0.506427,0
86.695349,201.250902,331.347758,44.91436,508.633044,98.948911,0.478302,0.678739,0.618556,826.736788,162.048979,27.5922,100.0,16.310663,58.833544,25.507355,9.259295,84.667768,0.17471,0.46731,0
85.364305,117.969841,538.943953,9.647127,1498.249239,171.283898,0.633967,0.782404,0.763595,36.654872,9.176428,40.0,100.0,45.697337,37.300861,23.681264,6.800775,138.940478,0.320951,0.060849,0
113.385338,278.895622,390.860967,56.47669,1342.093869,322.304026,0.530973,0.511156,0.427497,119.924983,61.992889,24.875962,100.0,26.86162,55.959401,21.590121,6.914702,159.422161,0.247176,0.284033,0
98.684558,240.186231,371.427093,12.557436,1200.775001,284.428368,0.41436,0.668624,0.575795,120.197847,253.231573,12.925214,100.0,60.0,39.497535,6.023492,10.630797,108.594472,0.264974,0.299217,0
124.933491,238.477775,309.821451,57.738414,1362.822311,71.147572,0.377606,0.451304,0.435362,8.34963,55.067269,17.885525,100.0,47.65188,44.422315,10.209838,2.296743,115.118723,0.218049,1.799492,1
24.740999,217.916556,747.409525,49.04863,100.0,133.94863,0.709742,0.699451,0.625622,317.881692,171.832628,21.074863,100.0,46.303926,72.298747,5.0,4.051545,136.428798,0.410612,0.735519,0
62.972242,214.4777,304.431535,37.65251,1576.917773,280.886495,0.35342,0.567517,0.496927,215.962949,991.12195,21.960928,100.0,10.0,17.933117,60.0,10.989663,104.944974,0.26793,2.280116,0
35.020524,66.632023,373.092567,48.044326,1096.031058,189.753281,0.348564,0.500597,0.595138,169.628697,92.808804,21.7403,100.0,30.623413,65.801786,9.936069,9.468215,85.02704,0.303962,0.82238,0
183.939029,373.497156,534.457181,48.731316,1405.390692,62.817099,0.54681,0.511628,0.58225,69.424533,492.030056,25.631506,100.0,10.0,10.0,60.0,7.64348,148.460089,0.22738,0.125849,1
17.783593,170.921646,303.580277,57.031488,1093.58089,142.579873,0.342042,0.617474,0.698289,91.226563,668.804241,32.665587,100.0,37.217278,37.762293,30.513297,3.222672,95.062049,0.264577,0.073072,0
207.213632,260.530288,387.795212,18.936084,924.462412,225.33689,0.383752,0.551203,0.498096,11.043513,15.528008,26.047498,100.0,31.390896,46.970718,21.230592,8.923875,104.05469,0.221146,0.315744,1
63.912294,166.025095,581.618365,37.454174,762.345394,350.361243,0.67349,0.496894,0.553486,262.709957,14.454267,12.103549,100.0,48.362469,30.125629,17.478818,0.0,134.313868,0.345413,0.392845,1
126.362981,197.036224,1000.0,10.227706,1083.572188,238.25234,0.808976,0.245977,0.408565,185.59559,424.822141,25.852155,100.0,20.456367,42.599803,38.842152,5.438028,153.667857,0.36465,1.019604,0
39.078799,386.52664,774.257016,38.889114,744.126046,5.830258,0.791862,0.708228,0.788936,147.902744,359.182995,12.824273,100.0,37.167642,43.913769,18.726853,6.310178,200.0,0.366563,0.207135,0
16.148615,56.724273,98.958821,14.421022,1333.93805,253.80298,0.1,0.566624,0.59723,20.866366,79.909433,19.686727,72.492126,32.420564,47.93401,21.621598,0.0,43.453508,0.1,0.870466,0
178.78438,252.166203,559.584912,36.072284,106.771678,90.311331,0.490862,0.457887,0.421115,296.398103,224.505192,34.0821,100.0,31.706491,34.819774,39.413588,8.449262,115.541185,0.316915,0.269575,1
92.828037,189.773814,351.589128,36.483678,629.212069,310.377209,0.322637,0.716665,0.613242,152.014107,27.955485,11.372709,100.0,40.661517,27.144338,28.771008,6.38132,107.013199,0.15438,0.539574,0
19.624391,130.501558,299.189726,30.629183,1922.411624,138.200367,0.401395,0.435854,0.359664,228.800547,1130.499353,35.322835,100.0,37.372734,41.026293,26.322742,0.0,103.053185,0.222897,0.498034,0
57.078039,132.412303,341.652697,33.744748,586.959768,71.861414,0.164641,0.870486,0.856236,88.417631,435.806133,26.705709,100.0,41.590828,32.864804,27.875803,5.011419,68.246783,0.17358,3.017951,0
53.465958,162.181589,345.534022,47.015786,780.658138,168.460987,0.410574,0.423079,0.489233,5.0,1183.455322,25.516005,100.0,37.969206,38.468664,26.201479,0.46074,102.229586,0.207849,0.22973,1
90.343307,233.750596,488.3132,48.958459,458.709533,91.871271,0.519612,0.443975,0.604328,274.78678,10.762225,15.410737,100.0,36.076083,33.054247,25.56625,4.533674,145.201754,0.3128,0.562938,0
24.626885,82.448711,239.157482,32.068427,1067.922836,84.895736,0.206268,0.467787,0.50675,318.115366,195.090571,23.988999,100.0,23.81654,41.210857,36.585657,2.281459,53.138703,0.136302,0.155707,0
19.143424,94.570654,422.086503,37.977639,531.867555,206.374248,0.476995,0.59586,0.618774,133.721086,212.403971,20.499206,100.0,28.602171,28.315024,46.499037,10.693712,92.367389,0.238936,0.022814,0
70.174285,369.852701,562.490793,56.217993,807.194533,276.244658,0.456792,0.525538,0.517535,9.300338,72.233776,18.270657,100.0,20.560984,30.359768,55.233417,10.618596,112.402797,0.303512,0.549722,1
26.132865,218.575847,413.922671,11.585347,1324.433268,300.583575,0.447458,0.823441,0.751856,904.639399,384.182301,22.706551,100.0,28.713449,20.260277,46.433289,9.086485,112.184339,0.214042,1.257876,0
182.788511,372.179191,553.246551,11.440696,550.618291,143.161153,0.445161,0.718324,0.664618,57.092555,55.567258,37.601573,100.0,36.907812,40.514131,21.716169,4.446136,132.163392,0.289293,0.201293,0
117.517867,147.751579,454.482394,9.823996,1294.30556,24.049355,0.691344,0.334208,0.326732,1100.256636,72.636828,28.189221,100.0,16.270451,23.608812,60.0,3.970985,125.835177,0.35739,0.511292,1
114.950353,446.02161,584.913235,41.182481,1311.114658,174.230999,0.683317,0.514383,0.546263,200.649185,194.164295,22.145749,100.0,40.727322,42.95323,10.163815,8.306834,177.946748,0.422112,0.568036,1
5.915704,100.164474,355.270806,28.023457,1427.478047,156.161332,0.426627,0.699112,0.820947,346.558445,94.394532,25.707811,100.0,29.110738,54.307948,20.182003,3.993912,99.159933,0.203433,2.35512,0
40.547618,244.278791,443.502118,47.587678,970.270497,70.912421,0.381459,0.692805,0.756846,78.64753,105.36209,20.891573,100.0,30.448827,63.076562,7.455889,10.306667,121.950356,0.200077,0.804407,0
48.485315,163.839422,583.462563,41.917728,2520.629538,322.612164,0.56839,0.535871,0.613055,134.502611,559.997316,27.706711,100.0,31.791437,36.246767,30.108966,8.344371,147.802348,0.29454,0.567413,0
22.073955,42.16466,187.424107,23.350077,1427.266848,350.693371,0.235891,0.533691,0.326281,213.999222,556.617692,16.0957,84.647875,33.934716,80.0,5.0,7.353181,50.425362,0.149566,0.092968,0
98.964602,177.313807,509.154641,54.41016,1062.438812,18.628988,0.556972,0.530496,0.370907,7.081359,36.661614,28.60996,100.0,10.0,47.86848,49.925204,6.642634,113.583588,0.298848,0.023785,0
89.004815,283.355955,509.889425,46.939268,462.037793,286.468697,0.573261,0.570846,0.671551,360.68179,355.811409,14.302095,100.0,30.9,40.044334,31.847071,10.053616,117.465094,0.290588,0.052249,1
111.483531,309.565889,709.623111,19.879422,851.470437,232.457961,0.725667,0.636689,0.605267,309.090974,196.967173,21.75582,100.0,24.319905,69.068992,6.329439,3.734346,156.95956,0.275881,0.540797,1
136.558583,255.312673,450.121554,25.030561,1613.163488,94.117053,0.516834,0.600002,0.70808,8.75313,103.422995,30.131548,100.0,29.118375,23.882844,44.814061,16.239621,93.584479,0.22402,1.124009,0
131.529302,170.827047,306.36449,22.294199,1754.767308,228.656203,0.343425,0.615271,0.597379,6.098725,665.210335,34.378713,100.0,40.397498,37.766832,24.719377,5.109068,72.770452,0.287893,0.417368,0
300.0,507.570565,642.191753,13.668641,1639.16455,46.311549,0.680109,0.40619,0.445438,106.978893,1500.0,9.985167,100.0,26.531103,33.242273,39.462341,10.53108,185.204912,0.298773,0.51174,0
61.280819,119.032644,331.562255,13.128085,1292.596153,24.986343,0.318035,0.76075,0.772103,119.148166,285.04944,16.368126,100.0,23.504408,17.350126,56.623307,7.027687,90.492749,0.214144,0.231587,0
52.766861,167.395889,351.58374,56.48701,272.169897,357.656067,0.292496,0.795088,0.710969,491.382763,387.736494,23.59823,100.0,35.436044,53.848118,10.224052,16.387402,93.495245,0.152805,0.310294,0
97.978739,247.494307,389.046077,29.084722,1143.580909,229.093149,0.615477,0.680736,0.650941,5.0,38.390499,27.860101,100.0,19.018841,42.720721,39.739286,10.287373,141.18549,0.259306,4.209924,0
154.622094,314.149194,529.771842,26.08259,279.298811,91.160145,0.591907,0.728179,0.658584,20.427541,13.112567,19.878844,100.0,45.130691,48.687091,5.797815,3.790132,147.665429,0.342589,0.993546,0
11.020463,156.918329,176.500896,45.132714,156.264403,162.012224,0.430634,0.627523,0.587317,56.948891,103.113885,23.389949,100.0,53.38102,48.426476,5.0,9.214336,114.622241,0.245317,0.098981,0
29.907891,80.540037,243.703094,35.414619,1019.579342,342.031746,0.279674,0.403972,0.462561,107.303898,661.921901,23.772683,100.0,16.794793,10.950371,60.0,0.0,63.936924,0.133039,0.934375,0
37.013189,109.950699,298.185165,56.487699,1161.599724,157.941025,0.594529,0.438149,0.543039,153.334516,56.269872,23.15953,100.0,38.863037,57.118195,5.0,4.29084,128.978856,0.299802,0.21471,0
66.55384,115.997041,166.497807,47.916582,1351.688549,324.160032,0.249484,0.640057,0.664017,123.240176,163.998546,23.481224,100.0,48.459796,26.000081,28.08553,3.433922,82.907561,0.18876,0.002847,0
40.76274,208.85181,294.527533,31.365326,1148.56812,312.771311,0.464944,0.090194,0.114303,406.477287,702.015243,23.893482,100.0,26.80433,53.643894,18.773352,3.028611,115.693797,0.329402,0.637676,1
138.139973,290.854233,380.887318,25.699771,1165.792993,123.896274,0.42704,0.630765,0.672584,221.083645,24.167268,33.621684,100.0,25.531811,18.001847,56.070355,9.856521,112.480674,0.129246,1.117235,0
74.384962,130.876475,308.313499,59.264735,407.673708,250.563241,0.378559,0.175535,0.231896,73.510681,138.706881,22.615591,100.0,25.364618,43.851366,30.92094,11.901994,106.278399,0.268511,0.528928,0
56.51163,241.673609,396.7059,44.476813,847.511658,237.779461,0.42568,0.79399,0.788664,34.573971,327.559807,31.477261,100.0,45.5969,27.971705,25.116042,11.03738,74.18258,0.211327,0.907321,0
89.6319,274.08729,430.614791,57.315706,146.441607,277.636273,0.416742,0.526621,0.420921,681.61587,428.673521,23.613724,100.0,46.618202,41.646368,15.238216,5.730756,69.238812,0.325066,0.667951,1
7.30597,233.893946,285.064303,11.516322,100.0,131.734499,0.440329,0.388917,0.556915,165.583038,355.125011,19.677134,100.0,29.14475,35.540087,38.634456,0.0,104.657443,0.317654,2.316231,0
86.264521,235.345627,585.876418,51.779352,1270.321355,18.805139,0.597109,0.521347,0.620773,409.436523,504.654902,22.313509,100.0,48.717307,42.651066,5.820666,9.225407,109.630399,0.381578,0.013876,1
26.907874,182.585552,591.180771,40.039064,523.437803,61.574127,0.685547,0.771432,0.750523,46.692511,1146.473248,13.587724,100.0,18.748229,34.408125,52.053749,5.861974,167.423708,0.300872,0.685183,0
120.416516,197.511928,261.078767,11.705692,1336.249251,221.959328,0.412296,0.698606,0.847199,513.642489,394.107,17.383438,100.0,37.615233,30.369992,33.624057,0.0,128.957395,0.162403,0.272476,0
9.119352,100.828716,250.092789,37.35419,1454.173789,279.036067,0.454013,0.592981,0.708449,119.331585,128.295164,19.533196,100.0,22.478535,58.045143,13.206016,2.8966,101.215474,0.240916,1.377017,0
94.306563,306.721388,460.825944,42.7353,590.341338,272.177508,0.533819,0.654556,0.485309,344.522217,243.187753,24.736033,100.0,33.818852,58.039191,8.866391,2.72747,103.30094,0.224428,1.95671,1
27.652398,92.639867,331.067581,5.676648,1195.155547,210.125371,0.23031,0.556112,0.511125,13.416988,40.379306,33.809456,100.0,28.1308,68.46986,5.340844,0.0,46.646157,0.159035,4.539061,0
156.883497,209.428636,343.787499,29.987488,569.421636,30.512932,0.360199,0.319648,0.106096,633.91535,362.258743,21.814996,100.0,20.474981,38.860656,38.622724,8.143118,82.14452,0.14195,0.627211,0
12.192485,168.955644,498.825067,50.396973,100.0,6.223906,0.521481,0.366003,0.502642,481.095177,327.022174,17.717299,100.0,35.671283,36.768705,34.808956,2.740348,112.379267,0.243676,1.179713,0
64.558602,81.337254,162.335625,21.244746,961.654702,281.571033,0.239227,0.561818,0.395026,124.722658,111.311827,29.029106,92.408005,18.655479,39.742187,38.954358,2.098486,32.823571,0.236116,0.006621,0
107.595774,169.612804,450.467584,30.220144,664.56306,197.775516,0.614737,0.389933,0.494853,95.591187,83.394416,25.099834,100.0,39.914958,27.662344,34.131606,6.597018,152.188884,0.308655,0.169534,1
82.387753,314.716013,548.454978,29.327277,679.955495,281.776357,0.679809,0.525793,0.454169,66.096789,129.517068,30.957362,100.0,40.074458,18.87845,39.001406,0.0,149.31645,0.266107,0.708604,0
81.967099,344.983488,415.008307,21.606007,1887.671559,58.603846,0.438266,0.515839,0.689974,155.062193,182.070427,29.830257,100.0,33.250783,30.01213,34.835972,0.579276,113.594736,0.263811,1.424464,0
17.624629,216.069923,360.735382,55.514304,137.071509,146.672341,0.649635,0.55781,0.534569,643.973514,303.638793,27.37862,100.0,28.66176,26.896741,44.802999,6.772346,144.953918,0.276546,0.012802,0
16.359857,127.333342,203.824327,47.971172,1091.435568,330.900943,0.238367,0.605036,0.576161,95.895153,224.026689,26.131136,100.0,39.980803,47.658016,9.929673,7.446903,65.750275,0.223473,0.367781,0
79.485163,132.318196,683.378987,11.082363,402.596381,61.775277,0.654103,0.382016,0.417888,26.638215,20.747823,29.844458,100.0,40.964737,51.210443,6.792108,9.662261,108.330051,0.358387,0.348932,1
70.035841,101.733024,266.068191,59.836906,1354.130705,22.149685,0.216918,0.731234,0.842629,71.22489,100.829378,29.414071,100.0,26.651752,10.0,60.0,8.265689,82.835412,0.189779,0.839298,0
23.196768,104.751869,236.307198,53.356001,1049.215618,235.248258,0.144945,0.514698,0.537148,148.199752,100.027524,29.680541,100.0,33.939528,26.011385,35.26738,8.118829,41.149011,0.218808,0.614279,0
21.832677,54.059449,97.840469,20.614964,1089.672175,214.033083,0.1,0.429722,0.410528,56.842953,443.085056,29.555763,83.303523,27.55074,44.97841,26.517578,3.85141,34.17054,0.106064,0.122304,0
57.261001,379.740862,604.77074,51.029312,427.555191,342.730982,0.71541,0.526269,0.618368,240.149478,112.878717,23.582906,100.0,37.059253,41.033546,28.177951,9.995788,182.100647,0.430067,2.322515,0
44.660754,123.062586,265.702997,10.853074,517.206043,326.328632,0.399998,0.813165,0.829701,212.758771,55.726893,19.141817,100.0,23.881006,35.411726,38.989934,0.0,70.643318,0.245567,0.851493,0
229.786702,315.572745,594.293502,59.95076,1363.625254,269.79494,0.516794,0.062735,0.067815,53.704522,69.031188,24.165311,100.0,34.271948,34.945936,30.601673,8.604704,122.025266,0.301585,0.025015,1
163.666192,341.024794,793.035468,41.61266,1785.398861,6.896606,0.784068,0.48319,0.447043,40.893043,358.427449,21.578422,100.0,30.851693,44.169337,25.271571,8.068562,189.773378,0.247178,0.23635,0
117.150544,144.317425,447.928502,40.756876,1140.153909,172.939309,0.561386,0.19247,0.319866,119.89152,169.605988,18.442194,100.0,41.796195,45.111026,18.34083,7.223999,119.729883,0.270061,0.240213,0
178.301842,265.87065,352.237311,9.97424,451.28964,322.596697,0.196065,0.385718,0.433313,283.217518,590.925508,33.585758,100.0,26.013288,17.840621,57.47709,1.661436,59.984976,0.136617,0.91159,0
34.524464,138.993391,271.650937,54.336837,1069.469261,156.114392,0.508124,0.431768,0.417681,20.113651,371.871422,23.931843,100.0,34.98074,10.105329,52.209568,0.0,104.19563,0.201882,2.147362,0
39.547439,72.637357,137.482296,6.594973,2113.736022,346.372459,0.322114,0.101336,0.133139,153.332096,517.558651,17.696215,97.957488,27.345559,37.339134,30.192983,0.0,64.750944,0.14651,0.370446,0
146.856822,196.625819,307.360503,18.245543,951.211405,234.895673,0.442308,0.599016,0.686887,117.904113,262.802526,32.033503,100.0,15.172933,50.373317,31.64677,3.473481,81.42002,0.296054,0.041776,0
64.397455,130.389392,471.341877,12.866203,1630.92043,39.404566,0.620849,0.562741,0.487876,781.005415,1500.0,24.687829,100.0,29.198533,31.603159,39.565552,5.319964,102.739701,0.330522,0.978588,1
67.693391,271.163929,388.019223,47.722237,529.835317,183.337947,0.225663,0.977501,0.9,544.330878,123.824141,29.969092,100.0,38.928582,73.505786,5.0,0.0,77.641532,0.194557,0.537235,1
20.30549,278.150931,558.768231,15.901232,878.956974,250.422169,0.553096,0.759437,0.699172,144.662979,317.66523,21.786894,100.0,39.280646,51.896017,12.806484,12.283426,100.235437,0.379262,2.460001,0
141.985496,285.383761,412.430937,55.085102,1209.782603,23.53283,0.576403,0.72587,0.755157,100.360601,154.624501,27.56833,100.0,25.181788,31.184234,42.603584,5.34616,120.534578,0.30826,0.494385,1
97.815559,196.680781,496.462093,41.094797,1098.664154,124.073832,0.52129,0.584778,0.601249,288.299281,598.014657,27.83522,100.0,42.807868,10.979118,50.255083,0.268954,96.579206,0.333147,0.141091,1
49.346155,282.109617,366.936246,6.988949,516.80566,258.149183,0.486163,0.858925,0.759046,92.09481,660.566031,24.626954,100.0,45.996128,50.36812,5.0,0.0,115.976311,0.266326,0.42365,1
39.819844,225.708507,298.553474,5.298641,495.241271,56.54569,0.498588,0.742782,0.67865,69.318538,251.260885,20.232099,100.0,21.811281,25.247613,50.424487,2.247325,124.166254,0.22493,0.905661,0
158.868005,544.129136,1000.0,7.841185,1394.142202,125.402363,0.99,0.629392,0.528269,149.366705,218.884388,26.403254,100.0,33.476202,29.442814,34.154088,2.190748,200.0,0.428095,0.878941,0
34.927241,57.746454,148.887627,38.325885,1495.775406,248.367716,0.200784,0.906706,0.9,94.084109,61.881578,27.599216,100.0,43.707023,26.330554,31.467609,4.243325,53.315634,0.185316,0.631428,0
13.989088,121.055821,467.367054,49.0815,1656.071779,279.194725,0.554833,0.352771,0.30402,383.201279,261.069853,16.789361,100.0,46.327782,18.229945,39.265499,3.623725,129.684875,0.196489,4.41333,0
165.366245,234.22371,485.801374,18.120405,1801.965242,186.664246,0.345831,0.575358,0.522228,213.386115,318.642021,38.528411,100.0,34.330157,30.096031,36.917654,7.261882,79.534311,0.214672,0.633925,0
167.765073,194.626744,302.277826,51.717486,967.309718,344.46871,0.405971,0.537814,0.422393,22.020554,121.572468,33.774439,100.0,44.230522,29.905169,22.248396,8.796028,99.793297,0.247503,0.182215,1
34.79732,142.683849,251.353455,8.147757,744.400378,333.119109,0.388614,0.375322,0.557676,97.972761,717.233512,24.877881,100.0,46.348068,24.985217,28.915121,4.526535,109.59099,0.180862,0.468802,0
261.249587,600.0,748.436682,49.053012,1575.495469,170.437339,0.751266,0.581025,0.5712,417.149895,498.872218,29.118461,100.0,38.293439,28.27892,32.894013,18.031328,200.0,0.276722,0.459624,1
58.460168,101.135582,452.022,56.028749,1256.534641,57.698788,0.600372,0.729508,0.653244,262.227845,4.004482,23.895295,100.0,28.97576,66.955569,5.0,5.23652,137.555149,0.317869,1.124978,1
35.168279,511.270414,641.973277,47.465962,408.772371,278.255363,0.67354,0.523366,0.429226,159.365061,0.413315,20.206916,100.0,36.091319,49.823578,14.2021,1.462474,159.565839,0.322018,0.638177,0
95.385996,284.197783,563.669758,43.396643,383.182167,87.530247,0.593815,0.582443,0.618659,253.720835,458.442254,29.70313,100.0,24.618887,35.908396,42.129279,10.557785,125.664433,0.348122,1.261119,1
17.131425,255.961103,488.07479,51.088912,1145.965101,303.415672,0.698097,0.513254,0.482066,198.808282,28.878933,19.104631,100.0,25.215068,10.779608,60.0,7.013453,160.46273,0.333192,0.690537,0
25.952459,263.645104,500.516661,7.208321,811.362669,211.371963,0.429655,0.842086,0.783249,671.765399,237.873468,26.225724,100.0,15.079071,46.685583,40.692112,2.154472,124.177444,0.12212,0.49682,0
79.886079,223.840487,783.44027,16.098016,886.785023,141.873482,0.905138,0.480057,0.379699,661.954858,305.266736,20.044913,100.0,41.661085,67.351549,5.0,5.314134,190.573162,0.398453,0.296531,0
68.950119,146.666355,411.892516,11.870802,1436.266682,200.298009,0.581405,0.496519,0.468056,246.617788,47.31811,18.971203,100.0,43.65063,65.686896,5.0,1.802026,90.999543,0.322464,0.504728,0
125.971558,158.000645,392.636048,32.749204,1279.518572,191.811157,0.51827,0.553916,0.533334,92.121126,171.014294,24.879556,100.0,11.238454,35.85024,55.739639,12.272545,88.481458,0.195634,0.902906,0
20.061654,63.267454,107.154187,45.985347,1564.936624,332.903825,0.15063,0.826938,0.848597,15.592231,382.499659,30.256654,97.072063,26.783444,43.544931,26.247945,8.940556,66.018775,0.1,0.855035,0
230.906307,388.076978,796.1341,39.650651,100.0,77.170698,0.810984,0.661252,0.571544,13.166335,42.680874,25.569948,100.0,25.317099,20.294597,56.202094,11.04395,184.247862,0.397959,1.445793,0
43.894181,124.106888,428.516015,51.81221,1026.698959,334.137043,0.383809,0.952046,0.852555,409.752716,37.147391,24.383462,100.0,37.652509,42.239676,18.64978,4.883149,92.014696,0.270212,0.508249,0
66.935204,114.718012,343.563024,13.536715,1247.344261,11.282775,0.335817,0.761437,0.677952,265.90313,405.414884,13.229219,100.0,31.888785,48.984423,18.936703,0.0,75.119485,0.185577,3.49426,0
42.115131,169.724584,317.380833,45.40416,136.707072,276.913181,0.382918,0.653943,0.594593,99.637054,37.88263,22.798736,100.0,39.117072,46.095703,11.431634,8.822408,80.9485,0.233183,0.268993,0
16.973732,155.078868,201.094612,15.617282,572.552179,331.080527,0.182568,0.497977,0.478371,155.230343,60.026485,15.536667,100.0,32.282608,56.80903,11.958185,3.354966,60.529308,0.1,0.187026,0
61.10854,239.010017,500.27185,19.891731,479.757419,141.858789,0.501898,0.43324,0.480234,303.65087,189.036187,24.346855,100.0,34.942555,48.551699,15.229852,8.308421,107.260667,0.227952,0.425242,0
106.496867,163.082547,349.040896,44.044758,910.849086,26.304187,0.286485,0.552563,0.61179,179.917688,31.997223,23.968435,100.0,32.49001,11.873416,60.0,1.528302,75.226448,0.203553,0.40344,0
53.665534,152.255205,686.013752,58.911263,1713.926984,289.680311,0.748404,0.64035,0.557964,86.614545,840.211351,23.651243,100.0,44.881081,31.882211,21.870548,6.310199,181.190291,0.351708,0.092358,1
28.921525,86.855995,367.347254,38.634898,1911.294702,303.431348,0.575731,0.591813,0.501206,213.171984,461.754887,23.814089,100.0,21.163145,53.925842,31.973492,3.958902,118.35313,0.301081,1.373735,0
129.08512,166.221169,368.76861,7.997517,492.856223,121.05266,0.633145,0.718022,0.69838,85.995937,163.527947,27.014199,100.0,23.715874,11.894459,60.0,0.0,121.194232,0.325845,0.345491,0
132.707219,345.730871,981.390732,38.896993,1163.278625,186.693583,0.83083,0.213743,0.194169,142.981512,242.445788,27.399,100.0,22.426077,39.097357,37.887827,1.501064,169.906455,0.488127,0.0812,0
51.293658,254.829137,440.172444,7.32928,1179.398926,291.408864,0.388364,0.515087,0.498024,47.953822,18.658445,26.028034,100.0,36.856567,31.198042,29.872633,4.347947,101.653361,0.1,0.861473,0
83.840794,107.517999,613.305696,53.628014,1093.812886,69.135472,0.616313,0.877848,0.781964,90.907525,75.823103,29.815666,100.0,14.054146,18.192676,60.0,17.716428,95.356934,0.328112,1.400427,1
128.386567,240.083062,277.278482,44.026806,1099.489817,226.431272,0.417921,0.595357,0.534835,57.802686,16.969505,9.508717,100.0,10.727953,53.051811,34.905151,12.929354,114.828772,0.198876,0.461293,0
105.592142,339.241191,1000.0,14.522032,1051.871251,155.027037,0.9408,0.812967,0.847418,219.894241,112.793626,17.985104,100.0,39.524539,25.443901,35.045449,0.0,200.0,0.368252,0.900834,0
81.995838,264.091241,613.686585,10.044655,1743.78506,62.789671,0.729388,0.515994,0.475274,205.451108,183.554767,26.643196,100.0,16.799801,71.88819,10.582984,5.005028,162.892867,0.356558,1.479188,0
102.329991,153.90383,252.601585,15.094328,1451.233257,299.318475,0.379323,0.632415,0.759055,484.047206,121.249899,24.034533,100.0,22.113644,34.570852,48.030064,2.253014,82.659485,0.225722,0.682959,0
88.390643,339.176891,933.490068,58.901495,369.923051,116.8851,0.728084,0.446599,0.495999,429.68357,305.922913,18.830408,100.0,16.992503,55.198111,30.003693,10.427553,153.966215,0.374727,1.441892,1
64.042713,297.874508,326.08308,30.220835,1297.86054,336.393402,0.394114,0.4842,0.624128,225.471995,14.830395,26.615285,100.0,24.091123,64.845442,14.049268,5.667581,105.995662,0.223984,0.232024,1
19.625504,154.468641,229.055887,48.124452,1346.186687,204.816193,0.18219,0.519305,0.587844,709.938221,34.351067,28.41011,100.0,60.0,43.266159,5.0,2.815722,64.172282,0.101557,0.067226,1
24.88755,112.962207,368.652338,40.002459,1057.483644,185.223593,0.368218,0.328524,0.389634,26.304362,59.462197,19.457423,100.0,28.28711,39.346892,31.089416,8.235218,85.351343,0.147103,0.207554,0
91.367086,142.315394,552.13247,36.482723,1465.712185,152.39014,0.539484,0.319931,0.486572,272.896145,20.259149,20.131125,100.0,31.741522,50.291395,14.253921,6.575581,119.735531,0.239804,0.515813,0
41.73564,149.02901,379.910915,12.982164,994.037017,144.24152,0.508399,0.614108,0.520317,543.46864,140.909081,14.18332,100.0,20.810539,64.494262,15.888224,4.447395,107.352359,0.293284,1.260148,0
88.842425,363.386726,412.394891,57.031345,1000.233861,294.467859,0.458921,0.35369,0.39439,133.35917,205.946858,23.403334,100.0,30.698712,43.212953,26.14351,7.693714,140.380877,0.28996,0.433902,0
19.075878,71.691133,178.268926,21.573845,960.620272,243.900306,0.216241,0.130057,0.155898,396.401534,169.280152,23.726369,92.473788,42.711321,26.799502,30.067566,3.515921,29.202603,0.1,1.058232,0
31.582816,322.04036,450.833717,36.790947,100.0,278.528447,0.704106,0.292111,0.36099,75.600944,6.575073,17.641976,100.0,33.126468,14.952995,59.03086,5.238087,139.080206,0.313896,0.323482,0
53.664065,229.873721,478.040231,43.487677,859.800803,151.590297,0.42825,0.787466,0.742223,130.476796,148.421814,20.870849,100.0,54.050451,43.52011,5.0,11.165318,122.594651,0.214025,0.213161,1
4.33991,111.570255,282.862716,40.707824,565.874713,94.117401,0.380472,0.532367,0.421905,204.6865,50.426088,23.692381,100.0,23.508729,21.878543,51.53099,8.02067,82.138186,0.228207,0.868387,0
27.74643,262.942297,652.550964,56.732693,306.776011,31.271479,0.732625,0.828351,0.786536,587.965298,337.408209,29.515628,100.0,10.0,52.811757,38.042842,10.872579,156.374967,0.302368,1.757597,0
35.588808,140.510737,186.39287,13.164144,1617.009142,279.596156,0.286426,0.498125,0.470285,568.84273,94.992896,21.696339,95.082464,36.425202,58.193895,6.78917,0.0,70.047949,0.105097,0.015605,0
73.027125,166.297717,447.885413,32.959401,1152.103759,149.499515,0.402037,0.384533,0.542489,381.750918,158.082456,18.577636,100.0,36.609606,47.331816,13.948628,7.35551,75.203396,0.201718,1.285529,0
50.913489,257.824023,332.943584,27.221891,885.08446,183.320493,0.299232,0.357769,0.365878,28.22064,0.286696,32.887758,100.0,32.738643,37.074256,32.563632,0.475321,95.014917,0.245926,0.079854,0
76.164221,80.304236,537.087928,31.07928,617.598324,168.963565,0.629713,0.508677,0.456898,401.937234,6.656305,28.159757,100.0,16.967309,47.879382,31.752382,6.31721,123.985151,0.193874,2.900133,0
65.923482,176.479236,460.275716,11.556964,1048.084792,155.209628,0.606874,0.817117,0.721182,858.410546,161.111992,16.203542,100.0,25.969303,38.452766,33.163405,8.682119,170.89776,0.233419,0.789729,1
49.138705,154.287788,325.714207,12.375204,1395.718047,246.203848,0.382729,0.496159,0.447637,151.512054,925.097458,28.27969,100.0,34.181702,33.822875,31.091645,0.0,94.329075,0.207754,2.275285,0
35.810374,103.368955,247.048401,20.294155,486.517078,219.144282,0.189342,0.99,0.875593,196.503719,153.512601,20.850234,100.0,34.74003,31.005948,33.017524,4.7522,78.436497,0.11608,0.014757,0
67.7437,159.585015,400.299833,21.758753,897.585814,349.939368,0.452372,0.370797,0.429069,153.666523,283.514305,30.150607,100.0,39.380608,39.867979,21.105749,2.507859,102.627997,0.180571,0.485781,0
154.811233,468.101548,850.186979,28.534677,1334.033249,50.005407,0.985233,0.783849,0.842118,173.100228,169.850008,21.505683,100.0,21.094753,38.302412,38.361045,11.378376,200.0,0.389271,0.149373,0
35.613583,44.970909,277.932099,38.604315,100.0,206.466953,0.24672,0.37894,0.348272,85.064183,238.888697,13.223955,100.0,11.142001,57.919017,32.14192,5.956698,50.875507,0.182176,0.278065,0
224.404413,275.704629,446.366618,39.904601,871.215119,22.766459,0.458733,0.67503,0.572813,795.918737,284.364412,20.577536,100.0,30.013921,47.191966,23.799054,8.642683,98.926146,0.252559,0.608317,1
68.782472,128.313209,219.48973,27.649599,685.354315,290.850631,0.303446,0.61313,0.498021,46.513473,200.548171,18.72516,100.0,38.856178,16.840214,34.653366,4.168032,59.577186,0.229239,0.325609,0
121.322443,220.413443,385.771891,27.483071,833.085071,221.87208,0.547808,0.586994,0.749824,178.405863,249.273097,20.006969,100.0,17.458321,46.023064,40.527672,7.602039,114.251625,0.303287,1.474535,0
84.575428,172.006161,555.789637,16.969569,649.185722,154.216374,0.530539,0.447806,0.438971,208.933198,413.617411,10.227258,100.0,49.459305,39.558215,12.478789,11.720037,109.821437,0.196609,0.576357,0
94.361254,217.577898,529.913254,37.356844,968.812303,288.804836,0.609917,0.799385,0.723185,139.33948,42.469068,23.286254,100.0,28.228061,42.591268,28.650782,7.530528,116.627922,0.320316,0.002707,0
27.536068,42.762882,459.514958,22.43725,1861.81361,163.800939,0.640764,0.4719,0.39793,44.51174,81.990064,11.78508,100.0,44.474322,34.098174,18.940882,5.765633,132.93343,0.337934,0.687843,0
41.412979,163.279308,250.587053,6.983291,738.038763,82.002994,0.175897,0.568434,0.523245,319.062066,95.245206,23.238413,100.0,51.496263,38.646095,11.943113,6.892505,20.0,0.116401,1.233855,0
52.638239,364.363256,412.797117,28.012002,1045.855505,170.100274,0.330839,0.639032,0.64585,404.923622,96.50143,9.521671,100.0,14.041671,64.417199,19.644899,4.087939,114.4195,0.257522,0.65172,0
101.155313,211.62405,506.140312,31.077297,1897.373209,25.499447,0.531913,0.239827,0.48265,41.008954,240.919091,17.420402,100.0,37.381195,32.21334,29.10923,2.260075,116.178751,0.234526,1.776609,0
52.965644,142.740098,202.811861,17.407608,624.992211,323.229999,0.381491,0.747063,0.582562,410.240362,44.738774,27.289652,100.0,51.920861,27.884277,19.294262,4.485473,115.265602,0.266578,0.2984,0
126.265513,227.27328,643.735508,36.485186,1807.337674,263.145015,0.691522,0.118573,0.069607,160.452725,548.50012,28.190786,100.0,27.031198,26.86608,44.948767,10.863096,144.035576,0.351753,0.217368,1
45.069718,126.011319,426.550208,36.117455,902.661503,273.713683,0.580603,0.216667,0.287208,40.04067,14.817471,19.228058,100.0,53.473577,20.991048,24.756174,4.860094,117.179286,0.274406,0.055099,0
33.5794,209.701676,438.041057,43.61012,1790.948113,314.817589,0.313179,0.488311,0.51422,179.297598,408.294015,27.273467,100.0,42.939441,47.691775,5.0,1.2273,103.945221,0.13991,1.023157,0
39.847822,175.868156,253.76564,40.637167,1275.100562,284.966132,0.361346,0.671121,0.65027,112.173589,745.414363,13.039876,100.0,28.370255,56.861271,16.03264,8.048277,75.871863,0.177819,0.407572,0
108.575427,238.115782,424.636984,40.883818,1053.554181,155.466932,0.187319,0.343612,0.305597,49.247058,13.760381,29.854558,100.0,31.599418,28.546455,37.383258,14.179477,70.898359,0.112062,1.148845,0
191.272111,426.44112,591.953663,22.391778,867.184659,42.709105,0.746914,0.040854,0.152037,51.274925,311.24439,31.064819,100.0,14.658947,46.542234,38.34445,8.087745,187.61885,0.431923,1.037112,1
240.339826,417.716755,652.724751,48.308772,587.97928,134.411321,0.784762,0.551292,0.630567,300.329854,291.052789,22.730882,100.0,24.507234,54.632521,19.379185,7.673992,181.67822,0.408669,0.629835,1
100.242901,109.617788,606.675842,35.202941,937.895775,336.270497,0.593885,0.53077,0.490748,378.24281,102.817895,21.352506,100.0,39.328902,41.663048,18.9464,10.692117,136.74197,0.337928,1.052285,0
122.026042,201.624831,290.208759,28.728001,1348.68073,341.672577,0.12677,0.301987,0.348151,226.607798,66.223214,9.911908,100.0,28.983605,38.331577,32.148315,10.273041,49.705534,0.140638,0.585782,0
13.921527,49.299129,196.923785,39.430686,893.444285,276.433512,0.25755,0.020264,0.162553,175.820376,75.623159,23.633973,100.0,35.808818,27.51227,35.413347,6.964576,54.088882,0.145485,0.496983,1
18.646664,76.517993,250.530521,24.836153,741.688597,73.59501,0.435647,0.464094,0.527408,660.005792,117.552392,27.953723,100.0,44.707641,47.976815,7.731198,4.680677,103.980962,0.269189,0.829332,0
28.709804,97.247369,529.935965,33.200658,774.608733,70.001949,0.602881,0.586876,0.58786,21.18553,77.204915,26.172578,100.0,44.291879,34.23094,24.115775,5.282373,107.817533,0.24471,0.0528,0
161.525826,217.793542,417.938684,45.518813,1396.238307,316.717744,0.651189,0.34877,0.479889,13.479952,129.250375,24.897821,100.0,36.328613,47.638954,16.949481,14.947899,128.533523,0.383986,0.300716,1
159.88991,342.62814,625.014218,53.752159,1512.580728,51.089732,0.612659,0.864082,0.733287,275.374456,170.79705,15.40059,100.0,25.890239,29.818051,47.474314,12.193521,145.790874,0.218227,0.115971,1
277.977829,441.109584,895.730523,55.658146,566.424743,210.289492,0.99,0.79495,0.699899,13.858615,171.79789,24.777768,100.0,33.97821,43.207991,26.501362,12.127117,200.0,0.37306,0.513122,1
28.081803,107.415114,335.233282,32.699811,565.706071,136.170606,0.193727,0.553345,0.480028,126.809225,205.199308,18.823345,100.0,34.606441,55.443121,8.597021,6.154612,73.750969,0.179332,0.639327,1
58.032961,217.017214,366.045657,33.615131,1089.67946,108.723963,0.346203,0.262301,0.255034,21.282644,106.992343,32.517949,100.0,24.967646,45.741466,34.157328,4.66543,92.906365,0.186041,0.20865,1
10.618692,155.853853,554.530019,48.992873,1663.766032,243.857529,0.452781,0.567295,0.666154,178.847772,751.933475,27.611202,100.0,36.143777,27.822697,34.838076,4.399369,111.788099,0.29951,1.200019,0
15.622124,132.673238,618.800921,22.294788,1472.995154,345.444868,0.710558,0.019024,0.086163,31.047021,397.91217,25.596544,100.0,23.112195,20.480347,52.529218,2.552675,162.575759,0.390548,1.959689,0
48.971198,145.442131,413.771723,51.05603,274.073894,279.948146,0.341508,0.64558,0.539731,82.167541,102.652719,24.239919,100.0,31.814549,39.143275,29.698005,9.151981,100.033129,0.1,0.760627,0
29.301854,224.757527,339.732217,32.177791,767.962015,175.018534,0.500389,0.301909,0.3654,394.337374,104.834762,18.302777,100.0,25.469868,60.21634,16.004629,3.700281,114.259981,0.212991,1.22721,0
29.64234,134.697894,273.336205,11.37212,434.698223,158.656143,0.411899,0.637602,0.64021,5.0,569.064641,19.098357,100.0,26.815482,50.667527,28.417167,2.89257,102.102746,0.180932,1.830079,0
37.121365,163.955385,647.039266,8.963253,766.243739,326.759108,0.678939,0.311088,0.334254,50.45609,142.97489,35.476451,100.0,42.096755,69.649151,5.0,3.958075,165.76156,0.361781,1.277499,1
174.706592,295.529932,595.499032,51.309627,1702.204998,208.118555,0.605735,0.755322,0.767853,190.417577,216.895457,18.6283,100.0,42.021368,80.0,5.0,12.612044,150.829729,0.222148,0.744873,1
139.226492,209.792631,365.57419,8.056235,188.699676,178.790048,0.316272,0.608553,0.618622,373.717761,101.91257,24.09825,100.0,30.140264,36.406232,37.230332,10.609065,85.755987,0.1,1.020654,0
24.590033,92.142327,134.446109,20.433629,100.0,245.820913,0.285177,0.086275,0.10537,244.680109,70.48379,24.596674,69.816567,45.895342,48.159846,5.0,1.077537,102.861819,0.128124,0.003915,0
136.445174,228.203703,532.326411,23.377152,485.722923,85.375374,0.512233,0.620708,0.656827,326.179789,26.35957,24.008549,100.0,40.180564,37.948056,23.467728,8.744457,140.16209,0.286308,0.413327,0
31.60888,212.186759,481.573885,14.514694,1043.655301,22.944776,0.596387,0.314492,0.340032,500.359214,34.459801,25.068249,100.0,38.548307,29.306278,30.287454,5.697327,149.059002,0.385629,1.29638,0
13.70687,112.617852,413.099752,22.264135,1210.37741,307.840119,0.611157,0.138074,0.154771,83.032972,19.525864,35.212137,100.0,31.220705,45.078817,24.02669,4.131803,117.528729,0.210221,0.378558,1
35.92384,55.089342,157.451496,45.848091,1118.724217,218.614212,0.213142,0.40721,0.482762,23.39215,132.743979,24.856596,96.221377,39.349806,42.082546,18.773995,0.0,45.484471,0.110435,1.439667,0
78.663508,214.267055,363.818274,5.807556,1487.842702,59.355756,0.551491,0.274515,0.386577,148.599339,207.271831,26.976058,100.0,27.276996,37.246309,36.500742,3.784298,142.71056,0.279493,0.236538,0
27.42968,100.495713,467.326498,50.494538,100.0,107.297254,0.526416,0.11339,0.143014,118.075967,108.591216,22.170237,100.0,34.524345,32.38048,38.00445,6.533052,97.278578,0.317503,0.433964,0
98.867162,154.642509,173.599935,52.110141,1494.168269,356.376065,0.317426,0.427947,0.497972,190.99002,132.698102,22.828442,88.444853,45.675608,40.184984,18.179143,12.83064,59.855789,0.294146,0.111393,0
38.271177,207.587547,355.904617,25.474387,743.95234,228.392508,0.280498,0.421408,0.426688,90.863908,183.075479,26.804018,100.0,42.177805,32.145261,25.710114,9.143523,92.407233,0.194805,0.18988,0
83.15317,251.670835,307.447823,13.448709,1265.747155,229.000371,0.302842,0.615063,0.700417,134.616397,202.092702,32.422458,100.0,25.620608,35.813747,37.500296,7.130718,114.978708,0.223351,0.185975,0
24.296946,142.057131,234.894932,38.046222,238.287287,25.978919,0.240085,0.60531,0.756705,25.417936,280.86099,31.731219,100.0,44.176069,20.353224,39.126197,14.410923,49.265794,0.167612,0.549362,0
62.815548,149.77561,482.602785,11.581991,902.478349,348.837024,0.654989,0.608345,0.491976,1004.748808,108.655545,5.034377,100.0,18.676626,25.036484,57.007521,6.121325,157.671154,0.381807,0.242573,0
28.261759,103.684706,272.721014,25.070565,1018.135385,321.40184,0.306896,0.384683,0.435289,218.017175,448.871066,13.930605,100.0,31.725645,29.408597,42.853452,2.085616,65.209387,0.159363,0.569815,0
50.209166,85.991172,165.525444,57.713605,1477.875519,197.201679,0.31371,0.492913,0.670814,253.808127,70.828443,36.454972,100.0,44.665746,41.217047,7.12667,10.630982,82.387586,0.190165,0.217754,0
226.738189,236.300038,491.612272,59.750546,107.372689,111.38001,0.520444,0.593101,0.533638,1346.912081,92.058745,20.802912,100.0,23.258949,39.298154,37.553283,10.850551,139.387657,0.152138,3.08555,1
42.949094,122.489315,244.734285,47.465769,915.376274,251.299882,0.282505,0.503639,0.543001,98.133112,274.271824,21.695453,100.0,35.618173,28.555523,39.697007,7.635048,74.020482,0.215816,0.139716,0
18.209045,99.083146,263.421635,22.102883,357.382354,300.014782,0.186869,0.233182,0.238627,379.207995,1009.694009,20.509721,100.0,37.162619,29.999188,29.21003,0.0,68.42008,0.225216,0.851044,0
66.080689,118.722767,330.115636,42.821578,1152.748022,283.003708,0.199853,0.816542,0.807167,120.454241,1006.744579,16.165483,100.0,46.236281,41.354991,7.985905,4.044617,57.243034,0.183203,0.025211,0
66.994112,301.481021,719.749975,43.79735,1288.608268,351.737054,0.688078,0.853933,0.780319,485.158764,13.483365,19.359672,100.0,26.667042,30.367526,38.669501,0.364935,168.589456,0.282926,0.331258,0
66.646684,137.699719,349.094528,26.331293,1543.585121,229.267944,0.378844,0.321889,0.304753,16.769382,643.788517,20.74186,100.0,41.318363,22.743053,36.328425,5.102197,112.917917,0.141953,0.630296,0
94.589273,211.351304,352.505915,40.248875,632.485273,115.641155,0.321919,0.309892,0.429246,80.155723,209.75211,20.990133,100.0,24.375072,48.920955,24.668931,4.08833,86.097777,0.277332,1.701277,0
41.17392,175.190921,421.31223,5.59002,1363.613243,179.253941,0.48279,0.500131,0.603137,56.676368,453.147743,18.124138,100.0,28.128331,16.20843,56.86768,12.076787,101.040047,0.199611,0.635217,0
101.700814,248.575067,505.460081,16.498171,1580.450794,293.87418,0.736172,0.047291,0.169523,50.010622,936.451174,29.500921,100.0,32.113991,21.370337,49.433317,10.17061,148.306314,0.320865,0.05351,0
60.739126,124.947594,256.738563,33.879857,100.0,95.523331,0.477685,0.68032,0.727414,100.64205,577.186185,23.446801,100.0,30.713258,55.946175,11.401438,3.613539,111.440271,0.174368,0.130706,0
17.109868,102.32352,271.300332,14.006322,1206.17246,83.306972,0.339089,0.28309,0.259233,159.8928,244.173275,24.886678,100.0,42.744921,19.49814,39.347791,0.0,64.277793,0.221694,0.046405,0
112.557493,221.247196,403.519521,14.124878,1379.255627,260.940449,0.454947,0.583374,0.655652,37.319699,21.721753,24.542493,100.0,58.775576,61.920105,5.0,2.562106,119.123184,0.329266,0.49179,0
71.233447,135.751077,510.807994,50.996736,770.636807,159.993874,0.604367,0.700263,0.761804,403.589813,517.038921,20.860351,100.0,32.074089,19.471173,42.421121,3.660762,126.686173,0.297617,1.482332,0
97.737585,317.898844,338.652812,59.402315,294.613211,293.965342,0.418591,0.383308,0.44817,160.295582,476.881897,19.758509,100.0,32.418863,22.574967,42.120223,4.373019,120.692939,0.293469,0.365811,1
19.345765,419.820482,657.115214,35.578319,1371.477878,51.726091,0.728902,0.562036,0.616042,164.200913,420.25166,15.107635,100.0,50.847322,21.182812,29.538013,4.210334,171.604158,0.289443,0.217366,1
117.51043,248.928111,566.294622,51.148835,300.245586,120.850727,0.614925,0.919406,0.872187,51.960622,324.292541,28.339251,100.0,58.587945,17.050322,26.179652,5.414987,147.832941,0.290583,0.539317,1
268.517925,399.050152,766.906597,59.467692,810.824283,96.515966,0.767275,0.841292,0.87127,264.980451,1062.519523,23.112955,100.0,30.426759,60.368212,5.003155,8.220611,161.890008,0.357922,0.041076,1
17.83393,227.838467,279.883494,12.787774,879.937971,251.232533,0.278693,0.792572,0.710667,27.99482,26.044747,31.356865,100.0,35.60372,57.225489,6.774041,7.887803,45.370602,0.137418,0.044409,0
129.765386,311.06905,361.605109,29.653509,1257.769026,273.358517,0.448308,0.048191,0.097258,354.214908,2.196709,26.261875,100.0,17.363517,15.740871,60.0,4.628858,128.586399,0.189075,0.113626,0
71.473429,176.860877,294.771186,26.591499,586.68422,164.160971,0.129056,0.710689,0.714678,163.6024,108.437745,33.481143,100.0,23.702484,63.204359,13.021558,2.880384,37.575522,0.1,0.023009,0
61.265802,359.994991,646.155618,9.402711,557.708156,172.090576,0.680418,0.612315,0.634034,19.529701,85.787785,21.703565,100.0,14.193101,18.430887,60.0,10.27225,161.350163,0.305375,0.91851,0
118.506597,185.506569,526.07237,46.54316,949.457739,47.531478,0.345159,0.440504,0.423556,52.825093,108.005805,18.164205,100.0,28.715125,80.0,5.0,15.17505,73.899039,0.174664,1.010714,1
109.18766,279.617193,323.751851,28.857847,1403.195239,252.658114,0.406456,0.503647,0.466817,143.203801,273.369702,35.161355,100.0,50.502462,35.679878,10.783227,9.877142,122.565653,0.286883,1.132165,0
153.596223,238.277381,453.273319,30.812981,2043.725,357.234348,0.392121,0.636491,0.64009,91.690591,120.692552,30.920278,100.0,22.547443,28.429471,44.983583,8.419796,91.953814,0.109504,3.213867,1
20.145783,162.278531,491.184469,13.287014,146.2594,280.051863,0.650009,0.669438,0.459469,210.152212,610.551904,12.830865,100.0,25.091898,46.020379,29.424678,0.112269,122.862476,0.312479,1.983899,0
157.854593,236.317916,372.769668,14.950966,1057.671009,80.320436,0.430499,0.529392,0.412615,81.45292,137.428285,26.750541,100.0,37.262263,23.967715,41.078969,10.715938,120.383411,0.152116,1.22369,1
82.510951,375.05367,601.657792,54.890699,356.732487,224.324186,0.616295,0.405195,0.45355,331.122503,41.578917,28.239348,100.0,14.737222,15.423429,60.0,5.323356,158.801551,0.346506,0.062228,0
11.007451,227.77281,297.481225,7.4557,1409.405622,106.184452,0.398161,0.850451,0.747404,227.396705,278.798071,22.659053,100.0,35.68875,31.061091,28.703324,0.0,113.125622,0.180501,0.735887,0
43.300802,180.507989,448.302137,17.806876,430.727726,10.863559,0.399373,0.809256,0.714879,163.560161,975.856998,16.289332,100.0,10.0,39.341602,50.536517,2.141003,82.743481,0.217108,0.380072,0
72.779963,256.057965,418.343221,21.063263,562.675891,64.736228,0.572508,0.322137,0.429706,351.189481,35.783887,22.885153,100.0,29.14728,10.0,60.0,0.362937,115.559151,0.346698,1.509068,0
42.47033,95.330844,245.874542,31.960865,605.36457,36.933686,0.383077,0.120154,0.291709,42.22499,13.076558,25.160452,100.0,14.865155,23.696171,60.0,1.572021,96.73119,0.13088,0.30949,0
55.19418,85.603672,305.693351,37.254485,861.900531,70.535719,0.309498,0.11513,0.100164,167.832741,122.217172,19.784956,100.0,23.995666,69.2788,5.0,11.089295,70.54857,0.255892,0.578388,0
37.343936,102.395614,140.327905,32.130949,1061.598798,286.417592,0.118162,0.548498,0.561334,331.538474,198.069796,28.322215,93.415775,30.748695,37.893752,30.803809,10.531505,29.842777,0.146159,0.577697,1
300.0,587.255081,708.268248,9.626343,1141.850697,105.419568,0.664673,0.333909,0.5344,114.525104,160.394434,14.357379,100.0,30.822894,10.0,60.0,6.881031,180.555645,0.289949,0.648333,0
102.939611,181.180616,510.249491,18.40171,897.116227,272.534382,0.522945,0.365459,0.357351,64.965607,71.325173,25.058358,100.0,29.906926,38.055368,32.090294,2.700899,153.416986,0.144614,0.467294,1
65.808619,256.890146,300.570431,51.397361,235.054489,341.59052,0.247012,0.812642,0.811007,73.861669,156.786338,35.641641,100.0,56.772895,43.754298,5.0,3.290611,76.613516,0.260181,0.765966,0
23.746693,114.198848,162.871703,40.067379,1263.893075,206.738321,0.192755,0.586748,0.637538,148.695238,54.596448,27.589081,94.278948,40.047056,37.746597,25.036035,11.923271,47.77232,0.130185,0.690305,0
153.891725,248.499493,379.391766,40.703198,873.520668,174.747219,0.363328,0.954341,0.830176,166.720674,25.962569,32.675192,100.0,13.614225,50.587347,31.582143,14.410272,91.408789,0.238671,4.428298,1
93.071415,172.160652,353.22863,41.861179,1480.867395,270.045783,0.38002,0.485981,0.505959,85.933657,407.155777,23.183692,100.0,16.788595,33.399443,47.342851,4.153071,82.552717,0.220774,2.439118,0
26.267767,101.359399,313.004507,46.959666,546.13061,34.95245,0.346628,0.391857,0.425506,419.521864,4.892982,25.247747,100.0,46.826681,54.284854,5.0,9.842274,97.768481,0.304902,0.302573,0
26.451147,208.533525,739.664172,8.195966,100.0,154.156351,0.777524,0.749194,0.75124,46.361808,904.153336,21.403195,100.0,32.13672,37.813906,29.725771,3.775738,183.364764,0.297913,1.10854,0
56.325803,132.324195,349.181492,25.163461,882.986999,179.576854,0.399929,0.435272,0.54637,32.465791,64.421757,21.604961,100.0,46.026662,39.877244,13.864411,6.362425,100.730723,0.272374,0.699467,0
66.348342,140.762103,376.813882,34.674009,1547.976344,299.178472,0.460498,0.608926,0.684277,355.592455,433.471775,27.045782,100.0,43.463038,43.562645,15.653774,8.102425,108.201917,0.333466,0.721763,1
101.120379,207.387626,576.187384,23.615107,980.471068,293.118358,0.614644,0.20688,0.434392,158.340433,1098.337315,18.373548,100.0,29.036106,49.149878,19.497528,4.831996,132.738315,0.235558,0.406604,1
59.47585,144.82992,242.323123,51.446338,800.1651,305.37553,0.286484,0.721103,0.692277,267.740512,227.554742,28.999371,100.0,33.848571,43.712114,26.880476,5.38845,105.256855,0.1701,0.027305,0
107.640052,164.185048,406.003695,31.541488,464.826491,251.234254,0.513475,0.545155,0.473939,250.55325,127.415998,26.927319,100.0,25.638567,26.111695,52.503872,13.021254,128.498054,0.276853,1.038919,1
42.507,211.453666,495.462191,47.274517,1778.883233,191.000091,0.246742,0.525306,0.50481,5.0,352.571909,16.709199,100.0,42.577028,63.644405,5.0,5.92659,103.094638,0.202879,0.61272,1
59.607068,183.509289,442.496655,51.860853,385.198703,298.036556,0.440244,0.763959,0.749685,80.67688,40.516926,29.81647,100.0,33.552512,25.478587,46.086623,8.240198,82.328307,0.262669,0.646886,0
157.978107,230.312633,442.270026,32.763532,537.302871,314.381669,0.418864,0.799649,0.809002,107.375676,65.491309,36.641502,100.0,45.570508,24.119207,29.764636,15.281001,127.675083,0.279734,0.248919,0
111.286377,167.967127,369.83855,55.025373,1185.017098,172.974453,0.4263,0.857986,0.740107,209.166662,201.706675,29.332712,100.0,24.646198,10.0,60.0,10.282275,111.140853,0.229874,0.450528,1
62.571033,275.323092,355.055851,37.291817,100.0,354.838287,0.338364,0.374773,0.389574,320.739431,214.254015,12.368108,100.0,29.121861,33.928134,33.08864,6.084796,117.380725,0.218462,0.844135,1
80.23937,119.489296,261.27084,51.765086,1537.295333,314.934525,0.37697,0.66751,0.598986,19.844339,645.173228,38.253935,100.0,26.080826,30.032422,44.464703,5.605336,114.23406,0.151084,0.504532,1
59.82682,214.269955,668.628392,23.732494,1212.096557,183.76908,0.740867,0.938607,0.878248,400.673188,10.56876,10.712409,100.0,48.662053,39.086671,11.090557,1.85122,140.22924,0.288282,1.329739,0
15.794711,34.228346,153.054634,32.434933,1349.615536,24.943534,0.1,0.284192,0.397645,258.591016,65.192974,13.696929,87.541518,31.65436,24.733096,41.420619,5.332399,43.635372,0.110328,0.257936,0
197.17991,311.062984,500.148744,34.227607,1179.058506,80.817138,0.547476,0.768643,0.71956,48.711708,415.602867,13.460246,100.0,30.866438,64.40278,7.158974,6.39714,117.425716,0.254079,0.318138,0
27.994637,144.153393,324.791168,10.773884,819.438241,279.503489,0.247983,0.266897,0.35953,195.302521,3.231699,22.341287,100.0,29.932835,28.610942,41.054073,1.848867,94.779038,0.200624,1.464008,0
45.420656,78.767434,320.767024,26.920388,368.425645,40.015533,0.420618,0.266626,0.314992,52.983991,596.108892,12.332459,100.0,44.947935,28.609067,22.482195,0.0,77.55086,0.134213,0.080554,0
300.0,335.860103,515.453308,55.453572,829.962279,169.128024,0.491481,0.367987,0.385876,399.066678,111.10143,10.513845,100.0,60.0,36.857693,5.0,14.716852,101.545994,0.275428,0.084902,1
22.819833,141.810814,301.469807,39.695773,412.381844,217.746789,0.275828,0.568625,0.471856,243.174729,25.396604,19.807603,100.0,59.629573,43.991748,5.0,1.716999,60.136557,0.214578,0.775308,0
57.006639,91.90899,414.159817,14.762862,1143.077655,316.204858,0.280991,0.802764,0.863464,84.674457,205.343919,19.593246,100.0,39.857895,57.354375,5.0,11.886243,61.736024,0.1,0.714199,0
165.438091,407.685726,624.275021,23.63706,1303.389915,304.960991,0.621415,0.600796,0.577705,5.582967,206.116915,22.134527,100.0,21.545742,46.407419,28.071716,4.206185,141.023314,0.381095,1.646324,0
227.518963,300.565741,502.674591,15.538166,1638.404316,275.140052,0.411473,0.12526,0.253502,1019.387795,435.920006,26.780429,100.0,25.567776,46.125063,31.777494,6.967009,114.044103,0.3222,2.394796,1
92.074221,361.597221,486.570408,6.365272,1085.88382,146.769927,0.36523,0.721977,0.740326,55.626921,0.885999,32.729361,100.0,35.301242,39.910612,27.05797,4.111858,123.839473,0.262965,1.360987,0
154.908272,387.648299,532.282649,56.010325,1362.287678,51.209732,0.571037,0.400513,0.442136,318.223232,24.145181,23.72883,100.0,10.0,24.891963,60.0,7.842445,124.65797,0.268765,0.082811,1
52.258142,149.636819,372.083198,29.651403,751.427631,241.073751,0.513195,0.508715,0.411159,5.0,241.814366,26.592005,100.0,24.866692,28.13507,49.487677,0.0,130.649411,0.245585,0.157323,1
2.113621,123.857928,466.198067,21.914429,660.861431,65.263904,0.535716,0.557606,0.620922,184.390516,486.559374,22.147835,100.0,41.610077,10.0,50.199187,3.461639,117.717174,0.238369,1.149397,0
145.121769,349.624083,765.251686,37.916246,1136.835945,202.073214,0.607365,0.293705,0.422093,207.613855,53.829188,30.890529,100.0,14.374948,32.987071,53.391156,9.846439,164.026122,0.292212,0.874385,0
61.39796,106.479109,341.038038,5.402295,706.763564,353.044146,0.376204,0.648042,0.685868,172.569284,67.309487,33.017562,100.0,37.839094,48.238034,14.721603,2.291442,90.485102,0.188966,0.369122,0
47.206565,125.347143,715.148832,20.291216,1034.592894,198.111519,0.775933,0.56377,0.616291,12.202117,1044.183559,20.359773,100.0,25.924232,33.847462,43.479383,3.256836,165.795891,0.36867,0.804283,1
43.632679,308.840017,462.332103,43.666841,369.403905,232.400472,0.479343,0.377835,0.361505,531.681943,226.278456,15.840679,100.0,24.949449,44.922515,27.52418,4.446319,105.830088,0.249511,0.750005,0
106.061539,295.278138,448.042839,39.857338,459.186159,243.92717,0.51339,0.837472,0.7349,17.595667,261.433399,20.369831,100.0,38.419581,68.393345,5.0,3.786318,127.737915,0.289662,1.42787,0
105.135945,193.901805,578.620882,58.999327,1217.704651,298.939809,0.548102,0.372116,0.402,120.088091,129.035092,21.095814,100.0,49.357091,39.699707,7.711858,5.9026,110.828813,0.252773,0.249997,1
62.885473,185.373059,393.570389,39.119674,1343.345038,156.593044,0.396065,0.434796,0.408485,75.603429,48.110356,22.573786,100.0,31.219186,47.188708,22.250363,12.01338,107.595894,0.167639,0.130589,0
88.699902,152.190484,280.116299,31.262823,407.171916,179.103564,0.272138,0.41625,0.427082,249.698905,29.847571,23.936051,100.0,47.099496,39.864276,15.088677,7.888335,84.482441,0.234408,0.050097,0
22.356818,105.60843,290.727525,46.878791,1235.307155,63.349925,0.40832,0.290921,0.253725,6.037999,69.190953,22.58862,100.0,35.657565,24.917098,40.872774,8.808171,104.509577,0.172838,0.024302,0
52.921506,205.730767,294.075938,54.683033,633.632163,221.28476,0.417473,0.763892,0.844882,171.440728,616.027998,16.309428,100.0,19.533076,34.58643,42.868777,4.692579,113.528903,0.217318,0.223349,0
23.416555,106.880787,273.282393,44.638277,908.252588,106.472882,0.276773,0.414132,0.418747,103.308045,783.427932,22.403762,100.0,44.112606,20.570549,38.689897,9.148074,84.775076,0.168809,1.155419,0
22.616264,191.961758,272.44389,57.976617,1608.472208,182.74491,0.407064,0.5914,0.518588,565.696059,14.006088,25.585178,100.0,46.412232,51.573545,5.0,10.911209,104.076111,0.227458,1.226289,0
82.264622,117.19295,205.430943,48.010284,1303.743617,275.96059,0.131919,0.707515,0.771198,38.868779,337.12736,32.970533,100.0,36.35837,52.866979,9.982009,5.559927,45.176911,0.120035,0.221622,0
65.67405,217.311001,438.170684,52.674079,1297.935994,6.325166,0.455333,0.427623,0.444267,442.060566,113.765651,20.437949,100.0,17.950547,36.518139,48.45503,17.254793,126.541537,0.221663,0.047306,0
42.585397,92.089916,119.867771,11.275724,1854.395179,203.00959,0.1,0.406873,0.415157,189.332284,58.540833,23.732309,97.568367,15.727799,66.314526,18.148803,0.0,32.710728,0.12488,3.202812,0
50.712592,146.131411,227.382974,45.282743,548.060329,62.440206,0.18009,0.516113,0.637578,138.681742,215.974768,23.097425,100.0,37.191394,34.382399,27.745953,1.419352,55.225326,0.1,0.070007,0
87.713736,148.238514,255.353786,29.204878,407.062513,100.578002,0.180484,0.402566,0.347677,78.35046,107.458148,20.745582,100.0,37.168778,51.964696,18.414589,2.632465,72.732027,0.132352,0.170116,0
107.702349,259.614024,400.264044,35.420709,538.938865,12.496781,0.374652,0.714957,0.763369,33.065484,441.422167,20.904779,100.0,39.778998,34.041305,27.148874,4.948972,100.347824,0.215296,1.196195,0
95.002941,133.167603,402.285128,40.975633,772.749473,61.006594,0.503917,0.669589,0.676141,364.669824,293.027452,12.673396,100.0,10.0,45.149852,44.965332,9.839195,103.673174,0.16726,1.022499,0
10.401412,181.094759,318.241747,58.339831,100.0,355.186582,0.362669,0.580201,0.533897,201.668627,126.868396,26.5292,100.0,22.474799,15.698429,60.0,3.224231,112.857676,0.271153,0.146985,0
3.94386,109.418286,553.766445,59.151794,796.285882,359.468194,0.512311,0.766517,0.71211,245.572182,849.310123,27.855189,100.0,25.694667,30.080295,43.084392,0.0,68.009764,0.363307,0.838986,0
30.6107,120.193015,237.95111,20.852554,627.714634,259.145251,0.284908,0.446382,0.544293,77.700349,281.282502,21.357358,100.0,43.811896,39.060717,17.32271,1.595994,88.100116,0.210516,0.370005,1
4.029716,71.091203,101.344618,45.356442,1291.879884,220.268468,0.1,0.781896,0.751558,53.048261,553.558573,26.834763,77.981564,32.242573,51.604418,13.834438,3.591908,20.0,0.1,0.668712,0
181.184362,258.279623,343.561921,46.249095,1076.20969,279.722503,0.449209,0.658591,0.582642,126.973754,308.483524,13.399881,100.0,44.507154,38.755579,14.298981,10.921885,112.96421,0.220413,0.3099,1
49.27323,278.690527,497.458911,24.057107,599.651686,322.759538,0.298077,0.397806,0.453109,58.997868,155.201541,32.701319,100.0,21.154671,59.863806,17.776129,0.0,106.82311,0.132345,1.526985,1
16.978885,82.979959,170.977648,11.812838,1194.980423,186.949821,0.174607,0.07483,0.014048,255.589632,101.400537,19.213043,96.07911,11.671013,32.206477,58.221173,1.51085,62.833343,0.2191,0.463436,0
48.782613,279.28641,394.718403,7.252083,1261.63153,12.70224,0.427623,0.438158,0.407851,613.697712,45.115799,22.253966,100.0,41.290465,23.18919,38.577967,3.072428,102.354929,0.162704,1.122042,0
7.573712,286.283286,669.056212,47.753872,515.727105,255.382495,0.713252,0.814356,0.777577,196.363401,66.357909,29.382994,100.0,29.58569,67.922864,5.0,5.285968,162.656908,0.376453,0.931639,0
17.415733,105.529084,561.368182,31.933486,653.487872,354.456901,0.601062,0.455839,0.389338,306.923549,146.16612,15.136974,100.0,32.579368,13.730731,54.568438,7.10035,109.042889,0.266954,0.157951,0
45.671396,76.061073,137.038095,59.204709,100.0,92.899064,0.211533,0.591094,0.664323,8.155012,303.921775,20.956827,82.016011,18.342823,26.244449,54.901652,3.08098,39.806126,0.221163,0.80797,0
39.243878,234.131811,392.672072,30.57354,354.670013,166.847604,0.57952,0.242225,0.320215,1500.0,334.035948,19.485747,100.0,33.535089,37.867087,36.256819,4.104866,116.275089,0.315961,0.682893,0
45.341462,238.820432,454.189497,58.785434,528.76522,130.058784,0.687547,0.310566,0.219919,229.235176,420.758654,27.107179,100.0,34.331642,33.302176,31.624599,7.113758,132.91444,0.364938,2.109653,0
89.888833,322.523914,654.029051,27.63668,937.083088,140.568298,0.65663,0.357613,0.384442,145.540416,632.173271,18.183796,100.0,32.24633,40.021677,24.326294,4.577157,160.563581,0.318484,0.202187,1
128.042757,228.388615,364.445827,48.652518,427.30866,259.703998,0.39977,0.748201,0.866145,151.576266,266.803719,28.389468,100.0,39.372517,39.573355,23.368999,9.772332,143.217308,0.302983,0.658778,1
69.114681,200.11984,414.33478,9.66506,643.274006,136.22558,0.436212,0.528672,0.543101,574.659359,287.019071,25.375274,100.0,40.678807,73.140753,5.0,0.181928,110.846075,0.151581,0.127048,0
133.06501,209.432595,577.940821,35.550394,287.334659,338.790285,0.530163,0.521422,0.531338,17.757694,109.267738,14.489088,100.0,45.897211,34.178915,19.253944,9.250925,112.773946,0.178878,0.498633,0
40.062329,113.981586,302.975266,49.113288,985.556949,284.277043,0.395115,0.457492,0.439111,27.342347,103.262284,28.904979,100.0,32.811999,43.760678,24.772632,4.974189,71.213972,0.141368,0.281404,0
146.388571,272.846938,289.079818,55.858592,1112.857297,9.952929,0.472872,0.326216,0.35818,476.928474,245.187202,35.054562,100.0,50.634825,38.836612,13.925781,12.172682,108.10469,0.222157,0.092916,1
70.005756,275.718091,433.158482,50.24207,1101.182674,294.677598,0.219167,0.574604,0.436732,246.809765,40.887544,18.407578,100.0,17.931139,10.0,60.0,11.397977,63.274225,0.120591,0.53275,0
120.025308,297.276581,398.295177,7.03339,906.180566,278.228672,0.421585,0.573119,0.645899,185.474261,463.445175,20.778856,100.0,42.331732,18.792714,40.539926,8.487854,96.99132,0.200613,0.068029,0
40.802654,149.572081,255.995174,25.498629,129.463502,185.937742,0.466455,0.074789,0.231195,57.12257,452.382375,16.077296,100.0,32.523384,10.0,55.541053,0.0,94.980202,0.326117,0.470556,0
67.464094,284.267658,397.185795,7.678416,590.023168,178.854263,0.476925,0.726957,0.845459,30.535524,45.811367,23.518273,100.0,30.86428,20.08972,45.19526,1.147577,117.813109,0.216284,0.70406,0
248.745683,287.72326,314.787552,11.010526,696.346664,300.789685,0.408949,0.567564,0.627634,122.031477,491.396221,30.415008,100.0,27.145589,34.803828,36.087248,9.43199,96.030152,0.269058,0.870885,0
67.054894,492.465197,929.322196,42.14181,698.352344,152.922704,0.729833,0.788143,0.751258,49.778,207.981348,19.791139,100.0,38.072235,51.314286,13.539749,4.76533,196.247722,0.339542,0.156083,0
127.225326,169.826514,514.674144,44.229201,937.490609,57.406444,0.607686,0.626374,0.644011,377.075566,362.93292,18.334003,100.0,52.465338,58.987517,5.0,5.286104,147.070338,0.34749,1.100742,1
138.896534,241.508732,719.550475,47.554638,1612.770686,112.64358,0.812531,0.733175,0.706693,19.308597,39.94265,31.50428,100.0,46.566904,77.775902,5.0,11.739207,164.517097,0.38305,0.485642,1
100.641842,225.758297,843.164937,52.60011,1306.048106,95.472865,0.836684,0.691834,0.746801,471.941623,155.674019,19.294032,100.0,41.997312,38.897476,13.219217,3.407008,138.370246,0.390895,0.351277,0
114.352883,242.742869,451.902371,45.668731,406.24111,245.181251,0.418562,0.555669,0.524104,217.917076,133.207228,19.599232,100.0,30.544687,37.997653,23.729996,1.047312,111.758612,0.212479,0.469953,0
40.912934,244.054008,370.645952,49.047938,1239.201438,64.394406,0.459331,0.465048,0.593159,484.567296,195.526693,22.452643,100.0,50.07464,14.317936,37.000751,2.096215,124.510358,0.194675,0.231969,0
29.656872,85.181914,334.358742,7.693004,1220.151184,232.118077,0.28042,0.306327,0.295042,124.062112,203.647837,13.443735,100.0,36.704398,21.449948,40.781418,4.18151,55.562096,0.1,0.214046,0
23.759339,158.001349,414.244372,17.899433,496.966264,167.748101,0.335088,0.693181,0.646902,212.01268,91.231889,18.817908,100.0,20.53044,50.402952,27.976331,9.164664,65.431164,0.228265,1.170278,1
86.659251,254.540703,380.778825,39.204378,1324.432961,302.277935,0.503875,0.518953,0.594345,389.761441,602.783266,35.065934,100.0,23.102236,68.375633,8.368642,13.806864,145.022784,0.350369,0.288404,0
65.494543,287.539673,411.187992,52.196892,819.811682,174.599548,0.559091,0.935076,0.802217,496.278165,428.034102,28.186948,100.0,49.860343,59.804594,5.0,5.77052,121.181087,0.248397,0.769787,1
82.06381,169.478162,343.569952,5.247507,195.023255,334.729416,0.317772,0.30056,0.452251,463.929722,269.086091,27.568845,100.0,44.451765,27.633897,26.262645,0.074647,75.430064,0.190295,0.760384,0
19.857792,137.198259,254.24636,33.304614,1127.601362,324.168886,0.199576,0.662738,0.608318,64.621965,927.536619,27.653863,100.0,45.971059,18.969328,39.342861,4.431658,50.452316,0.1,1.516288,0
34.270928,140.833007,398.812376,42.250807,1008.480912,66.703528,0.351206,0.628714,0.563579,1116.968795,100.296675,27.670437,100.0,33.786803,10.0,58.657218,5.940173,75.648354,0.196363,0.196039,0
124.65231,287.243757,358.520176,6.628401,786.161185,247.019887,0.424507,0.63846,0.709397,66.197137,84.665784,21.459028,100.0,22.654858,36.16526,44.001454,0.0,104.471179,0.211575,0.941228,0
73.943047,237.239242,532.590173,27.074556,881.273458,77.26491,0.436282,0.732841,0.709239,9.829472,730.696559,23.499952,100.0,12.601924,68.705503,23.337857,0.0,107.007402,0.19885,3.408152,0
70.421972,155.239874,564.01994,54.259918,540.457261,296.38955,0.7078,0.491357,0.561821,83.82726,1408.927424,26.122093,100.0,22.854121,29.237348,51.245654,1.893239,123.797436,0.277018,0.298734,0
52.590741,157.740221,839.395762,41.938704,1205.065252,228.860336,0.766996,0.498792,0.477107,199.130306,350.209846,21.089042,100.0,15.859615,27.283956,53.850991,10.642051,113.568238,0.399297,0.170375,0
31.427955,142.065766,602.752735,18.07121,878.274683,105.88237,0.648969,0.579505,0.599095,348.188069,258.497858,31.858382,100.0,57.626548,33.372373,10.762694,2.52849,135.826942,0.358158,0.271533,0
149.895413,198.469453,873.910861,51.902962,983.224422,89.684506,0.768504,0.67825,0.67999,453.78859,148.882627,13.811135,100.0,25.894671,32.973344,35.644636,6.703301,145.066727,0.419443,1.696346,1
168.008058,307.281268,567.928131,24.141728,1078.570962,154.647956,0.641141,0.740953,0.789571,366.168861,665.763549,22.078447,100.0,25.90074,38.687112,33.09063,9.398716,126.415341,0.346309,1.616894,1
67.737923,203.406252,264.71798,51.933957,322.707193,288.26027,0.391599,0.409518,0.45771,439.285626,67.48346,30.635059,100.0,25.818262,10.0,60.0,11.134839,99.136727,0.172351,0.628267,0
57.258495,106.243177,305.264955,21.441901,452.858489,286.618179,0.191694,0.430055,0.493776,28.556891,401.981813,29.965797,100.0,12.810656,21.575948,60.0,1.433761,58.136233,0.115962,1.84297,0
176.754606,322.282711,909.211374,37.467614,100.0,12.015441,0.804863,0.456196,0.406636,299.75658,84.286398,20.986667,100.0,11.950429,31.135732,58.253397,9.071376,188.115686,0.378714,0.222603,1
35.211804,498.220088,950.116859,26.831704,1182.371129,108.823398,0.891937,0.675674,0.54407,37.034962,358.893015,25.869432,100.0,49.808902,41.706267,13.395776,5.142038,165.038815,0.352385,0.599225,0
43.265336,103.835913,255.196559,20.115378,293.894988,152.226347,0.2644,0.87211,0.691773,41.514346,124.139203,25.81511,100.0,51.702105,28.259644,19.844156,7.462029,68.320031,0.247172,2.256667,0
120.391724,168.97158,203.363306,53.760666,966.284855,210.809525,0.360017,0.724509,0.651494,115.070039,721.213293,37.043764,100.0,45.132773,40.761396,13.306794,8.23348,83.263043,0.205123,0.181173,1
42.627986,209.120758,461.114831,15.317653,1085.494112,53.829723,0.432228,0.280128,0.282325,135.212208,41.334278,19.202073,100.0,37.701195,27.338216,34.117163,0.0,89.935279,0.185929,2.162284,1
64.646012,149.078977,207.138843,9.664638,1201.176419,120.701887,0.347553,0.338756,0.260732,10.154683,66.189353,25.249344,100.0,18.705978,50.84399,29.295792,3.687642,99.148745,0.234102,1.494093,0
5.59207,209.147346,456.558827,23.805982,297.991543,318.814927,0.536541,0.374462,0.348064,423.73307,104.80195,21.504989,100.0,46.231346,42.531296,9.851461,4.695676,125.075114,0.307342,0.657024,0
170.857761,272.555751,539.531847,44.470153,867.419191,171.557105,0.547808,0.702351,0.731469,179.671644,261.395589,33.145549,100.0,32.146108,40.452242,27.049125,8.357636,128.044491,0.294027,0.359218,1
113.017322,183.044712,621.363237,49.408738,1735.14021,267.891561,0.703794,0.711176,0.554979,14.401623,40.830082,23.166835,100.0,37.980996,50.418229,12.662086,5.095537,130.649122,0.368557,0.179313,1
142.503511,243.038429,281.118205,59.930885,1757.15734,174.520262,0.185158,0.777042,0.700326,270.513521,162.959182,20.272251,100.0,35.330987,46.772265,17.10539,3.983833,85.166299,0.164025,2.466519,1
27.129059,190.396929,524.011321,21.299913,1393.661547,167.393728,0.53924,0.745057,0.805909,197.907763,55.482964,28.426977,100.0,40.634741,28.395172,30.15981,8.143547,91.820696,0.348782,0.579209,0
197.370888,357.003865,532.225546,27.436807,1068.746569,223.893189,0.474968,0.630586,0.55488,97.077225,84.566678,19.212839,100.0,42.796161,24.598561,32.832393,11.236463,141.558047,0.299267,0.913654,0
59.855166,95.323114,605.821115,12.52517,397.446806,93.371224,0.604256,0.719211,0.674343,171.009628,35.524367,25.122718,100.0,30.496289,59.123691,6.974584,4.008228,106.885982,0.25898,0.01272,0
151.475071,314.432142,634.130085,36.617956,1259.310813,89.928756,0.59207,0.156729,0.232904,48.964885,403.852122,28.022868,100.0,43.568849,68.777607,5.0,3.731935,134.818001,0.252648,1.181921,0
84.849011,197.724467,407.986649,59.866902,820.989386,356.167388,0.452787,0.800426,0.795582,159.458863,463.908886,13.603876,100.0,28.853194,56.442823,16.715825,10.563091,127.266194,0.232489,0.603474,0
116.904211,236.255388,334.753896,43.548456,1180.264138,312.837123,0.385489,0.586864,0.592505,231.331058,181.46565,19.115197,100.0,43.230035,56.034362,5.0,5.216989,120.270254,0.214227,0.18528,1
89.947511,229.289286,416.878265,37.736706,583.578273,265.591763,0.468222,0.354487,0.563255,292.580804,85.507933,35.470675,100.0,43.511921,21.374553,36.617024,0.0,117.78508,0.209859,3.248339,0
42.338189,90.192118,475.626233,26.5803,813.533444,49.372034,0.522121,0.531403,0.645132,163.4244,150.75904,25.323272,100.0,13.480096,35.223369,53.420065,8.033321,112.134946,0.213279,0.637739,0
12.336746,46.559823,234.997971,55.341432,982.07368,10.880896,0.357084,0.603927,0.51755,188.964886,331.437544,17.168288,100.0,32.49351,33.149339,39.786852,0.0,73.909355,0.193796,0.482537,0
159.903447,196.414759,380.609191,32.330413,1023.139046,63.148502,0.297645,0.466697,0.524929,144.293642,81.234875,24.861048,100.0,10.0,32.587074,58.418128,6.787543,98.302099,0.150959,1.340024,0
126.55823,322.121948,512.986264,12.39018,1146.861357,337.583147,0.586975,0.647907,0.601354,110.647739,330.516236,12.761151,100.0,15.174731,24.963535,57.638318,8.610733,148.123945,0.288252,1.095722,0
159.75628,354.277731,481.028986,25.095815,610.402508,293.864317,0.357611,0.729198,0.628168,93.094919,187.063171,24.99384,100.0,32.780314,43.374536,23.688497,7.852692,119.093873,0.1,2.039324,0
16.235602,29.060033,119.451407,8.694167,228.357774,188.307364,0.1,0.725177,0.891059,229.686888,438.992331,26.364194,100.0,30.565606,43.563925,24.310175,5.307175,22.598837,0.1692,2.163797,0
44.4681,149.454315,251.152983,16.108847,1712.39252,348.761013,0.510726,0.602964,0.474241,92.21065,101.306239,23.472103,100.0,29.218373,23.289948,46.930352,8.029049,114.043168,0.242079,0.1232,0
14.236348,89.038753,291.808786,5.971783,2144.627085,52.769557,0.254154,0.65963,0.673485,61.537904,397.960818,19.525633,100.0,39.325693,26.068379,30.690552,0.0,64.950743,0.184672,0.002731,0
36.870485,89.687413,433.40045,29.930395,1123.710356,201.294158,0.423587,0.785916,0.75505,302.679621,1500.0,34.723316,100.0,27.938128,41.092697,30.762535,4.508723,80.506969,0.108637,0.309538,0
140.829901,361.222146,583.079877,39.899715,238.003953,65.959966,0.409245,0.94458,0.789621,7.657844,171.046483,22.009653,100.0,19.250461,37.400365,47.171057,7.569208,117.268681,0.227236,1.52245,1
115.920895,364.426806,754.606442,23.881085,513.402442,110.314298,0.69597,0.709139,0.632075,208.351826,181.589917,12.643164,100.0,15.177277,28.276876,60.0,5.655282,182.71102,0.316265,1.506894,0
104.618008,227.889419,684.749385,28.120997,1154.558785,338.448607,0.702717,0.583402,0.597679,29.466441,549.02834,23.015898,100.0,13.807172,34.671206,53.548196,8.745926,155.863647,0.323033,0.759844,0
44.745824,116.246608,726.578861,57.75651,1570.557806,312.580266,0.74187,0.654028,0.696771,183.15855,125.409005,31.023175,100.0,22.416332,16.918534,58.306929,9.204657,141.029347,0.349173,0.316755,0
3.042431,84.291757,661.620873,46.357972,293.554683,36.647563,0.5417,0.591727,0.627701,334.765305,10.663302,33.711474,100.0,23.876324,48.585044,29.118151,8.815875,103.790221,0.241394,1.563537,0
18.93404,64.928572,129.787735,34.747115,837.83359,89.83577,0.165954,0.166689,0.211963,335.261357,138.626497,7.825139,83.128172,47.667295,31.606622,20.189679,0.410753,45.126879,0.156757,1.172662,0
52.586699,132.878863,412.641722,20.649748,997.966032,214.022689,0.487621,0.649511,0.548536,150.55117,174.591569,18.98739,100.0,33.963953,31.055844,34.101296,5.482204,108.82931,0.116492,0.356267,0
23.594977,81.935245,224.581004,54.334824,1332.289226,22.087003,0.314749,0.824905,0.781722,49.330271,332.659699,21.752072,100.0,20.865157,45.588335,37.137101,1.558186,74.727779,0.203736,0.459598,0
127.552105,365.838853,471.181578,17.930341,728.199453,198.030473,0.51333,0.741967,0.72521,27.933599,272.567063,24.994284,100.0,41.317911,54.716279,5.0,7.601891,150.102811,0.268758,0.125162,0
201.740386,225.910585,391.916613,22.89385,118.092654,210.416917,0.509172,0.739785,0.757325,200.542657,158.044089,15.824087,100.0,40.908495,38.025656,20.025242,14.634523,112.434261,0.335294,0.939456,0
84.337863,265.77454,753.534222,54.998565,1210.59878,104.748185,0.729605,0.804853,0.746601,474.738548,124.093156,27.330735,100.0,27.303331,27.953457,46.18882,13.469384,171.519537,0.349279,0.03921,0
16.013839,71.381059,458.009082,34.124813,1462.397983,105.524273,0.628533,0.415033,0.565803,143.875702,35.240153,29.567741,100.0,46.167855,44.386136,5.410367,0.0,114.293791,0.184168,0.175812,0
164.103474,326.102044,530.329347,45.827487,858.704269,82.468537,0.521465,0.558039,0.40903,32.683266,51.543731,18.694912,100.0,43.506193,38.923442,17.065954,4.329379,146.933864,0.239,0.347511,1
70.467862,168.050928,477.574119,37.490964,1102.620046,336.843493,0.57539,0.345001,0.366436,275.281958,208.88705,23.715881,100.0,28.683283,42.987725,32.184554,7.581253,156.370859,0.258373,0.072523,0
62.953819,246.233707,501.753141,40.939156,662.754385,139.993611,0.599502,0.608482,0.684659,245.119043,429.59912,28.887085,100.0,31.588442,50.935365,21.971239,3.64474,168.612733,0.284836,0.105782,1
98.102918,136.110024,302.381347,21.466081,477.113603,210.696863,0.193109,0.501237,0.409515,658.498428,118.68944,34.611816,100.0,28.258418,35.166917,33.961776,10.455213,81.00151,0.130451,0.044389,0
19.816813,88.933969,205.488241,18.275463,1413.21284,108.566847,0.318755,0.729957,0.640101,946.553759,309.179874,30.332475,100.0,38.097108,54.343113,5.0,6.281493,109.121924,0.195054,0.192858,0
45.408743,130.284871,317.731202,22.737079,1093.747924,252.959042,0.306058,0.41396,0.419894,29.010226,105.272222,20.871498,100.0,10.0,28.743764,59.543765,6.227947,64.547896,0.139396,0.703271,0
59.420533,171.517872,494.157214,13.549286,1145.1843,36.518858,0.419149,0.388223,0.282023,128.12035,4.286032,26.72021,100.0,42.53136,27.017494,20.699381,0.0,86.413911,0.306413,0.868135,0
78.74014,189.690351,712.447454,53.08729,1651.057574,25.790956,0.663138,0.511008,0.430774,317.357404,415.501759,22.590402,100.0,16.362945,52.32292,36.479691,10.333873,140.783288,0.306121,0.060315,0
85.149676,130.789803,412.526196,20.578581,372.578833,267.942154,0.466816,0.227785,0.197398,209.292116,690.890793,19.50334,100.0,24.983519,45.055729,32.124857,7.381395,112.507214,0.35215,0.396958,0
97.972386,133.718312,266.899522,35.881917,623.986866,261.600465,0.170375,0.433872,0.565089,194.424876,287.722472,26.974615,100.0,55.216346,35.450117,6.050935,6.208221,58.126429,0.1,1.288544,1
37.800219,126.463771,221.102141,48.558593,978.966674,95.400481,0.290625,0.383663,0.37355,19.708859,160.79096,26.912851,100.0,28.596172,37.744322,29.587723,0.0,78.342934,0.16059,0.790565,0
9.564585,111.86924,361.461122,48.110326,617.843381,127.816817,0.385484,0.402361,0.401655,60.593234,302.350566,23.954552,100.0,36.181006,33.220691,30.665525,11.051558,103.45435,0.251852,0.001583,0
52.134722,137.356019,176.634601,29.111244,1291.568268,344.61378,0.353957,0.819442,0.839344,78.894034,414.080114,30.013161,97.543566,36.994281,34.786067,29.339,0.257109,84.256093,0.129578,0.548888,0
57.841431,81.949216,906.887282,31.194152,806.30039,37.558906,0.8075,0.444798,0.474449,93.842758,213.248302,22.29982,100.0,36.360913,18.285088,51.569113,0.0,140.964567,0.423196,2.845712,0
9.019535,114.415842,392.589519,59.708596,403.733596,65.932944,0.552683,0.488332,0.428206,379.954391,352.921835,23.449475,100.0,27.736541,25.603123,45.227938,7.825452,122.149493,0.280787,0.131579,0
35.922372,180.051204,616.086266,42.102861,932.885838,154.813811,0.662353,0.317244,0.416837,111.790724,314.193796,25.183239,100.0,37.347299,35.529422,27.836869,9.438032,142.486698,0.318429,0.565248,0
73.141203,196.270039,567.777708,49.805114,985.169385,101.555606,0.579262,0.88178,0.78626,158.187936,17.917352,25.93083,100.0,31.677181,12.903998,54.030444,3.846074,120.098169,0.348355,0.006972,0
41.282654,136.399084,411.446813,54.640468,1367.341031,233.643078,0.577096,0.66251,0.666541,370.972407,135.28867,18.456078,100.0,13.284496,10.0,60.0,2.552681,113.714543,0.259017,0.148747,0
70.782759,187.2584,450.979354,48.317441,1096.570452,248.61662,0.675586,0.498205,0.565574,106.040501,452.722023,35.323751,100.0,19.656912,12.178009,60.0,7.944734,149.340029,0.288191,0.500673,1
39.671607,99.669937,433.673386,15.184864,1130.573196,189.49971,0.447568,0.576562,0.599775,107.188911,141.603317,28.034141,100.0,30.635905,56.826347,20.796365,11.112353,87.004624,0.216196,0.38444,1
103.526991,324.050626,479.923761,35.91939,1060.145842,220.031029,0.433926,0.71467,0.698746,61.964751,98.29665,24.010257,100.0,38.170688,68.6737,5.0,13.480133,96.189762,0.216301,0.817456,0
25.539196,99.270272,305.928522,10.604179,805.888739,156.0315,0.402938,0.784418,0.669035,6.575265,43.151861,24.138515,100.0,38.338742,42.429396,15.301505,6.56628,70.261777,0.158458,0.075696,0
63.60943,210.736115,557.096215,40.910717,541.890442,273.739411,0.431229,0.578978,0.522163,232.936245,83.478862,23.544584,100.0,34.45772,35.162244,33.214556,7.15879,87.517537,0.250118,0.63812,1
66.180248,332.463352,397.174185,57.544219,1044.419176,15.155459,0.307495,0.311343,0.216846,374.49063,368.024869,32.771593,100.0,32.431558,56.339394,11.373114,6.303978,81.432355,0.169931,0.733383,0
123.943866,216.409884,418.299729,33.200264,733.437617,112.640881,0.586242,0.67629,0.681343,28.334448,106.171626,29.749184,100.0,30.965949,20.427027,49.468082,5.893718,135.813383,0.275529,0.203012,0
47.54629,235.991502,421.50077,28.813487,1744.91131,246.394815,0.515462,0.749822,0.766798,147.766868,281.102619,27.80895,100.0,35.985217,42.871957,20.748369,3.461701,116.018295,0.251844,0.272169,0
199.753957,272.25687,309.19551,6.971351,1571.091147,118.672239,0.276999,0.70931,0.560758,191.501131,81.556232,38.868599,100.0,21.700384,42.973252,33.661654,7.682816,98.002153,0.217193,0.84123,1
194.424079,383.95729,677.10951,57.787599,1216.419566,28.272701,0.989048,0.298068,0.309088,104.767522,222.6184,27.552186,100.0,32.785249,33.90172,34.916719,8.5448,200.0,0.441706,0.023405,1
27.251754,265.828963,499.875745,10.665148,1089.23347,124.204834,0.386681,0.315888,0.359707,30.131117,117.967866,18.600964,100.0,42.148696,10.0,46.199686,1.816188,103.981041,0.238833,0.150854,0
62.083551,118.479673,320.113236,7.25935,856.020475,256.138118,0.434069,0.324545,0.376532,248.540207,379.65677,28.441849,100.0,33.474667,55.750098,9.998414,1.064091,99.799671,0.223534,0.791386,0
17.895679,194.585889,583.560017,18.533664,269.438134,43.914551,0.516376,0.397741,0.374152,17.930536,297.25468,27.198917,100.0,21.422011,28.815579,49.916454,2.537002,128.137457,0.285239,0.226231,0
92.228066,364.690424,714.55821,8.604174,791.913888,260.867291,0.885482,0.495242,0.581968,26.901636,519.347189,32.324318,100.0,21.250643,26.735552,52.95465,4.018699,178.647457,0.488356,0.262598,0
40.764584,170.412465,537.591148,30.031481,950.700017,279.164058,0.50386,0.716416,0.701767,54.122036,198.168328,28.472628,100.0,46.381656,13.810148,35.437379,5.583665,120.419115,0.315228,0.788521,0
69.687491,281.099323,468.345598,33.384829,1014.728237,228.708268,0.469632,0.414259,0.401146,233.232474,331.355621,24.827745,100.0,30.681389,47.447105,23.022543,7.752434,123.984625,0.197351,0.455414,0
50.96568,292.960197,445.550726,22.191347,1134.768184,87.924257,0.297842,0.430099,0.382806,392.51517,721.384492,29.783425,100.0,16.282979,43.86886,38.510019,16.063583,109.268351,0.241353,0.030232,0
300.0,493.254528,723.689636,7.802827,1360.665099,289.906329,0.923401,0.460126,0.600106,190.109401,462.098555,13.918518,100.0,21.040887,46.646519,33.952831,14.496386,177.458594,0.426245,1.06044,0
56.145288,117.255783,390.644249,11.13802,553.922964,77.199301,0.370253,0.38819,0.548066,505.074774,6.755191,26.874358,100.0,13.655661,30.651725,60.0,8.238251,96.387064,0.210772,1.620404,0
52.036559,193.576909,511.148515,26.147741,558.462196,326.095543,0.582495,0.456226,0.491249,1304.58746,1132.966042,27.425547,100.0,14.014515,33.121431,50.342002,9.899786,134.2062,0.324557,0.416614,0
129.973708,283.121472,388.278236,8.329065,1625.42834,254.392452,0.430509,0.796662,0.807817,33.200446,46.690852,15.999042,100.0,35.262043,26.788624,37.781747,7.33373,102.217052,0.264038,0.506056,0
143.820933,165.026225,426.712542,43.400435,1285.490795,19.699174,0.40756,0.197819,0.28719,27.094488,455.260947,24.743222,100.0,25.602889,41.765383,31.555263,1.754204,89.814196,0.232944,3.732942,1
78.030504,175.865773,593.414462,16.38613,704.614529,287.743363,0.381633,0.361029,0.470501,101.993659,236.931099,20.023663,100.0,18.509359,37.746681,42.16092,6.707727,83.767763,0.195731,1.19533,0
146.738782,263.674953,379.572466,21.613936,846.394416,182.316075,0.399806,0.59421,0.559619,388.215476,460.422176,21.375952,100.0,45.620347,32.865533,18.050095,5.407371,100.899828,0.182709,0.722838,1
300.0,445.843449,480.910214,26.676918,848.643027,162.953603,0.481605,0.442118,0.467069,421.157621,143.582587,29.543694,100.0,28.831204,18.133706,53.475344,8.690403,147.679591,0.290202,2.380467,1
48.661368,98.085998,117.022535,27.91353,915.787061,151.384029,0.231346,0.597771,0.53308,5.0,195.661636,17.803379,66.355895,32.2812,32.81083,32.17334,0.0,56.689689,0.178448,0.292632,0
20.264165,112.714295,264.099705,5.091339,1136.341546,218.386824,0.539032,0.531703,0.641777,74.40395,57.065289,22.638826,100.0,40.13085,14.225092,50.643306,0.0,135.807144,0.25554,0.381432,0
86.795044,209.909305,300.37925,11.16387,2167.496373,260.84826,0.419772,0.526574,0.53523,61.745712,145.980295,18.441271,100.0,15.474205,27.844422,57.660424,3.668213,88.521769,0.225967,0.339463,0
136.895587,216.204583,501.331681,52.452051,994.878281,322.551582,0.612118,0.132687,-0.001111,43.594138,3.721112,25.352768,100.0,17.817172,24.727315,53.706451,9.734819,104.606679,0.275847,0.281103,1
188.432223,209.157555,464.116125,5.067818,1231.299075,98.260133,0.463982,0.711682,0.735471,152.278045,159.227839,26.005995,100.0,32.235686,34.125328,34.762603,6.676452,94.639237,0.191547,0.02647,0
99.214011,326.276083,370.025565,32.949205,100.0,227.079458,0.283194,0.308636,0.35531,786.914498,11.186474,16.269921,100.0,10.0,42.193304,48.135561,4.577885,92.231863,0.240777,0.008148,0
64.91115,398.326989,803.875757,31.92261,657.550004,247.08334,0.755368,0.61574,0.542773,9.917835,833.562634,21.952302,100.0,54.356529,35.335697,6.951448,7.366659,176.699812,0.351204,0.448933,0
31.337792,165.658775,289.295848,23.320179,1514.407501,242.92697,0.272453,0.390166,0.292679,136.507449,2.845812,22.869512,100.0,36.176093,28.335896,35.393571,6.771234,82.709177,0.1,1.122471,0
160.376338,296.3711,396.640745,28.722986,1101.157696,177.480233,0.432138,0.529834,0.58065,34.727696,15.366713,24.699909,100.0,30.688017,33.665011,36.314329,9.675865,97.029198,0.269136,0.764471,0
81.273653,184.203581,430.614377,47.931963,100.0,140.768117,0.416605,0.669969,0.71491,193.807058,703.554689,29.689024,100.0,37.194731,40.350631,28.929411,9.22237,99.38756,0.241215,1.827921,1
9.876885,46.03553,189.29153,51.266204,1237.011601,274.456374,0.1,0.451555,0.382328,125.718116,191.139812,18.256704,100.0,39.180605,44.732967,12.816003,8.430056,33.864587,0.142942,0.599633,1
248.353855,275.121207,507.062929,19.31917,1859.082197,108.003529,0.657701,0.395606,0.371604,102.131014,335.676825,21.552765,100.0,35.60325,59.460185,6.043185,1.870844,165.650838,0.363911,1.782616,1
21.605656,28.512879,209.639073,22.736974,100.0,74.899138,0.264114,0.738516,0.71271,44.511735,868.73993,31.863001,100.0,40.99005,76.014889,5.0,5.128763,54.879677,0.164916,0.084115,0
138.782472,354.87753,789.771914,18.336557,1659.693838,196.49851,0.738302,0.528778,0.509844,253.247418,86.027367,28.694517,100.0,44.801498,61.212652,5.0,3.967839,172.646254,0.345934,0.909955,0
76.080862,387.024878,622.472573,31.392487,100.0,96.339909,0.518624,0.511528,0.515578,48.939239,752.099327,18.227074,100.0,51.118481,37.863406,8.032294,12.937745,139.28607,0.195593,0.532915,0
10.864659,153.969387,320.424208,42.57921,1368.999473,11.963939,0.32482,0.618882,0.538674,260.992685,87.559179,23.3148,100.0,22.765484,23.048149,58.561126,9.284451,104.733943,0.16751,1.098955,0
58.838045,137.423952,334.431912,17.553908,895.675687,18.567268,0.297936,0.601702,0.490618,72.294922,623.70678,26.493096,100.0,18.237852,32.090858,53.546565,5.359095,85.893816,0.231298,1.004009,0
48.781747,141.19748,519.880528,23.190466,100.0,250.203789,0.422499,0.612943,0.695325,270.72962,296.439357,29.323071,100.0,18.214441,41.193282,43.967976,3.550317,81.533862,0.226093,0.328278,0
14.225991,171.129297,277.22073,56.171154,1123.068914,350.332505,0.35191,0.631958,0.560989,29.465709,1233.911146,25.916236,100.0,34.262803,31.228976,32.645627,0.0,120.6623,0.184454,0.923418,0
92.04561,301.029772,596.260018,7.671311,1475.419875,163.687818,0.559939,0.718519,0.722031,113.958083,464.216467,26.455755,100.0,11.779121,32.716065,53.010154,0.0,137.243196,0.289531,0.844684,0
124.775044,229.053543,433.756757,30.342328,1081.943502,52.942005,0.543553,0.190808,0.293684,201.280952,20.877508,26.598966,100.0,16.535691,48.321641,35.212401,4.836656,145.762687,0.225283,0.017934,0
62.301531,145.945956,355.111372,44.135692,1192.413819,294.509956,0.365809,0.344633,0.418578,5.0,409.453055,24.267659,100.0,37.769519,34.791481,33.053941,7.635361,94.979218,0.180316,0.956178,1
47.647734,96.429927,187.335834,13.274971,694.161944,94.116923,0.270714,0.761311,0.794069,21.931814,277.798447,14.502201,100.0,26.615942,43.086517,33.336983,2.068261,71.146242,0.214401,0.134207,1
97.508668,169.669914,321.757633,7.605571,100.0,358.425526,0.382123,0.948585,0.863933,358.93911,132.760214,20.98153,100.0,30.368956,34.390388,42.635105,10.3637,97.369562,0.12829,0.079071,0
1.468091,152.126809,282.978056,12.601295,1245.932011,202.7751,0.379013,0.408993,0.491729,37.742627,107.623365,31.422213,100.0,49.546576,10.0,39.524249,0.06441,64.687043,0.186984,0.706602,0
43.034391,171.589707,375.559987,55.535276,1774.87696,83.747717,0.33511,0.0,0.07993,53.378628,0.176885,29.171277,100.0,43.061225,10.0,46.927146,15.723442,71.447759,0.202746,0.545327,1
45.94651,167.270161,234.428553,5.509288,1464.790427,178.561717,0.389176,0.29893,0.320114,5.0,191.021544,23.909185,100.0,34.562455,44.041757,23.571435,0.0,100.570135,0.236116,0.203877,0
63.988223,114.270165,146.233388,15.357709,100.0,120.737258,0.106298,0.353419,0.391612,130.834688,376.439686,22.54,100.0,20.361505,36.549854,42.920127,7.028252,73.322359,0.1,1.277978,0
13.202079,102.26453,244.791069,6.720593,142.552796,280.609914,0.312316,0.301486,0.215836,39.814276,84.97075,19.549428,100.0,29.775233,40.236914,29.823166,1.855818,62.464504,0.214215,0.178456,0
6.691832,184.911366,568.399995,11.084621,477.016129,38.093719,0.462647,0.883143,0.86259,554.401043,471.211542,18.813894,100.0,22.245239,42.409921,32.292403,1.184969,117.625168,0.244072,0.616526,0
23.841616,282.868852,561.091308,39.108211,103.512274,308.520978,0.564855,0.640663,0.583666,7.774024,225.37888,29.685811,100.0,28.873972,41.463072,27.075039,4.570941,148.264063,0.34007,0.004074,0
90.940973,263.394299,453.30413,18.29014,922.09496,276.241282,0.574393,0.389307,0.420779,872.871213,312.209658,22.101355,100.0,21.598621,37.170351,48.164892,1.842219,141.443609,0.313499,0.968498,0
45.257701,253.730771,349.745089,36.306663,1096.707903,310.090969,0.452831,0.505329,0.602744,69.395283,343.029283,25.772246,100.0,32.633716,58.440598,7.307512,6.24119,105.542439,0.226513,1.132858,0
23.678746,44.988249,62.082021,37.460746,184.873358,322.197749,0.258625,0.590788,0.485815,92.268824,719.572517,38.438317,49.330098,28.246785,41.380637,33.712967,1.685904,67.469286,0.22557,0.628539,0
221.962641,453.621682,576.574957,51.718943,1288.56423,82.720016,0.559766,0.429896,0.477083,863.592297,8.692273,24.609374,100.0,21.471165,41.815289,31.735346,11.53731,121.362894,0.278,1.170246,1
47.610343,189.390035,361.570924,5.260777,1200.551972,187.562091,0.498228,0.783468,0.731675,43.651697,114.008929,19.479314,100.0,17.81271,29.731188,52.627395,4.631414,144.216275,0.275428,0.079599,0
64.308857,186.446254,267.88366,51.93532,625.920438,305.971999,0.258479,0.620183,0.649626,11.722384,1161.3037,29.255507,100.0,49.452339,19.476466,27.952854,7.31667,112.154276,0.142399,1.280576,0
158.639229,289.271491,554.090803,39.05155,813.739007,135.85967,0.525133,0.774246,0.721639,470.189264,88.501718,30.458527,100.0,23.729929,72.689977,5.0,6.130642,130.746893,0.217546,0.01316,1
72.162576,363.313522,623.809601,13.950892,100.0,21.746728,0.643242,0.383324,0.359161,109.28561,484.296345,12.343075,100.0,43.165355,51.093484,8.532477,9.824785,150.818852,0.229795,0.521107,0
96.767701,173.056442,313.838976,47.511556,733.868922,104.988368,0.451763,0.306185,0.295933,214.267418,126.761703,31.485273,100.0,30.199608,41.960765,26.97549,0.289895,109.99209,0.210812,0.369951,1
29.85905,160.580067,340.089264,52.052035,903.692487,87.091312,0.334342,0.607314,0.574251,354.634038,5.417904,18.588275,100.0,32.580323,34.229861,38.955628,7.767834,110.20109,0.19713,1.154716,0
67.205272,164.099441,340.998855,18.984492,984.373798,313.222543,0.459363,0.493371,0.512657,48.365896,516.972712,33.679931,100.0,32.741695,47.932675,20.327262,11.36338,107.818207,0.210914,1.95487,0
202.498463,255.059832,504.04829,55.533652,1089.438456,166.984686,0.55156,0.195118,0.331506,27.192068,21.206491,31.65199,100.0,28.263944,29.866514,42.475384,14.84932,117.490248,0.285791,0.337443,1
87.53186,118.16632,221.790304,29.995159,1022.120872,246.075925,0.32221,0.619856,0.596744,5.0,226.063493,24.778182,100.0,31.406028,49.214124,18.313046,1.357707,88.902872,0.183793,1.356245,0
77.937192,129.809043,914.539286,38.188345,767.828151,346.362894,0.791896,0.674004,0.582368,509.291771,282.336504,18.928975,100.0,37.553858,61.900709,5.0,3.258882,155.457242,0.357341,0.001037,0
51.829576,114.69224,181.481635,59.155724,1043.097471,107.707627,0.215789,0.615923,0.61947,78.206807,157.978135,30.592726,94.084394,17.445556,36.723027,43.666911,6.515112,66.453385,0.215433,0.248872,0
17.610877,117.590682,222.359482,24.884484,1401.015997,274.031841,0.279642,0.616858,0.641943,494.303535,44.887628,26.516225,100.0,29.415817,62.782317,9.269981,0.0,79.871078,0.250948,1.243927,0
146.52445,355.000084,580.41391,49.723764,852.250963,8.195084,0.627102,0.647519,0.62663,884.937851,317.869215,19.356411,100.0,31.800619,33.757976,32.17582,5.832939,139.104339,0.226047,0.863887,1
60.172325,112.174293,639.91066,22.511951,1058.797445,37.481823,0.563183,0.831532,0.753193,13.825287,556.397699,27.143662,100.0,38.709956,10.0,50.484035,0.0,104.497318,0.221068,0.779009,1
34.135487,96.134706,228.964088,48.956744,806.914469,58.271432,0.165422,0.473116,0.4956,19.318588,96.726678,17.22657,100.0,26.911916,51.148468,20.945749,8.47249,25.738209,0.146304,0.138992,0
15.556882,302.879797,396.24816,38.040366,576.620542,112.470601,0.223534,0.147634,0.2672,50.319251,413.939018,25.609653,100.0,29.219703,36.382504,39.459083,8.851681,78.875745,0.138929,0.124949,0
81.153293,159.266293,320.603887,16.899563,1161.439833,145.075397,0.447094,0.558374,0.545738,789.993509,163.398853,25.724702,100.0,40.062079,51.242764,9.182713,1.967268,96.370571,0.162524,0.355429,0
20.849079,88.824332,389.52554,27.771435,622.387028,171.725721,0.525506,0.521984,0.492818,48.696723,575.28178,26.867401,100.0,13.659687,20.068679,60.0,2.569974,99.56081,0.283285,0.400937,0
147.462282,217.411194,527.971084,22.46996,1093.07345,88.319285,0.347807,0.343629,0.3297,353.46386,906.494333,31.263893,100.0,43.818418,30.22433,23.386779,2.87847,107.521288,0.146655,2.028425,1
36.071992,151.633925,428.945501,9.295962,914.127686,23.837515,0.472171,0.565251,0.60482,408.456845,137.255765,21.03002,100.0,22.106015,59.49154,15.862508,5.295669,131.581598,0.278376,1.138929,0
68.416733,169.207419,732.289064,6.640912,748.032662,243.908313,0.684732,0.689273,0.662517,73.69484,81.634694,20.161565,100.0,43.086535,42.723178,11.088218,0.788989,120.795481,0.367965,0.748016,0
86.192169,150.500242,462.089055,24.056326,735.928584,8.518087,0.614479,0.694644,0.71311,55.871161,261.344974,24.163013,100.0,45.29025,61.95276,5.0,1.531476,144.527334,0.35182,0.329472,0
78.59424,160.020885,511.825289,6.046878,645.939504,291.409429,0.514025,0.844025,0.878996,190.732457,226.593126,28.891856,100.0,27.617866,27.963376,39.432416,6.775011,103.891814,0.224144,1.100331,0
125.0823,306.932072,680.900875,14.101827,100.0,334.495737,0.733317,0.83013,0.852991,160.162408,166.270128,22.742105,100.0,42.490455,75.786281,5.0,10.368436,157.278401,0.337994,0.250764,1
39.258912,165.312882,250.235365,44.885083,1091.447548,255.732809,0.270176,0.721131,0.707289,266.422457,230.812959,14.358357,100.0,27.495906,74.428296,5.0,6.078252,67.86539,0.229951,1.04694,1
64.680061,308.37479,483.346445,43.945018,1015.773413,214.545786,0.442135,0.382425,0.35996,633.45687,80.343062,22.418874,100.0,23.553108,50.069614,22.72027,0.0,105.113685,0.129963,1.565728,0
100.837667,188.509184,294.735857,45.621921,1324.835126,236.526671,0.427249,0.698366,0.739461,5.0,726.297459,24.954476,100.0,35.780874,40.455315,23.050158,11.664718,121.822082,0.173366,0.276101,1
188.917882,370.319442,484.063095,22.443424,634.271549,234.799937,0.61929,0.711102,0.695178,766.450254,18.168256,19.333844,100.0,41.167036,44.941107,17.361002,1.362833,137.935312,0.323454,0.538663,1
118.559465,304.088648,454.505969,53.95107,1847.691813,335.413849,0.359439,0.752102,0.721554,335.808233,73.730915,9.894811,100.0,20.936531,54.712736,24.232996,3.20408,125.028708,0.281852,1.194093,0
135.348434,196.676673,441.719009,37.66068,710.132026,347.150114,0.589705,0.44034,0.395747,463.724433,457.715966,25.869969,100.0,12.405863,42.035041,41.814321,5.945603,136.786303,0.16385,0.264173,0
48.685816,186.130485,698.145322,11.931449,462.445179,153.616191,0.595944,0.391553,0.353003,103.129938,446.037327,16.150684,100.0,33.802181,32.455531,37.349959,4.646097,135.870139,0.230772,0.823169,0
87.495339,197.498016,490.174975,12.904526,403.15754,222.148503,0.283443,0.756669,0.652454,112.961494,233.736631,29.807264,100.0,49.662132,21.57357,31.793632,2.808466,70.412159,0.16197,2.140265,1
169.845942,192.378383,452.033717,43.120248,100.0,289.010539,0.48531,0.287438,0.232543,153.014339,455.375241,37.82254,100.0,31.345625,10.0,60.0,13.95417,145.146655,0.255529,0.184268,1
62.038073,94.185733,247.050493,14.511917,1666.313946,0.373737,0.36071,0.657745,0.497411,133.558696,862.652391,18.635921,100.0,45.839367,33.282491,17.929772,5.057094,83.851293,0.300961,0.493421,0
87.899612,206.49409,750.871607,32.901099,1585.533695,189.72573,0.586668,0.843269,0.760746,5.105334,66.634185,26.110726,100.0,43.724213,10.0,55.630638,6.166177,115.443641,0.334662,2.533079,1
11.668151,36.036728,98.771557,59.547596,1200.372581,235.035482,0.1,0.536216,0.456238,159.665103,314.618886,25.794155,68.2251,41.464171,35.566009,24.027056,0.593343,34.479462,0.137811,0.821553,0
108.332563,127.675515,444.482198,5.220418,451.955596,258.193962,0.428331,0.170701,0.268806,16.624912,107.853387,14.791101,100.0,29.888798,62.986385,6.908839,9.902859,92.671683,0.159174,0.323959,0
77.279634,185.44389,220.389709,5.911889,1805.633841,132.764187,0.224475,0.6415,0.580996,94.670527,215.301327,9.45928,100.0,24.498788,36.867021,39.544004,3.241342,70.483152,0.158854,1.278759,0
102.987566,114.564798,329.020224,59.619652,724.140419,106.431991,0.516629,0.331468,0.263383,229.271721,49.125878,15.865696,100.0,33.23782,22.906692,46.414632,4.170094,112.33946,0.302017,1.019831,1
49.709499,95.259767,471.650949,37.155136,765.487084,65.571324,0.502113,0.722641,0.726178,162.340302,153.216613,22.178852,100.0,18.996247,29.805399,55.875124,2.751854,100.842662,0.199854,0.521212,1
8.48165,116.303592,314.823483,11.980049,1618.62954,200.813598,0.441054,0.306246,0.470064,148.028195,382.525721,38.631818,100.0,40.93829,24.966273,31.553261,8.060651,81.971488,0.213957,0.364547,0
112.20824,207.509799,648.558402,54.351621,1229.455292,330.949236,0.672244,0.349058,0.535396,303.953272,1011.752631,27.436909,100.0,27.363703,65.222078,6.418486,9.108951,123.155171,0.308086,0.633922,1
33.844161,129.108093,224.892308,53.420917,2000.551569,322.552134,0.448028,0.349193,0.371557,272.54115,72.165501,18.694214,100.0,30.039071,27.493327,40.131012,5.229431,101.251311,0.202991,1.077016,0
13.308446,168.38231,184.408511,34.491023,1024.36113,129.587734,0.167577,0.610013,0.65305,179.466625,116.131419,18.636614,100.0,29.646391,10.0,55.417271,2.044573,27.481868,0.174345,1.787892,0
73.106275,272.077382,339.090699,39.198562,701.4846,92.82785,0.379432,0.287713,0.407025,198.821082,222.391466,19.891504,100.0,23.188459,78.764188,5.0,8.037017,131.881244,0.256357,0.093695,0
206.302525,418.547131,574.212473,20.025296,594.097558,283.965776,0.431174,0.373883,0.342912,15.680514,2.946117,12.725754,100.0,25.779736,34.952288,42.092733,2.387737,122.469026,0.189279,0.871043,0
29.168447,332.531248,578.371765,7.778583,100.0,260.992807,0.672756,0.67203,0.762709,110.215742,282.566724,18.689813,100.0,35.915052,23.923631,37.795728,3.358102,166.297194,0.262646,0.345147,0
35.16308,48.361854,169.743651,37.701218,760.702114,181.922339,0.355684,0.358743,0.492007,182.074071,142.267634,26.765771,100.0,19.219974,38.143099,40.661276,3.052321,74.590056,0.200905,1.123514,0
116.437434,174.452943,389.745832,21.211536,1472.296669,140.050893,0.518561,0.874313,0.709246,131.831129,93.097724,22.641415,100.0,19.662976,34.213655,44.160659,0.253075,135.392265,0.278876,0.273322,0
53.813761,96.868387,376.172015,41.499158,1199.417086,44.567245,0.407278,0.441231,0.400858,414.562537,125.924856,21.55175,100.0,22.229904,45.509374,35.220654,4.348995,78.772879,0.317155,0.336928,0
111.913426,421.343312,522.242308,50.993485,910.154003,282.649892,0.394962,0.579713,0.613783,179.686855,632.500669,29.003122,100.0,32.449149,35.395774,30.58055,1.997778,150.90238,0.219238,0.763786,0
51.363272,160.813678,264.073639,5.99883,402.532778,222.2872,0.315823,0.421037,0.534042,185.54521,70.924207,17.239443,100.0,13.996128,10.0,60.0,0.824624,83.814979,0.172124,1.881776,0
44.493098,143.224581,198.831336,37.764258,1013.436509,135.677405,0.201235,0.589775,0.660627,224.026193,28.121429,26.570573,100.0,23.831831,35.129671,41.277996,0.0,42.321775,0.111326,0.878953,0
30.583243,105.382738,546.511813,17.72043,1406.406853,330.763671,0.6568,0.55916,0.608962,58.086085,229.752791,17.15711,100.0,10.0,52.178338,36.511897,0.849876,118.093962,0.318578,0.013092,0
82.755572,154.538418,602.28832,53.063867,1115.359628,237.482174,0.569274,0.688182,0.731673,611.881184,68.436399,28.984386,100.0,14.032737,29.397415,53.368125,2.405605,123.851023,0.26594,1.319879,1
30.39599,101.844506,315.653092,18.951548,983.367585,334.525992,0.323499,0.636429,0.662241,411.842426,245.773974,24.384276,100.0,27.124542,49.645998,23.263514,3.281934,70.815094,0.232213,0.440107,0
42.130651,118.30215,190.496142,38.592357,501.521173,170.788486,0.47932,0.505723,0.600203,492.895564,442.066806,24.982304,100.0,35.171026,53.107004,12.260378,4.499814,120.630865,0.258356,1.16026,1
145.756077,216.354792,713.01594,35.444746,1333.590907,163.662417,0.785996,0.482956,0.552834,128.945032,147.758361,23.191989,100.0,32.778505,56.86741,9.432681,8.631258,142.441814,0.350332,1.10477,0
269.441041,533.689816,637.089241,26.789158,100.0,337.406145,0.749119,0.468626,0.605511,377.024296,189.216561,27.265678,100.0,31.553788,21.412919,46.51513,14.877085,170.285994,0.295455,0.203128,0
91.084601,466.939831,525.053701,42.269142,1091.422854,345.524914,0.495085,0.302761,0.461155,72.922488,256.867355,18.880715,100.0,25.517248,23.069129,46.293084,11.627319,127.127922,0.275065,0.272467,0
149.868415,511.608207,612.840952,44.91733,2185.16099,345.876235,0.510879,0.477683,0.600528,68.792477,46.81363,30.066048,100.0,44.820635,38.353608,13.889495,6.868426,150.362504,0.251138,0.378304,1
46.767146,68.354717,159.916465,36.181579,145.813306,294.803062,0.342609,0.496665,0.545447,165.987878,224.762699,22.462057,100.0,26.579007,10.0,60.0,5.184697,85.865077,0.234277,0.263643,0
52.422483,116.054285,191.229869,46.713223,779.315273,166.466212,0.411756,0.278441,0.303078,362.852948,791.11846,26.964181,100.0,15.718672,20.717026,60.0,2.022125,75.279244,0.152326,0.450541,0
75.872842,92.602567,212.700611,59.087939,896.044505,75.707746,0.152146,0.609159,0.571934,50.52839,154.278055,27.958081,100.0,47.016147,42.762532,7.874951,6.789038,63.309808,0.148429,0.834194,0
34.325448,404.360226,606.83951,28.059981,668.708593,138.038717,0.564065,0.481582,0.448364,24.543335,455.712125,19.409728,100.0,22.032061,10.0,60.0,9.743996,155.736664,0.315559,0.165435,0
43.934766,178.565814,492.908664,33.302068,1418.187121,337.787097,0.427547,0.525817,0.475914,178.355261,153.748811,26.965375,100.0,28.659091,10.0,60.0,1.231835,102.00657,0.232015,0.113733,0
109.070198,287.271446,450.641131,5.685843,1136.225507,130.879546,0.531187,0.668112,0.692509,281.434875,19.958614,19.534146,100.0,42.558188,46.156431,9.10547,12.448897,114.065673,0.307755,0.220238,1
65.92009,158.998424,323.196525,48.781571,976.150186,272.418274,0.483352,0.687178,0.634748,388.929293,26.47549,14.458799,100.0,24.607358,12.060404,60.0,0.0,112.806981,0.269912,0.375042,1
57.238879,156.276816,316.79141,33.612654,1298.636281,332.281566,0.332442,0.481501,0.652966,314.119236,277.329225,25.159373,100.0,44.083246,80.0,5.0,5.941676,75.255587,0.165567,0.458404,0
54.917996,282.006489,340.132164,27.437879,908.375355,349.341179,0.351992,0.496289,0.447989,247.739506,435.019527,36.983844,100.0,33.175706,21.685226,45.257138,1.37452,105.960544,0.14552,1.27556,0
24.02486,132.722327,441.790821,10.173958,2489.932244,341.162693,0.279848,0.435066,0.43825,13.267556,109.184194,20.069797,100.0,37.467001,20.659041,41.73674,0.0,65.008752,0.227127,0.942237,0
73.63931,185.577955,563.780035,53.931103,975.673467,199.820735,0.483789,0.232162,0.155227,101.889291,96.120155,27.069469,100.0,34.456554,15.283623,51.893316,10.834373,101.774219,0.220878,0.010641,0
34.347867,202.61775,684.583607,26.725398,997.641049,177.076827,0.832628,0.156336,0.370734,327.370977,76.12644,28.91344,100.0,29.074047,37.3928,37.544362,4.529009,144.491237,0.365183,0.608956,0
11.520608,166.459028,312.624537,42.541988,100.0,355.550583,0.414997,0.383527,0.31056,163.87725,34.643146,17.042392,100.0,49.046002,34.475644,13.537286,6.45598,104.687403,0.198701,0.073239,0
20.659623,126.69662,590.780363,13.215579,628.274836,78.544514,0.694792,0.279193,0.409292,154.372852,362.512774,20.289373,100.0,40.234211,43.890717,13.392438,0.0,133.198402,0.376144,1.862502,0
55.799635,129.17976,463.830615,57.88523,1473.688841,67.510894,0.45774,0.839938,0.750404,18.411267,140.232392,31.4974,100.0,12.671066,33.687758,53.885697,10.063867,113.349239,0.126799,0.536964,0
102.47902,171.652885,250.511549,14.814297,232.271575,346.745627,0.285629,0.33313,0.400576,603.184095,85.212074,27.930675,100.0,26.862493,52.41692,23.260804,3.296696,103.68836,0.224484,0.389378,0
123.31644,337.707163,441.324339,15.97481,100.0,248.110136,0.476987,0.44302,0.409785,157.594472,75.789643,24.422403,100.0,40.499459,33.94917,20.024297,9.518193,116.656357,0.220104,0.135533,1
15.747941,129.409741,334.851913,52.244057,916.157736,193.069444,0.417048,0.498062,0.504956,201.822911,212.42402,14.538669,100.0,10.0,31.665757,58.74383,3.566047,76.612585,0.331363,0.247087,0
94.891155,151.880317,316.019669,55.192051,1585.372254,47.537925,0.506221,0.361106,0.279918,1021.126676,344.92194,20.537067,100.0,22.790503,41.301806,40.871335,11.540566,117.810147,0.302976,0.619674,0
215.085491,406.769286,474.346273,16.668107,921.190614,184.76649,0.435919,0.882822,0.870726,253.836939,200.705135,27.124112,100.0,43.65544,10.0,47.09573,9.656277,146.243589,0.192282,0.065148,0
127.903508,232.531366,436.8906,30.839049,731.937699,339.919615,0.457548,0.274465,0.148838,268.36918,234.909787,5.13886,100.0,35.392967,19.699993,46.60526,12.929148,97.667585,0.318229,0.22486,0
71.388985,92.147462,300.032814,45.34222,100.0,217.040876,0.275703,0.565765,0.623369,185.682538,97.058465,28.87244,100.0,26.106937,64.889647,9.314638,8.092537,57.580954,0.144586,1.666581,0
76.145114,135.902356,467.949289,53.310115,1126.127061,145.666304,0.30094,0.795912,0.878705,423.351658,53.222437,30.79095,100.0,39.769557,10.0,51.096947,11.650641,73.527189,0.214744,0.210118,0
69.754927,174.63631,303.582081,25.847898,1230.637554,198.397081,0.450059,0.620599,0.672884,47.480938,7.70617,34.802363,100.0,55.856239,51.757569,5.0,6.383825,128.718126,0.260067,0.117794,0
41.143955,66.770573,172.804328,33.436072,100.0,319.012231,0.421629,0.482746,0.43208,244.842689,103.085553,31.642956,100.0,21.642433,10.0,60.0,8.464178,79.232697,0.336935,0.049712,0
132.458618,262.547876,317.321137,45.794403,1467.266224,328.625518,0.446269,0.432693,0.378711,429.797569,313.400309,26.406662,100.0,18.448733,11.828517,60.0,8.392496,121.65821,0.188861,0.00249,0
26.182055,172.163163,402.806747,45.212479,1282.847763,144.03174,0.465415,0.164548,0.267516,136.744611,390.057063,28.671396,100.0,50.913029,25.020896,25.801833,5.665114,104.656756,0.123313,0.534078,0
74.42073,277.636064,490.35775,48.062807,1466.157971,218.901961,0.702148,0.357861,0.425705,221.395878,81.18373,21.86301,100.0,43.089995,44.373842,12.664455,11.929419,172.066301,0.267171,0.647511,0
141.337267,262.503034,785.045214,36.34636,1191.762546,100.512941,0.813176,0.374712,0.351639,321.17409,158.773887,20.685506,100.0,28.817977,35.146013,41.657225,7.933016,174.118946,0.365229,0.648203,0
72.05174,134.48498,452.185877,10.75383,1226.841354,162.390707,0.564633,0.807612,0.707981,292.916093,675.406226,26.625596,100.0,32.623033,43.789012,19.375612,0.0,128.971075,0.224713,0.501369,0
14.454437,35.914228,165.535327,54.718531,1160.360449,79.157749,0.254802,0.37208,0.428266,142.765986,15.335718,19.060058,99.764013,41.300618,28.905775,32.560107,7.254174,59.075612,0.1,0.669918,0
176.345808,196.830641,392.047892,52.60649,1334.236161,191.330014,0.462611,0.393547,0.50767,20.629061,239.250631,21.436164,100.0,41.317802,34.847569,20.887866,14.979518,95.467614,0.225264,0.133826,1
59.40934,150.892485,217.198654,48.895359,100.0,208.166449,0.271324,0.567345,0.487092,694.20143,1000.465568,37.144192,100.0,42.057518,37.989449,20.578321,6.687973,84.316203,0.221714,0.293613,0
18.414933,109.848942,255.164348,10.492436,149.470283,121.621225,0.400148,0.523582,0.66344,335.868654,13.62655,19.560789,100.0,22.993791,52.628021,26.363481,2.622023,100.797117,0.1,1.265942,0
228.56699,253.276264,472.314385,16.241855,531.99605,97.962588,0.392339,0.60752,0.564324,123.559627,113.983337,25.419185,100.0,29.078843,65.163635,5.75386,6.329521,94.913875,0.225946,1.485033,1
51.474961,179.26052,717.329723,45.89802,835.089914,54.369218,0.751656,0.345824,0.519311,617.520401,56.904848,14.255169,100.0,53.411948,20.261701,26.629153,3.678338,147.394813,0.351473,0.078014,0
31.077977,105.354681,196.303099,6.272705,1094.068462,50.23572,0.181553,0.454208,0.463838,357.288471,63.546465,19.065446,100.0,39.180427,34.897778,25.523841,0.0,65.520048,0.183292,0.056326,0
77.352235,123.902997,556.181382,58.857355,1062.340827,256.126002,0.62374,0.781182,0.80944,82.564754,132.537545,19.118074,100.0,50.375905,31.027685,18.715461,6.697214,98.873638,0.245794,0.486195,0
20.824705,57.033869,285.849762,25.742957,1458.552906,79.789681,0.582385,0.284641,0.347238,201.224106,128.989754,23.250282,100.0,34.166362,42.461623,19.692951,0.0,106.924805,0.37003,0.081605,1
41.144258,306.955128,620.018774,44.562189,1474.247649,42.471728,0.697001,0.199495,0.084333,5.0,198.471798,18.720192,100.0,26.404514,60.027087,10.794566,0.0,156.293608,0.333139,0.388364,0
161.901466,180.050182,370.354045,53.81641,463.807446,359.593808,0.532193,0.805356,0.812022,35.892555,33.735522,22.277827,100.0,21.563134,39.123933,39.210303,8.998201,115.895279,0.287109,1.325802,1
52.558473,365.783962,479.256711,26.704644,1019.288055,93.569941,0.597616,0.853027,0.866486,270.421668,130.938934,20.933506,100.0,27.444658,28.551961,44.172191,7.873843,153.213436,0.262883,0.062135,0
90.663921,139.59746,557.411466,22.552287,476.084226,322.577394,0.341224,0.424018,0.444563,104.504986,71.139365,22.784471,100.0,45.457521,54.134135,5.0,0.0,55.62574,0.255799,0.520122,0
167.117697,499.423482,637.118667,38.480762,805.876481,219.306943,0.628381,0.1126,0.17404,201.007155,291.762641,13.974005,100.0,33.178965,33.784111,29.801794,17.287935,164.593494,0.423029,0.303364,0
51.159848,73.785365,375.480464,36.954416,1060.895685,257.42526,0.463946,0.773852,0.62764,170.488282,675.003974,14.588779,100.0,16.019709,35.291753,51.604354,8.955399,74.914124,0.226324,1.160753,0
29.824355,165.958735,237.113374,27.502699,100.0,201.930808,0.1,0.576568,0.606717,412.0226,48.415977,28.622019,100.0,21.221865,47.371922,32.329501,5.075458,62.893041,0.128121,0.107499,0
103.926304,337.084736,423.62088,38.097612,2105.62202,65.09203,0.431691,0.603489,0.455107,214.57435,1131.949836,20.49426,100.0,57.732694,16.611841,26.471983,13.069346,113.87626,0.261609,1.15634,0
17.616052,254.184847,289.628105,56.445975,1183.204339,304.938566,0.33826,0.230736,0.296781,310.105557,313.845892,25.125472,100.0,22.747353,15.590507,60.0,4.251289,81.612548,0.269346,0.005715,0
26.702928,162.345455,338.098626,30.720214,602.148362,298.070196,0.264225,0.423111,0.421654,152.248462,73.238408,26.279909,100.0,34.913329,21.746664,40.225123,4.457369,56.676023,0.223276,1.63953,0
14.000408,136.425035,365.449525,15.82082,1863.684878,125.886768,0.313663,0.685329,0.723584,249.356069,108.616752,24.378514,100.0,41.825493,33.269042,19.978788,0.0,89.663238,0.215699,0.566145,0
158.627982,187.082529,382.057887,25.746329,726.284415,274.986251,0.558485,0.705455,0.769735,118.436842,552.186068,15.858806,100.0,28.590325,54.411571,17.183577,7.718105,122.198553,0.305026,1.437204,1
67.72468,260.22745,314.318729,26.675884,966.259693,195.494493,0.1,0.872723,0.887843,43.937414,165.902854,11.616607,100.0,10.0,27.13387,60.0,7.427234,69.3966,0.15953,1.161506,0
106.8968,325.123632,412.962542,12.210978,656.442095,327.257691,0.478165,0.630505,0.497326,29.257251,884.937314,21.418002,100.0,18.475951,29.599483,50.166832,3.948565,119.885668,0.298635,3.807726,0
28.482058,135.043648,444.826833,13.957933,1725.995919,289.016774,0.59446,0.653305,0.550295,76.386045,49.365593,24.12834,100.0,21.550173,40.727947,39.770353,2.286179,93.786992,0.341011,3.638384,0
87.918975,207.204878,334.464288,42.650914,847.507647,14.758477,0.381581,0.58033,0.578369,259.193905,110.033887,32.296493,100.0,16.301915,22.964391,60.0,2.026013,118.600454,0.186038,0.484622,0
90.295476,584.655506,786.217667,23.671276,974.74205,316.53935,0.909148,0.315133,0.42447,35.854907,64.084086,35.72352,100.0,47.692308,30.336204,23.921145,11.496984,200.0,0.5,0.430053,0
227.754869,259.045901,379.517161,57.519412,1501.891077,348.68391,0.379852,0.39175,0.365993,47.47526,313.733046,25.995536,100.0,40.795859,37.325081,19.908595,3.97439,116.412647,0.229179,0.2264,1
100.099093,238.507768,525.4794,18.397821,1192.569729,267.176233,0.456151,0.263607,0.305925,264.224944,564.425787,23.387765,100.0,45.644099,47.052781,6.299432,12.12434,88.538986,0.267712,0.032827,0
123.101533,312.385401,433.836277,10.440848,872.825967,43.168871,0.467817,0.560329,0.637536,149.968451,12.215917,23.393836,100.0,22.134895,53.070666,24.382639,2.155006,161.936634,0.293047,0.51283,0
72.120478,92.137016,257.719552,46.442751,1455.195486,290.65532,0.280906,0.448198,0.397105,54.146413,154.710506,23.575937,100.0,29.389169,35.426886,29.759134,0.0,83.271778,0.207978,1.411955,0
1.980405,24.07794,386.320328,53.456983,2169.241615,233.096055,0.37119,0.534906,0.637362,34.765886,452.830927,19.749821,100.0,43.262568,33.233851,21.148848,4.421715,114.740108,0.257517,1.374591,0
81.937091,138.798356,336.584045,20.296235,1058.705224,121.977474,0.36805,0.693509,0.6852,116.225145,236.077385,31.9982,100.0,12.552875,34.568005,56.93733,4.205815,89.867901,0.179025,0.221086,0
55.469818,116.301466,212.425029,16.114846,958.380044,318.250998,0.201362,0.659619,0.623896,203.460785,1009.631976,21.380121,100.0,52.262979,41.264632,5.0,4.439862,67.121265,0.154362,0.255919,0
53.19696,106.670954,364.410388,15.217137,985.313542,203.604008,0.32596,0.571828,0.519113,38.048419,100.328597,25.920097,100.0,44.68775,61.488662,5.0,1.233798,85.905694,0.19561,0.70065,0
42.833246,105.529555,159.532018,33.710677,1555.21475,307.054055,0.123404,0.598473,0.701083,177.147466,197.033847,25.829278,100.0,36.590777,72.796645,5.0,11.178068,29.298121,0.171815,0.613447,0
53.196466,117.318214,210.324725,30.762915,600.401132,241.240949,0.320429,0.820575,0.686823,437.388853,293.417024,9.844702,100.0,25.153903,67.583833,5.072306,7.600523,86.08225,0.19797,1.75806,0
35.841079,141.203505,199.474983,19.269191,760.84122,103.865797,0.169656,0.509303,0.487971,46.302644,228.346275,17.703951,100.0,17.411567,55.055859,28.176864,4.049493,63.074059,0.151255,0.093116,0
114.58497,162.285446,454.102364,7.484521,131.278525,351.006731,0.361782,0.620015,0.622165,321.692678,30.848418,25.953738,100.0,39.38747,21.645504,35.388338,3.693069,91.91976,0.220713,1.802119,0
24.351673,107.94875,353.573828,31.482024,308.066069,205.561997,0.293167,0.547243,0.655473,191.762773,8.864087,31.331008,100.0,48.744673,41.479975,12.126797,14.539959,72.108502,0.252432,0.071233,0
207.137903,308.589929,580.481658,57.763279,641.099999,186.031887,0.613973,0.536042,0.604164,394.00174,419.283648,25.06088,100.0,36.07602,32.153057,33.924657,9.519551,142.03466,0.162343,0.076722,1
107.451324,182.206267,403.814177,40.888556,872.031503,145.263466,0.51018,0.726809,0.75768,81.975439,245.912606,27.985,100.0,39.069612,35.810129,26.87993,6.634698,138.28599,0.280717,1.948186,0
137.618232,275.817305,688.424495,32.252861,1784.541663,49.083913,0.760264,0.455705,0.460299,194.804296,349.154263,17.327798,100.0,39.366322,65.842875,5.0,5.599568,155.064957,0.328151,0.404127,1
26.194685,282.123746,500.214001,11.088064,1167.996402,247.036637,0.546612,0.464004,0.438868,7.402646,263.964794,24.161997,100.0,33.959746,59.258271,6.846862,7.665748,126.686818,0.182692,2.241404,0
40.18574,70.359978,196.316195,18.883996,443.960745,155.087711,0.320423,0.640189,0.670839,41.783806,77.48612,16.941396,100.0,37.533493,51.552974,16.535001,4.15813,85.024223,0.139209,2.907577,0
69.853924,114.248537,213.508841,21.212567,536.009757,336.460504,0.276004,0.447979,0.334534,267.215109,207.917937,28.648533,100.0,48.865494,79.853051,5.0,1.125746,78.895339,0.122976,2.744096,0
64.488637,236.942605,452.913046,47.064195,1587.374342,347.434981,0.530536,0.677237,0.709942,287.145768,1108.061613,24.256953,100.0,38.308377,51.221761,15.271957,8.422404,128.753907,0.245102,0.290891,0
107.651705,233.694766,625.067191,53.219094,1463.305174,276.350708,0.675329,0.570685,0.557614,124.318787,132.870137,34.411941,100.0,33.53563,61.797079,5.0,10.552545,143.325757,0.275014,0.750005,1
64.703508,246.546168,315.845034,54.590302,914.074955,87.298115,0.295504,0.252154,0.163611,196.289524,515.928477,23.869249,100.0,23.228137,46.894884,31.566823,4.378748,72.218762,0.186423,0.16759,0
214.938316,379.698226,647.08278,59.151273,678.736767,257.752685,0.542456,0.443491,0.48984,96.549579,51.024116,14.526021,100.0,41.126309,41.171777,12.741617,13.261259,121.045811,0.309257,0.028749,1
26.755796,88.901331,254.441851,59.030168,1462.466418,7.35183,0.451491,0.576284,0.688055,190.681448,372.861865,25.966727,100.0,32.960072,70.492226,5.0,14.903933,100.910797,0.246396,1.350896,0
21.516791,290.446453,645.26746,57.414952,403.336437,297.504181,0.661013,0.073681,0.109259,458.628817,1.50378,21.243906,100.0,33.137185,25.46513,44.735538,12.298052,139.575957,0.276974,0.268045,0
38.442491,311.724627,359.558769,8.950218,1096.015199,177.702684,0.510804,0.56726,0.49667,327.791685,527.872155,29.711669,100.0,38.165572,12.204171,45.750994,7.815246,131.914004,0.268831,0.470471,0
53.287431,98.953587,622.778595,12.578644,2036.329495,337.226274,0.519363,0.331925,0.328857,456.887606,42.056839,19.632155,100.0,32.305761,22.622195,51.437884,4.349215,108.631809,0.292971,1.396051,0
146.454159,391.594564,555.622441,21.745659,1002.677841,135.993615,0.531724,0.738816,0.687125,146.078529,399.011289,31.503356,100.0,36.257328,30.69053,29.65745,7.111895,161.078877,0.325319,3.856987,0
86.079906,348.412512,388.271165,35.409404,512.19526,94.742498,0.292368,0.69112,0.798531,79.591325,83.354615,15.665407,100.0,34.154676,52.666775,14.222055,10.71391,93.146756,0.141293,1.185623,1
3.415021,329.045188,397.119514,10.333784,1105.184351,358.220282,0.502184,0.492859,0.624362,295.730975,551.171613,32.470976,100.0,28.157016,58.131369,10.54924,0.0,138.325247,0.341189,0.170452,0
57.575715,224.673935,794.325466,51.518833,664.99564,191.044034,0.713728,0.626833,0.582788,269.225963,238.40432,15.76501,100.0,41.76856,25.44503,36.488935,5.904435,131.664037,0.338274,0.01858,0
44.342755,124.145331,390.747919,38.92159,202.942078,310.745715,0.376708,0.556741,0.531092,247.471995,233.231624,19.273818,100.0,10.0,28.280329,60.0,2.413897,97.329814,0.219025,0.029749,1
59.006766,117.811413,269.032762,34.830042,1250.518013,327.980579,0.524258,0.709883,0.785428,33.517462,47.770396,28.074741,100.0,38.478866,30.944299,29.395333,2.885234,122.126211,0.228362,1.736076,0
53.319555,133.142682,783.145434,14.092123,1458.9172,186.648737,0.832302,0.160588,0.254586,100.099998,37.346246,36.848116,100.0,20.788197,38.759384,45.105535,5.303866,174.168672,0.305194,0.009028,0
193.314974,227.775737,439.775356,18.929051,744.546664,164.057013,0.539218,0.709586,0.725076,33.971881,156.387208,24.507136,100.0,44.655647,38.090197,18.048632,9.881941,117.271696,0.198349,0.530155,1
130.777318,271.087534,612.362288,13.817161,711.382163,199.038944,0.500297,0.617222,0.623121,184.567129,348.604322,15.57709,100.0,11.843902,43.85842,43.406254,2.488125,135.192382,0.344614,0.82922,0
40.324183,131.261096,218.101755,51.856324,419.217304,305.186221,0.1,0.645918,0.745758,87.210543,300.712138,9.97358,100.0,26.156306,22.927933,47.635266,0.0,70.559856,0.186706,0.668373,0
63.71526,92.390354,239.328728,37.132532,825.0322,347.277683,0.400493,0.430647,0.43848,63.738599,228.375638,29.713244,100.0,36.416735,20.861826,40.409314,10.043842,82.367878,0.251451,0.542792,0
49.641491,109.531548,319.162073,45.432119,618.815809,118.195959,0.14725,0.246179,0.364482,1251.402974,154.712332,33.886523,100.0,30.481136,24.123499,48.122936,7.059446,56.743402,0.1,0.443578,0
6.176148,238.083351,372.333143,21.281807,394.483657,265.906938,0.366325,0.733964,0.787161,183.430554,812.663234,30.557288,100.0,24.170718,38.70603,34.800698,2.326244,105.893642,0.203051,0.606535,0
42.052177,184.224557,593.721644,25.418895,1846.084415,102.734812,0.523499,0.227437,0.334827,192.638925,113.093458,25.010215,100.0,44.075306,18.487904,39.465941,0.451581,109.382966,0.189314,0.34633,0
42.577209,96.939399,358.402833,27.267023,1133.246408,219.943095,0.312128,0.823055,0.833982,492.570993,63.207829,19.415312,100.0,17.512974,23.58566,57.920075,5.802302,72.754764,0.158943,1.605419,0
34.510257,354.634771,422.371675,46.800823,1186.197554,289.724252,0.414921,0.513611,0.567005,435.784088,221.842703,27.07332,100.0,33.099094,46.205292,25.413591,2.330527,109.750605,0.146224,0.520945,0
40.936241,169.892337,328.058667,47.479414,1341.699784,319.135077,0.273278,0.565091,0.459298,12.581041,740.896508,26.09741,100.0,25.092729,61.518288,11.374657,3.759238,81.692599,0.155448,0.333051,0
50.488428,88.471212,189.691961,16.374744,1285.518108,161.537826,0.139637,0.539335,0.51712,834.815494,6.770811,35.862272,100.0,40.429115,44.220351,10.41261,7.433134,39.887261,0.111204,0.375296,0
91.562041,171.708371,437.354808,56.784637,693.445024,133.112046,0.49726,0.30812,0.415287,501.27564,6.866815,27.09911,100.0,25.646212,20.601694,49.932027,10.046548,97.084106,0.221688,0.032065,0
37.143765,63.949359,197.635142,11.636044,1036.276311,91.24258,0.374622,0.778869,0.708156,121.050151,398.251409,29.310072,100.0,32.064568,49.077497,20.282833,5.058504,111.192963,0.164828,0.433791,0
162.383083,431.017249,470.891607,54.286715,765.484758,48.030181,0.326632,0.721215,0.739211,110.014149,245.028641,23.277326,100.0,28.660624,28.840425,42.339914,13.449476,120.02909,0.186353,0.822754,1
26.446413,212.393351,449.70351,10.521761,1119.231812,131.370325,0.501803,0.644285,0.585991,21.24203,42.950991,18.070148,100.0,31.299448,60.452086,8.292763,0.0,100.899811,0.282104,0.606376,0
142.988904,199.335904,327.627009,19.54969,1070.845443,313.91201,0.432624,0.582026,0.687706,97.343,296.700202,23.751967,100.0,33.64675,44.894897,23.459583,10.081239,86.99915,0.29541,0.335544,0
80.621429,96.247129,543.453558,51.556319,708.66987,150.771426,0.606587,0.410296,0.364418,381.541972,411.582029,9.473254,100.0,32.453716,24.415793,39.530635,10.739905,85.783061,0.257358,0.150383,1
19.590893,203.462442,280.242271,14.872064,235.350639,114.22554,0.316084,0.499129,0.337338,895.394216,55.489863,23.872756,100.0,31.345477,39.928972,26.72212,7.78376,73.250413,0.220203,1.22996,0
49.374336,175.348782,281.653922,27.746236,973.118528,266.087608,0.279699,0.91452,0.869994,311.228656,1500.0,25.862978,100.0,24.321301,15.584517,58.785832,6.193375,60.685068,0.20655,3.060331,0
198.501638,440.650224,593.591568,29.742261,797.865256,77.61041,0.680411,0.406021,0.455641,479.674458,63.278222,20.628503,100.0,34.57579,40.782226,25.087752,8.870233,165.653285,0.335809,2.378998,1
202.454891,212.51954,458.734975,18.489244,100.0,92.263249,0.523454,0.805705,0.715892,36.070971,255.892938,26.119099,100.0,19.043112,33.749265,44.595228,10.24596,116.306458,0.307022,0.228171,0
93.554868,265.224692,626.892853,44.063486,1153.830884,336.927113,0.443429,0.45994,0.516817,507.036531,254.294032,30.436769,100.0,36.118804,71.621896,5.0,11.436959,92.648214,0.242593,3.817141,1
81.700551,180.33887,327.284065,51.823406,1382.671056,29.372289,0.356085,0.466812,0.430321,14.253228,201.350171,24.759122,100.0,31.829391,41.354879,25.200414,7.3426,103.615278,0.203189,1.210357,0
89.430149,498.533551,712.534808,53.101633,2164.178238,149.267225,0.711203,0.805199,0.627612,10.25007,97.889662,23.405934,100.0,10.0,38.960277,46.354444,11.100391,156.368606,0.35829,0.606832,0
48.292098,83.57552,134.640603,23.662718,704.401248,207.630429,0.105072,0.276629,0.325032,73.90676,36.780643,21.626738,83.227541,34.123937,10.0,54.317516,0.0,55.613559,0.21124,0.789982,0
28.133787,225.760638,333.110401,34.196772,630.644052,82.893858,0.358799,0.852533,0.813666,570.069382,36.931237,22.444148,100.0,50.680754,48.120162,5.0,0.0,82.107784,0.128697,0.460567,0
66.093933,240.768109,377.125607,18.662352,345.289485,101.164494,0.469711,0.952798,0.794436,5.0,43.373218,35.841981,100.0,30.918781,56.701247,8.899668,8.51767,128.399605,0.252747,0.508556,0
84.03759,112.245092,264.857112,18.463808,1004.320953,79.864331,0.242395,0.742263,0.665594,301.193761,121.516289,19.21926,100.0,33.97891,56.813562,5.0,6.28527,56.608785,0.142803,1.357108,0
96.861851,179.749727,465.277737,13.868973,1001.15909,124.266806,0.518785,0.570781,0.515753,204.559331,20.109237,20.180883,100.0,24.139539,36.019543,38.754758,6.640243,104.752606,0.207388,0.772316,0
93.981754,252.315767,842.466333,56.701046,494.351833,323.462072,0.717143,0.216542,0.375743,47.173267,160.6568,29.66573,100.0,58.107106,28.149735,11.631675,6.037237,171.748085,0.357188,0.578382,0
112.844567,169.412465,281.562906,53.839386,812.535059,155.371445,0.21566,0.31197,0.391036,5.0,93.274385,19.363874,100.0,56.686124,57.883569,5.0,1.230417,51.777976,0.139016,0.274694,1
257.857297,315.846059,580.663424,47.754729,100.0,150.418446,0.655123,0.853153,0.785835,253.969763,4.313533,29.26899,100.0,51.077308,36.611718,6.511015,16.106614,167.276402,0.284932,0.150546,1
78.554708,292.179028,700.335905,33.471384,1363.188374,139.169117,0.812685,0.703932,0.73075,63.443622,154.529295,18.37958,100.0,55.091011,37.421486,10.306085,8.697949,166.27002,0.380601,0.038096,0
156.375694,505.648389,901.011238,31.983435,514.66037,347.081662,0.747487,0.563786,0.605372,380.291985,85.802984,23.934095,100.0,22.306118,32.700037,42.633233,12.681084,170.177639,0.380893,0.103666,0
99.577277,300.711961,391.543296,34.136012,882.671824,42.227797,0.528114,0.508958,0.416866,1121.008566,166.935018,29.568976,100.0,18.037785,10.0,60.0,0.0,130.94875,0.210091,2.212773,0
276.875247,307.451579,688.434477,34.511241,186.653289,313.875152,0.683867,0.757442,0.706552,416.912867,133.58797,16.635233,100.0,60.0,24.863579,16.91248,15.008562,159.820387,0.32969,0.474435,0
69.831421,73.696636,144.031448,28.90097,608.8232,117.777984,0.1,0.451261,0.519053,912.426629,493.089958,28.39469,94.249758,30.229945,39.571121,35.09662,9.101931,25.740261,0.185258,0.5215,1
63.778864,103.921105,172.930543,12.246516,760.204423,344.344173,0.103496,0.724527,0.66564,102.89272,129.536,29.403844,92.315845,22.887619,47.593947,30.244221,6.243047,45.336495,0.124282,0.02141,0
149.39551,319.887054,513.914908,11.911512,894.354577,113.481809,0.597654,0.381417,0.460423,184.49789,756.689335,22.406185,100.0,37.100328,37.504787,23.425241,6.418838,145.920699,0.283634,0.036491,0
149.53086,334.672846,470.278842,57.373734,1139.866258,29.834771,0.337342,0.277895,0.407239,21.259679,537.114241,31.686259,100.0,19.702634,46.622302,35.576207,6.692447,87.539064,0.188718,0.533179,1
51.795425,128.443305,598.237659,31.511692,1619.537542,187.215078,0.546646,0.624898,0.601813,164.558824,135.543948,22.961167,100.0,34.908655,10.593756,47.966198,7.268174,126.404432,0.170603,2.304051,1
96.860051,136.426646,174.934434,57.426304,1266.355471,82.031609,0.240559,0.68764,0.7892,196.640121,254.901309,23.38083,100.0,22.913081,22.7268,57.109255,6.212854,80.871402,0.1,1.550386,1
113.702195,196.037353,391.916765,13.996728,1381.082272,271.076334,0.477931,0.358159,0.461092,466.856956,116.215149,28.292128,100.0,41.961731,74.841042,5.0,8.185282,115.563179,0.2953,0.047703,0
108.998223,128.535714,473.759717,35.49291,1623.052055,236.630023,0.521164,0.37687,0.461117,57.977757,358.860569,31.403785,100.0,22.395307,49.309856,24.686018,4.894814,115.306608,0.361567,1.650394,0
89.536985,221.74551,257.092259,16.424449,1184.853941,247.128897,0.475384,0.369539,0.359165,292.366765,416.677896,7.039752,100.0,18.963056,59.668695,20.57827,3.882629,115.207169,0.326311,0.140307,0
10.254511,131.756009,273.813347,18.925153,881.646402,69.656216,0.251161,0.796647,0.736691,23.679367,523.493518,11.503367,100.0,21.662229,33.653053,44.946824,0.0,61.651091,0.263565,0.042841,1
110.180013,147.377801,486.598364,6.653002,1404.555953,255.106895,0.523469,0.73476,0.761229,143.071508,266.804886,16.272939,100.0,35.698179,54.497135,8.635392,4.627671,115.222352,0.24765,1.046384,0
114.001772,317.603799,500.452138,11.542432,1436.504643,112.07917,0.570646,0.286622,0.386077,8.748185,1.520432,27.742191,100.0,25.206984,53.872786,20.53335,5.309553,162.373932,0.272943,0.042616,0
92.321921,201.028515,383.787159,55.426662,1224.282919,359.52265,0.497462,0.069555,0.162842,5.0,44.786487,25.320611,100.0,41.673454,72.502769,5.0,12.720644,70.783266,0.194466,0.956667,1
47.034053,99.481588,461.86937,22.684315,172.686201,263.436359,0.597716,0.171957,0.299476,43.322464,462.935854,12.697602,100.0,31.647034,45.129648,21.315766,4.780312,104.517061,0.236692,0.695722,0
184.733791,320.83494,572.761933,38.447107,479.269923,212.548143,0.543441,0.804032,0.749967,667.236011,199.498226,35.638115,100.0,38.754772,21.26457,48.696801,0.0,121.78036,0.308525,0.156478,1
27.604796,429.923839,538.46943,30.575777,762.572948,312.162401,0.622847,0.7406,0.816149,29.950722,1027.431024,27.414809,100.0,21.613179,25.777833,52.952505,14.333838,141.803373,0.263382,0.10744,0
151.487588,172.425434,694.141842,27.024818,1289.81051,212.152212,0.597435,0.752162,0.737461,338.308043,207.681953,22.447842,100.0,30.195175,42.872386,19.16182,4.846593,109.545454,0.262147,0.216236,0
27.254975,449.197851,613.069958,34.253735,889.32679,198.989952,0.61334,0.316901,0.464868,256.830902,118.263802,27.017653,100.0,31.679722,10.0,56.564659,0.0,158.869179,0.279378,0.523502,0
138.314083,246.046462,312.624656,15.298142,1468.434317,85.433617,0.415856,0.483164,0.385028,182.945533,217.269841,22.131354,100.0,23.096094,44.609246,30.964285,10.37541,125.114777,0.2713,0.383435,0
28.505725,188.405765,377.91692,59.373214,1557.618314,244.120318,0.518768,0.655721,0.660293,328.957053,40.720886,30.552159,100.0,26.525624,46.995914,31.340177,9.828267,111.159959,0.262311,1.84001,0
132.513695,301.17853,475.478433,50.006933,1499.585234,134.871994,0.561179,0.249408,0.378524,69.032923,156.662948,32.094694,100.0,36.400457,61.703454,6.267242,7.016063,158.396759,0.247013,0.476366,1
214.055441,267.951585,513.95873,45.788805,1502.770282,15.509746,0.54592,0.57503,0.627053,41.920239,561.763225,33.404245,100.0,13.341137,10.0,60.0,5.191439,156.582234,0.271988,0.222514,1
214.630109,289.907182,564.311186,30.781761,381.503048,293.782247,0.571716,0.788904,0.77796,124.383269,79.2364,26.921153,100.0,27.068672,20.236785,49.239717,10.069225,147.12446,0.325018,0.122975,0
182.490292,441.705501,495.483208,13.408242,1141.31775,18.67434,0.57604,0.460231,0.53474,5.0,18.334848,24.66803,100.0,30.624326,39.857311,30.167297,5.409916,144.311217,0.25137,0.609288,1
69.49058,361.133992,515.244029,55.636622,596.23548,242.028044,0.756879,0.849501,0.824131,81.906709,78.006462,30.208873,100.0,17.738227,37.306498,42.273609,7.315768,149.219524,0.295957,0.274213,1
40.32401,131.489968,384.616702,23.776289,100.0,56.419521,0.512383,0.752667,0.654116,303.118222,1500.0,34.20184,100.0,10.0,38.325205,52.556164,4.456503,112.954251,0.213299,0.357006,0
60.780781,419.331796,604.28206,7.755868,756.264434,155.725026,0.651795,0.720585,0.651187,19.846009,41.280784,22.437338,100.0,31.122723,53.601727,18.210031,0.0,170.033771,0.406748,0.283311,0
143.356938,242.297973,369.450837,23.832202,1562.368483,309.272997,0.277136,0.491415,0.49716,112.768235,299.71439,32.742526,100.0,20.996123,43.544455,33.659202,4.488374,92.669383,0.139467,1.300615,0
108.895719,298.636244,603.541019,48.695137,1130.371005,33.991038,0.528562,0.567415,0.45693,352.11029,621.529387,20.7076,100.0,13.128185,62.568366,24.861319,5.790801,153.622859,0.265904,0.705948,0
294.163476,351.97579,655.346866,39.248981,1908.904686,240.174244,0.624637,0.663616,0.651831,48.45407,143.913633,19.291051,100.0,22.776496,57.259317,22.211739,11.253016,183.816493,0.204187,1.899758,1
43.991641,224.932215,227.338437,46.296122,988.615073,220.542747,0.38424,0.061129,0.075115,169.393988,332.757143,26.236927,100.0,34.732787,27.226907,39.536316,5.93816,116.491492,0.330222,0.570542,0
224.300074,309.650276,524.667324,48.649946,2123.901377,312.310709,0.452291,0.606834,0.618707,61.85161,486.773896,19.586526,100.0,36.310708,42.824825,15.879888,3.947828,119.707322,0.208911,0.352099,1
64.809608,543.438162,788.513391,16.657504,988.760613,62.184554,0.834482,0.790839,0.787716,185.88217,188.786756,12.622053,100.0,29.320702,47.117116,23.362839,1.80742,190.192575,0.396399,0.574193,0
27.147971,169.16901,323.958938,55.808082,911.240148,287.923502,0.387335,0.425725,0.39486,135.786307,112.079776,22.863162,100.0,44.427465,68.458356,5.0,5.014911,82.309879,0.2109,1.16528,1
87.22202,418.690356,621.297021,29.089428,260.304956,162.043631,0.663596,0.526737,0.602249,48.10594,17.092804,38.525645,100.0,39.353635,41.735062,19.822624,4.737918,178.029,0.27541,0.134239,0
106.827328,231.026874,394.678888,40.145751,1455.28137,154.311808,0.413882,0.412581,0.32589,233.007688,243.708651,12.867034,100.0,18.577084,47.43481,36.511682,11.15673,97.510891,0.259107,0.645441,0
170.706732,279.920529,519.491205,5.126982,648.937436,130.242366,0.481905,0.809697,0.709881,303.385916,146.473844,29.219436,100.0,25.395229,30.608874,45.297129,8.956247,113.287787,0.218829,1.949294,0
43.82902,165.718638,295.295859,59.635267,576.47618,138.806693,0.253625,0.795651,0.601924,462.880785,23.840888,22.498645,100.0,10.0,46.825907,44.138216,17.874213,67.222271,0.216963,0.393592,0
87.200119,474.341172,607.575464,20.449301,1540.615282,187.185466,0.677599,0.631561,0.772815,62.369857,241.827879,19.801647,100.0,46.830145,20.956472,33.094768,0.829213,174.045216,0.447795,0.321334,0
70.483598,142.94393,307.07354,8.413471,1479.111334,38.447936,0.35334,0.723456,0.724646,220.570124,893.624721,18.955669,100.0,26.647436,27.61608,47.468427,7.526244,77.200066,0.247212,0.129048,0
51.643081,517.335264,760.850715,30.204412,1466.025684,153.023713,0.638999,0.469611,0.537636,523.585298,10.948281,24.602205,100.0,55.912975,58.393868,5.0,6.264514,189.582881,0.26168,0.885247,0
208.51686,419.833822,683.55079,12.096653,718.904433,234.713237,0.703346,0.431013,0.382997,40.240387,493.163662,22.327979,100.0,26.9624,51.877675,19.213907,6.287696,147.817591,0.314994,0.00368,0
107.984142,482.070292,912.703769,13.377969,874.512067,179.349247,0.99,0.921697,0.827672,10.740155,687.944582,27.646577,100.0,29.735306,59.887654,10.737985,6.542546,200.0,0.34266,2.573467,0
5.289702,45.212861,118.680668,39.775555,870.072801,59.698609,0.180731,0.628249,0.628756,8.370312,404.251092,37.280222,93.679611,38.231438,74.314474,5.0,9.138559,38.55377,0.1,0.048136,0
88.314187,274.917434,304.941284,26.611007,1291.25909,130.698613,0.524611,0.221273,0.249356,68.197889,70.561658,25.40718,100.0,51.491171,53.218928,5.0,4.416044,106.649524,0.197911,0.361607,0
13.434322,280.06481,583.660364,55.701885,1676.782334,159.466203,0.337583,0.676747,0.718703,28.761782,270.357376,20.356523,100.0,53.239793,42.094943,6.800979,9.855888,104.220589,0.201042,0.144941,0
81.60332,353.191955,545.56552,22.553607,1084.073278,240.794933,0.536684,0.403131,0.421728,177.027394,132.299398,26.354001,100.0,31.98731,29.221467,37.881082,6.321526,145.199243,0.284655,0.113187,0
16.304586,202.755936,239.104197,44.939907,1887.445543,324.275876,0.398717,0.515715,0.488702,213.002031,179.868911,20.16068,100.0,31.019625,29.525452,39.748881,5.371536,103.564913,0.23543,0.019473,0
108.360968,188.47294,350.633898,30.360469,1348.597209,198.135185,0.399594,0.489389,0.462889,229.755509,367.950578,21.248947,100.0,25.392173,38.421874,35.951082,15.800588,102.21962,0.244105,0.045419,0
13.191963,89.076448,449.382685,41.297322,782.600303,243.492526,0.417712,0.794566,0.677817,92.936767,315.793831,19.917377,100.0,52.453018,37.218279,6.556435,1.128775,98.100107,0.233982,0.665478,0
28.693988,100.777369,230.291366,37.983245,1314.355703,27.788265,0.293105,0.666323,0.681956,60.528776,25.851205,29.725842,100.0,39.351108,52.029417,9.523305,7.680941,73.243845,0.222741,0.144139,0
127.112068,263.037427,476.690975,31.003119,1752.970139,343.608131,0.603698,0.350638,0.280216,353.791415,213.364048,29.251108,100.0,25.132003,24.039105,50.300075,11.304539,124.66923,0.300411,0.897289,0
69.501998,189.81387,299.290471,57.25336,1899.144492,113.475129,0.568741,0.50108,0.574492,480.62832,254.636879,22.965532,100.0,42.321748,29.126206,31.181114,9.08625,108.228756,0.241219,1.613494,0
18.048936,100.950953,181.730438,23.84925,1493.445672,127.54503,0.361021,0.509735,0.613154,402.272863,9.923154,15.246397,100.0,39.321649,43.867055,12.278593,2.520921,90.001887,0.249016,0.653851,0
199.410696,293.330721,619.532882,14.747953,912.837227,80.223401,0.57613,0.696372,0.617744,101.432668,68.775453,18.6697,100.0,24.385494,14.481109,59.687324,8.515644,143.457675,0.225808,0.068235,0
49.016102,159.370387,278.294438,42.295173,791.653373,30.481226,0.313263,0.55334,0.521905,33.38712,107.06297,23.748303,100.0,26.19475,61.544635,6.704504,0.245776,95.846889,0.143004,0.001995,0
56.367115,69.176367,219.465085,51.530416,1188.034752,284.416844,0.264002,0.543837,0.587051,26.978596,26.518646,31.046932,100.0,19.06646,51.914033,30.194779,3.047481,56.529554,0.275274,1.986982,0
60.761,147.000511,336.41166,7.213956,1736.987248,86.576429,0.299225,0.409857,0.484395,217.510646,109.567295,5.853361,100.0,44.592787,41.377875,16.466321,6.96552,95.975575,0.133243,1.014137,0
115.106595,183.046277,291.004582,29.729798,1116.884561,101.767585,0.331847,0.782697,0.821565,119.239045,494.833049,25.480152,100.0,25.970163,21.722352,53.450826,4.229421,116.184705,0.239193,3.437045,1
52.361319,90.52431,830.804431,54.086823,1127.265936,65.44666,0.778803,0.36573,0.349086,20.119642,121.588741,28.068346,100.0,18.58915,35.841313,51.46967,2.261136,145.10054,0.381155,0.410799,0
62.783913,103.301653,403.05699,46.229024,925.698927,350.958701,0.322543,0.508992,0.497149,388.520588,486.205478,28.213981,100.0,48.142279,49.488567,5.0,7.836624,56.204503,0.136157,1.531571,0
159.03359,244.085659,304.966895,59.549424,736.054469,281.172527,0.443035,0.346747,0.463129,329.01286,32.018166,28.311377,100.0,35.461942,28.00504,33.899667,7.708514,93.504271,0.370462,1.492419,1
145.118507,285.501922,629.473608,34.22776,818.932747,334.763874,0.677145,0.136332,0.238568,40.798982,704.677431,30.375681,100.0,10.0,11.788769,60.0,9.538518,141.558073,0.303609,1.67556,0
59.623629,206.314845,424.250369,41.299765,967.712993,310.220412,0.396518,0.556531,0.546097,246.548169,169.67374,22.66422,100.0,39.720577,45.536406,20.918344,13.43831,69.902174,0.199148,0.586637,0
61.363808,222.872995,458.105906,21.636415,1759.049998,326.266848,0.50417,0.376629,0.33029,315.688767,17.284417,28.519259,100.0,10.479246,43.098607,48.472225,4.093752,119.491891,0.238987,0.984139,0
2.664596,149.50868,315.646741,57.114458,780.143111,172.452259,0.271845,0.113453,0.176958,103.911986,71.642333,12.921589,100.0,22.895768,30.280459,44.614231,3.860711,81.703962,0.198326,0.700612,0
80.461358,154.884201,302.984763,25.148452,926.306038,61.394917,0.302312,0.206439,0.320452,5.0,466.769068,21.335521,100.0,36.797538,75.558497,5.0,1.123716,85.813253,0.15105,1.154819,0
130.648945,170.996649,515.221268,45.618089,467.31117,117.67692,0.606706,0.386191,0.383863,85.626605,921.747554,26.082775,100.0,36.474101,24.912962,39.67587,4.801584,106.737635,0.221701,0.302536,1
49.991053,99.652741,179.011831,27.172711,1258.315533,105.282546,0.299265,0.245683,0.422314,424.894314,150.725557,21.052113,95.903372,23.421802,60.319217,15.053606,3.01859,45.39754,0.218212,1.328494,0
178.898173,279.801657,673.049954,35.900041,1583.339589,258.168182,0.620774,0.415736,0.446969,225.027539,159.254084,17.92563,100.0,17.227065,48.801848,37.232667,2.54526,151.394671,0.23457,0.494898,1
11.449227,132.947105,332.590617,44.588039,1712.248923,9.242167,0.413848,0.676778,0.629288,252.491298,58.988948,20.148625,100.0,51.645339,43.919787,5.0,8.791133,128.000134,0.152017,1.323648,1
30.680177,227.606966,284.414847,32.991378,1001.682262,51.135197,0.334315,0.681974,0.701703,101.375957,506.836293,27.988505,100.0,48.29302,75.289621,5.0,3.35783,114.197907,0.165074,2.609668,0
169.000888,442.232502,487.254835,54.889748,1187.177142,245.838643,0.41444,0.156215,0.281644,346.118236,312.57879,23.347457,100.0,28.646187,56.654155,16.792181,11.778866,125.964065,0.343051,0.008588,1
126.885264,205.462769,316.175152,28.061554,823.224839,44.439247,0.352025,0.863571,0.74309,97.023723,129.927121,23.774842,100.0,31.2243,27.475329,37.141821,8.311888,80.227697,0.182759,0.655792,0
10.583227,135.211099,259.69263,40.588949,1164.00934,17.385066,0.363942,0.520736,0.520283,163.783736,1411.658342,26.331982,100.0,23.743897,29.035861,46.965469,6.569122,79.563929,0.290711,0.321234,0
13.366863,180.242565,227.228278,23.829934,1056.982576,39.317459,0.32376,0.240666,0.224005,799.399629,120.894035,25.632867,100.0,28.533242,25.912869,48.674855,2.5851,94.128049,0.18724,0.991982,0
109.631425,220.255436,473.108273,27.448617,929.132194,248.642695,0.33288,0.581249,0.511005,42.214696,236.551365,32.818139,100.0,31.770358,43.134535,24.671082,9.667846,83.364741,0.200638,0.19958,1
93.140552,144.125791,423.033777,29.202756,968.876846,50.157093,0.476188,0.624461,0.638988,49.85107,72.674597,31.087079,100.0,40.111701,26.878649,34.039161,9.782359,100.549957,0.257877,0.46015,0
55.572235,114.430469,383.659893,11.919386,1125.961142,52.66957,0.428653,0.752012,0.774051,451.019524,330.716241,26.576355,100.0,13.167974,10.0,60.0,4.707731,94.811435,0.198419,0.25166,0
174.575248,382.330636,705.001688,10.044802,752.923783,82.908071,0.509424,0.886556,0.788397,149.795456,272.153016,22.354434,100.0,36.164853,30.488216,30.843003,1.771052,152.249429,0.259488,0.210256,0
38.404329,121.460434,253.678152,41.711946,778.751604,270.327854,0.234822,0.546516,0.611983,24.024475,53.26877,32.160061,100.0,48.749676,52.996588,5.0,10.445672,87.145076,0.189513,0.164632,0
5.749927,95.484565,324.410571,41.053476,1753.681007,72.127048,0.424912,0.823186,0.750012,213.171322,21.708443,34.162457,100.0,27.779833,60.044503,9.920311,2.287669,115.086828,0.238978,0.032782,0
115.066428,126.701503,447.319361,41.460034,2255.273384,12.735143,0.618702,0.448763,0.539204,310.630018,38.316522,14.840988,100.0,20.64688,51.671168,24.898237,11.271491,106.212005,0.264626,0.402851,1
134.563736,379.05653,633.97249,6.087154,297.816526,326.110808,0.474825,0.795009,0.853291,398.252033,128.606791,23.589276,100.0,43.681579,36.305289,23.174076,7.126003,124.991615,0.293522,0.047434,1
40.503787,210.884951,425.787011,22.960076,270.264398,315.474633,0.559849,0.357919,0.334618,467.279805,469.137815,22.967258,100.0,19.474169,55.20206,23.687628,0.539924,131.091348,0.179177,0.332066,0
22.752209,52.288271,454.869924,15.879542,421.423586,66.53484,0.298602,0.796229,0.681963,234.01132,686.35905,18.322333,100.0,17.065969,69.581647,13.577417,4.665381,61.724913,0.216539,0.140469,0
6.191465,162.03889,304.025206,47.798328,848.355792,95.523332,0.498173,0.768734,0.756941,61.120192,80.387596,21.114269,100.0,11.322548,46.752158,43.2002,3.061499,102.06865,0.275059,0.367658,0
68.418345,232.030946,373.316468,52.334672,1347.890256,67.880726,0.393452,0.532452,0.644464,103.599454,410.424344,21.831768,100.0,37.058974,38.985657,27.013534,4.778099,125.46743,0.221798,0.60677,0
89.592174,418.405972,617.946331,18.567421,1195.626471,259.032434,0.553782,0.507556,0.45067,28.916123,632.150896,30.503131,100.0,17.584735,66.242792,9.876889,10.535721,180.506178,0.331826,0.631808,0
141.778834,196.362635,395.302953,41.731704,986.015568,90.003198,0.471461,0.359129,0.422672,198.393655,70.298586,15.753675,100.0,12.856257,28.187547,58.520468,3.07588,96.8108,0.264481,0.444332,0
93.872451,243.568239,437.24045,12.114954,1164.467773,335.321913,0.375405,0.834432,0.783789,30.979216,1500.0,25.569424,100.0,33.056989,50.656047,15.396497,5.133345,88.076469,0.1,0.238302,0
43.467262,113.204304,163.54441,20.133389,553.956922,297.950769,0.290605,0.243647,0.220648,121.55413,489.003489,19.451316,99.278786,19.625435,10.0,60.0,7.908602,58.229749,0.222319,0.558785,1
80.472407,147.473024,495.534302,12.625997,777.938614,211.824406,0.508807,0.295873,0.415969,177.820978,72.66717,31.487686,100.0,38.118931,32.349714,31.849883,4.765024,106.457378,0.258619,0.45993,0
146.991081,436.333801,664.82457,20.593642,889.952726,3.217761,0.284099,0.869341,0.840521,118.128531,310.319481,24.726459,100.0,37.139274,10.0,57.296129,3.221056,132.03283,0.185774,0.916381,0
88.682717,297.537934,314.071768,42.11051,107.891831,318.120986,0.28589,0.563605,0.662391,549.454555,155.648022,29.737389,100.0,32.346037,50.606873,17.652543,8.984682,82.403306,0.192427,1.58389,1
131.904015,162.000079,196.166508,55.06798,319.344898,261.994193,0.285851,0.685822,0.577653,35.537032,21.000963,24.670013,100.0,22.877346,25.704827,49.096959,6.65958,82.053869,0.185121,1.112944,0
23.924746,49.681664,449.971388,16.138732,339.216969,283.646663,0.589123,0.290035,0.415846,14.160737,85.181049,14.366965,100.0,40.384346,48.994454,11.310276,1.883763,149.918089,0.229684,2.332645,0
111.786153,271.795397,394.530991,34.814347,1282.054112,25.857074,0.468501,0.398313,0.411068,10.206048,4.561432,20.914245,100.0,15.777147,29.177947,56.780995,0.0,123.563761,0.214085,1.601686,0
93.996705,189.876241,379.635242,43.576511,1022.677474,255.081661,0.527741,0.594909,0.670601,146.240925,265.718254,34.415917,100.0,44.104379,30.519623,26.221136,10.877322,132.554178,0.308083,0.169629,1
51.904816,100.528911,184.349327,57.410736,1205.5306,289.652211,0.167301,0.858209,0.745342,431.067592,23.194914,27.558523,100.0,28.880092,27.700465,46.595682,9.396359,47.058918,0.137124,1.554459,0
148.957712,311.115432,1000.0,38.553327,100.0,344.388728,0.99,0.409017,0.532914,124.096697,108.750876,36.148941,100.0,30.413821,47.394,20.162093,10.619217,195.811642,0.435107,0.432938,1
255.631964,403.531672,574.203629,19.030881,158.216657,208.96937,0.662514,0.952312,0.765871,669.976662,6.119315,33.31616,100.0,35.54761,43.899169,18.691469,5.544924,169.298332,0.345541,1.638872,1
10.132419,118.823,245.91791,39.401299,1231.60772,182.895067,0.145933,0.592067,0.620968,106.017661,162.818949,20.399855,100.0,45.725757,24.208492,30.59499,0.066768,69.682853,0.11958,0.611132,0
54.145847,170.757504,502.698648,22.627014,100.0,153.142844,0.637245,0.664865,0.710009,175.089724,51.767276,16.182283,100.0,34.857826,37.08033,31.522532,6.398039,110.48592,0.357835,0.111788,1
64.453172,116.526458,189.698555,58.687061,1512.314679,252.463565,0.293981,0.465115,0.403306,5.0,53.735126,30.762398,100.0,26.503989,27.473616,51.202244,7.981234,79.963201,0.194098,0.004989,0
68.476911,215.54045,576.641609,26.982187,100.0,331.49567,0.561998,0.480074,0.482814,18.208849,0.067855,30.328593,100.0,37.970502,30.888358,32.762931,12.823737,120.152391,0.221105,0.891056,0
39.264538,403.012621,561.960468,42.698525,1321.672446,215.911818,0.547798,0.579313,0.647318,32.934894,954.303143,24.267381,100.0,44.025056,30.799448,26.155288,8.008596,118.000782,0.255246,0.157545,0
12.775938,48.752793,339.238046,6.277517,455.707688,81.822111,0.284551,0.815335,0.87646,278.97701,66.433882,15.318446,100.0,42.835197,29.517828,24.809488,0.0,60.249054,0.15978,0.200166,0
56.587171,260.685757,478.527054,27.00338,1424.451858,6.326622,0.569829,0.729479,0.769252,407.877902,261.403522,20.818814,100.0,33.921721,49.545421,18.71997,0.956877,137.633093,0.282789,0.454813,0
64.871341,107.947781,259.506852,53.130919,2504.080457,222.880723,0.350786,0.525598,0.581041,168.225195,313.674285,25.050025,100.0,34.21997,49.342176,13.055348,7.982334,85.691888,0.148728,0.415245,1
52.509113,231.909286,281.903848,38.562509,100.0,311.25524,0.397911,0.607965,0.543138,716.295302,190.523793,28.687281,100.0,35.984859,13.322273,53.933185,8.244557,117.545155,0.308874,2.242985,0
66.131202,160.104838,358.143154,29.416859,1247.688574,23.7511,0.41232,0.62476,0.617879,85.806495,139.188027,18.062923,100.0,41.013851,34.753603,24.75159,9.729826,106.033506,0.265726,2.84088,1
81.976388,264.539575,363.247871,56.476562,100.0,143.125635,0.429339,0.676069,0.639049,181.394244,261.800574,30.22166,100.0,30.222958,80.0,5.0,9.043631,97.110971,0.242319,1.618855,0
58.392589,96.493867,290.675968,51.969141,1113.384461,338.416893,0.317485,0.618766,0.65226,178.661396,221.403842,28.824948,100.0,33.62772,59.240894,11.052013,4.100095,66.41548,0.196083,3.282403,0
38.846671,43.176268,355.788686,22.721862,796.613918,180.603719,0.5101,0.522285,0.470739,68.139883,40.551966,28.90833,100.0,33.310097,73.424895,5.0,2.338506,116.098234,0.306821,0.108828,0
66.444443,186.512385,441.294641,34.950162,964.891161,79.436963,0.535737,0.220393,0.275903,364.177254,12.522231,27.232307,100.0,16.298074,22.66781,59.958991,0.752569,129.340839,0.191147,1.015468,0
86.972688,281.375555,293.909114,31.940334,444.156862,127.316308,0.367108,0.550575,0.62426,365.699206,179.042006,11.007253,100.0,24.956682,32.649702,43.242854,10.766191,116.471652,0.223864,1.390372,0
71.308371,194.779604,335.90649,39.771138,1290.270555,146.930244,0.372064,0.215229,0.255974,1114.997843,122.473196,25.904254,100.0,42.840835,25.023122,29.600985,6.29371,90.799315,0.149157,0.161263,0
267.427021,436.662963,549.858267,23.37612,175.821081,42.224225,0.390584,0.99,0.9,165.051314,309.613727,21.709826,100.0,53.480718,39.031266,8.235396,0.0,146.661067,0.26169,0.782903,0
91.81134,166.79904,290.693571,18.431275,1520.818631,237.885208,0.148626,0.339402,0.385478,117.797541,116.745626,27.498566,100.0,32.679966,42.863629,23.984731,7.424983,59.092218,0.1,0.42164,0
68.754235,241.047583,448.143916,55.196951,695.374847,213.179158,0.444092,0.790765,0.833231,305.492644,27.486334,14.460176,100.0,30.572049,46.853919,20.564854,6.928863,151.664538,0.250852,0.117062,1
33.812474,321.095363,449.877297,55.813097,198.654661,233.180236,0.609265,0.727179,0.709702,170.173091,125.512014,11.90648,100.0,25.839896,31.377914,49.981674,4.147305,146.011507,0.390378,1.182738,0
34.577621,108.713532,206.246658,51.382759,1697.468412,219.884965,0.204823,0.405656,0.416105,251.977316,58.928796,27.575539,100.0,10.0,28.08225,60.0,6.9862,67.467995,0.207591,0.137364,0
52.612705,219.965876,283.797222,58.801244,866.328674,6.001945,0.274674,0.61863,0.705624,861.157554,207.53018,18.661416,100.0,49.046776,24.340735,24.868935,7.906431,104.623575,0.125197,2.338069,0
54.013269,112.77077,248.877499,45.974534,1853.817985,62.806626,0.214311,0.380665,0.475171,79.002891,7.001512,11.23355,100.0,23.264984,36.050406,35.623129,8.858331,50.395195,0.166208,1.349835,0
52.277709,359.781232,657.516501,47.056698,1510.678065,59.605921,0.52985,0.581567,0.521649,46.443171,300.323529,17.656285,100.0,13.639707,48.383816,35.766113,7.75873,136.205437,0.268977,0.203688,0
94.881104,125.262534,432.640962,46.942455,500.927148,35.262535,0.376346,0.421769,0.516845,325.933601,200.36844,23.013697,100.0,35.246213,50.543802,16.486552,8.447163,75.936257,0.20905,0.12198,0
145.502553,287.75989,508.3436,31.43342,857.5051,264.771278,0.559955,0.584988,0.514242,77.698461,66.67252,30.759552,100.0,31.91172,59.013326,5.0,5.765242,134.775086,0.359662,0.568428,1
115.365422,226.126172,253.883956,30.104871,960.51897,43.249397,0.266617,0.350672,0.388037,137.985784,167.121115,24.232051,99.665361,55.454289,44.381994,5.0,10.305124,60.749931,0.170385,0.141341,0
105.607253,180.244045,386.617537,18.212445,1663.1516,240.549866,0.374904,0.521276,0.707126,842.94048,1040.560951,20.537823,100.0,37.332038,51.238836,14.3655,0.0,115.144458,0.32591,0.6123,0
30.35762,102.931364,533.086404,40.465056,1118.758857,64.220511,0.490496,0.479714,0.427955,164.81098,5.294223,22.449224,100.0,49.442087,15.815912,33.649469,6.185463,116.406068,0.219731,1.643894,0
161.193374,264.867666,333.556977,20.912607,988.146311,42.591664,0.407223,0.862042,0.797918,65.921232,266.665034,28.5371,100.0,39.884982,54.956342,5.0,2.456668,103.784831,0.22656,0.033556,1
33.129586,312.148306,444.141816,19.179463,800.060206,58.510818,0.51655,0.94657,0.9,180.06084,124.62512,27.305714,100.0,25.435745,56.784519,18.00927,2.708316,136.744477,0.261659,0.01969,0
85.326105,214.897303,514.500972,37.227876,874.721482,183.025244,0.350425,0.476681,0.513976,306.871491,300.262429,28.299013,100.0,59.675518,67.032653,5.0,8.496399,101.425087,0.217065,0.409657,0
100.841528,119.121709,150.832379,27.549031,1552.296043,232.373704,0.152182,0.839622,0.868061,249.277778,36.724212,34.476579,85.559593,49.942194,72.436178,5.0,4.525485,65.812144,0.173719,0.877642,0
164.55136,189.903514,324.007368,17.037113,901.852675,292.29295,0.366467,0.364037,0.400436,446.960418,31.497865,24.286249,100.0,38.363013,20.273784,47.23662,5.922783,80.293344,0.273865,0.295903,0
234.799884,363.955955,854.729456,49.883081,702.501364,46.282394,0.870411,0.271296,0.328974,391.707951,14.111077,28.241985,100.0,44.316465,53.499193,5.0,14.150613,195.670401,0.380016,0.097073,1
50.745484,269.883657,726.856726,52.331346,617.746417,221.827229,0.730598,0.622467,0.600017,423.141907,180.794674,11.138835,100.0,35.915892,33.054733,30.885386,1.351638,142.621046,0.32629,0.411241,0
79.893811,133.451462,592.56407,14.223474,623.117423,278.582256,0.685965,0.753058,0.769479,5.0,29.346595,25.08309,100.0,34.616449,31.117638,36.169503,7.500016,151.857373,0.316988,0.46332,0
154.042368,277.846932,413.477881,5.412887,198.952002,112.465862,0.310271,0.744117,0.781274,10.938197,173.000526,15.899972,100.0,37.464741,32.96815,23.068467,4.911885,101.554789,0.23544,0.51771,0
248.75364,470.134338,867.912502,23.487148,524.812346,28.697609,0.879244,0.763522,0.820477,46.645367,414.233383,20.216857,100.0,55.242466,31.073834,14.537377,14.803226,191.88485,0.32683,0.714999,1
55.518155,193.600803,405.208649,48.863096,1649.210138,56.140547,0.649557,0.388475,0.376661,141.004019,249.143631,21.246457,100.0,45.662815,36.411949,18.488529,3.10402,158.646521,0.285013,0.579174,0
31.85969,147.002597,241.572682,51.154563,796.70037,32.961113,0.310109,0.928387,0.826973,346.385334,33.678959,23.976486,100.0,32.012406,32.022833,41.43038,8.042591,102.541093,0.279078,2.925007,0
18.013625,101.57774,217.802046,12.608099,1252.205834,319.396295,0.293979,0.745659,0.736139,272.934447,196.467452,20.503578,100.0,34.564801,46.397329,25.925011,4.622231,64.688602,0.1,0.212443,0
37.100605,131.299251,372.970653,47.588475,100.0,135.612601,0.468951,0.260282,0.368686,83.105937,285.476287,21.705042,100.0,14.819849,50.007344,35.707565,0.0,88.245312,0.289402,0.484888,1
132.910856,306.383706,335.091637,11.363729,1184.155654,188.405498,0.330294,0.631024,0.632983,333.992953,180.688364,27.900717,100.0,33.625592,57.860846,8.864189,6.822768,86.744131,0.255391,0.327646,0
138.558133,327.08404,489.91853,26.453442,819.323648,276.727735,0.421746,0.33299,0.294489,20.990844,87.004364,24.52837,100.0,38.929266,47.527036,13.021071,9.342825,118.6027,0.275484,0.715161,0
91.80183,277.929347,474.236937,59.923523,659.279989,133.739432,0.508904,0.377502,0.320718,358.870042,610.254587,23.596755,100.0,36.628111,37.548491,25.707388,5.925252,115.63794,0.232699,2.709399,1
53.451508,114.084505,385.76733,15.592495,990.479979,233.676956,0.262501,0.694143,0.652869,111.671034,58.656385,23.972056,100.0,34.323723,50.128506,14.375606,9.26592,73.826716,0.223532,0.878394,0
95.096144,101.89236,140.591519,13.467997,652.087373,27.604747,0.259099,0.573281,0.562576,132.707155,155.061475,22.624258,100.0,24.752999,55.232466,23.012059,0.0,85.438242,0.201457,0.620616,1
72.203983,148.407893,312.704755,28.254018,100.0,173.126033,0.422252,0.577079,0.360204,1301.302481,161.718314,29.94359,100.0,42.039251,48.54127,13.562229,0.529972,124.469816,0.256735,0.59759,0
55.628198,256.638155,580.920622,39.081769,1361.123971,34.746828,0.433399,0.332504,0.427746,458.897638,900.619342,23.45077,100.0,43.298653,47.596382,12.783571,3.194792,88.291639,0.176988,1.366511,0
88.590394,409.653594,981.415187,56.309543,1021.508781,89.382291,0.950503,0.535571,0.416389,123.951934,301.17792,37.561976,100.0,32.98377,80.0,5.0,4.305314,167.910532,0.399441,1.729388,1
51.497699,97.12183,191.749978,58.945163,743.028773,105.602698,0.24134,0.600351,0.556067,17.037883,246.577636,26.731632,100.0,33.010585,29.528611,38.949267,8.199065,61.806687,0.169243,0.042419,0
88.258004,255.374964,651.599004,8.830235,416.907314,258.330169,0.801647,0.721253,0.53774,110.253038,195.238451,28.481179,100.0,31.778373,53.614904,16.928332,7.301892,147.780005,0.488381,0.557246,0
99.157815,163.323248,476.05302,12.589863,165.071242,242.677507,0.635629,0.604387,0.720281,222.486496,177.952566,22.101468,100.0,35.511294,41.567799,25.071493,0.0,121.910272,0.241579,1.820556,0
117.824371,383.757455,820.992088,48.490589,1011.946354,268.948832,0.882005,0.826144,0.703199,1112.719937,618.545551,27.323033,100.0,37.863703,12.447804,45.25127,5.722391,188.090276,0.384582,0.309917,0
13.395415,212.221505,242.88657,19.884768,1706.72048,22.231817,0.427522,0.458309,0.327265,5.0,667.915081,30.114527,100.0,13.822473,11.582635,60.0,1.864617,117.555862,0.249475,0.026306,0
162.747684,298.238049,581.069278,53.666698,1001.583238,357.809116,0.557387,0.611662,0.624239,71.03802,446.782228,25.264117,100.0,26.849318,10.0,60.0,10.996916,134.646459,0.27683,0.702548,1
64.83105,207.605083,597.979249,41.489929,208.619197,19.59121,0.634277,0.738199,0.806222,27.593623,170.130878,21.676649,100.0,18.00099,39.522656,42.145402,1.134171,127.036114,0.31024,1.151117,0
236.604127,483.969895,663.490609,11.151464,1012.558364,297.269205,0.638722,0.776827,0.606985,49.280002,605.396002,30.569932,100.0,26.010354,13.222253,60.0,2.923123,167.69382,0.222351,0.043212,0
133.552887,153.623865,298.698489,50.789111,873.328519,266.496816,0.254178,0.515485,0.581419,803.656143,6.500499,35.755748,100.0,45.460063,37.442372,18.948484,8.295125,72.695294,0.183035,0.467404,1
32.751122,133.050304,330.888018,14.699601,1332.021813,213.034245,0.389521,0.926903,0.843168,1037.310115,72.471931,15.066047,100.0,21.086176,41.430647,36.179449,4.337135,86.886478,0.162997,0.013777,0
106.895026,147.166985,517.976094,28.292247,1203.366589,157.988579,0.531955,0.584514,0.464898,301.76506,12.373907,21.15274,100.0,14.438653,31.209682,47.45568,9.496776,99.616538,0.263595,0.397846,0
154.429995,295.438286,394.02882,35.370171,100.0,272.567647,0.414692,0.642608,0.655459,5.0,352.129911,23.72928,100.0,17.340981,34.869512,48.752849,17.654963,105.829924,0.221465,0.53985,0
57.954726,179.045977,271.936168,32.542138,1172.621102,266.348809,0.325222,0.560322,0.573712,72.598127,835.14852,21.838202,100.0,34.945961,53.670105,10.596008,2.685099,95.231842,0.261304,0.107209,0
30.464131,165.749145,186.444596,42.73896,398.260295,49.384201,0.264558,0.580315,0.439088,133.915385,218.918029,23.630902,100.0,39.861511,24.847267,36.69877,2.123968,85.065409,0.1,0.187775,0
25.766202,60.689179,227.667716,40.89777,189.135629,285.34769,0.382306,0.686272,0.710856,702.441128,134.839015,17.981572,100.0,32.245473,39.950562,24.272853,6.816147,67.565007,0.108518,0.218427,0
17.426213,237.979063,295.453511,59.56231,805.763295,28.280519,0.292688,0.289645,0.33425,175.690962,120.459562,29.584031,100.0,10.0,10.0,60.0,6.752494,82.569396,0.150611,1.907851,0
6.72511,186.398265,355.76609,59.968205,1105.485555,180.196611,0.274438,0.325677,0.541581,146.551706,20.413483,24.160371,100.0,24.16941,43.008301,30.264351,9.980215,65.701934,0.220891,0.174801,0
65.870178,140.231698,224.060004,33.405267,100.0,232.229458,0.358251,0.552587,0.462862,215.488332,29.547756,25.496166,100.0,50.001076,59.841886,5.0,3.905122,100.405855,0.221012,0.311928,0
27.099793,216.496997,336.627838,10.23595,1252.288209,295.807989,0.471792,0.815782,0.845658,132.071315,13.09359,22.291428,100.0,33.052283,51.667038,14.247437,0.0,113.409422,0.244525,0.077838,0
40.552578,51.541883,186.664545,45.031381,1281.669424,166.719679,0.29446,0.65666,0.594032,11.688469,1500.0,19.859655,100.0,10.0,34.96262,49.791414,8.780986,56.273871,0.251363,0.045555,1
240.469904,281.860234,485.682578,58.716524,923.488098,85.268908,0.398951,0.519013,0.530785,575.712519,95.448659,20.043915,100.0,22.89979,32.309465,42.78085,11.902002,101.437577,0.178973,1.816749,1
99.507481,202.726248,417.85462,22.507951,466.188185,176.637462,0.442027,0.343657,0.23682,168.442225,116.749916,33.658621,100.0,10.0,65.852072,24.463833,9.813707,72.082417,0.206499,0.146855,0
31.815864,116.604363,268.710247,30.366489,410.310998,90.07492,0.356908,0.726042,0.61603,427.58182,39.425361,18.100443,100.0,26.635175,49.103311,20.142308,4.612498,78.887097,0.232247,0.269875,0
300.0,557.431942,686.996996,28.362731,1412.966066,190.341137,0.577113,0.425966,0.505603,168.522381,14.595593,21.624953,100.0,33.240236,40.0153,27.646271,11.569081,168.263937,0.299575,0.477971,0
87.722071,259.05666,377.983684,7.828054,144.388657,166.502946,0.344841,0.516087,0.553204,216.505177,316.440799,13.140667,100.0,30.208953,49.426531,16.217099,0.0,104.297481,0.165549,0.83195,1
299.329465,593.554562,637.975185,41.974544,1432.23523,280.981614,0.627621,0.776791,0.7303,43.035923,134.210783,26.898896,100.0,27.667775,29.963357,39.454688,8.860261,164.736014,0.272493,0.041621,1
201.896719,231.498016,602.65457,24.433573,817.40042,86.432441,0.730551,0.824413,0.711834,1088.416632,220.693753,29.301094,100.0,54.92169,36.549766,5.296767,11.592598,151.599411,0.297304,0.445482,0
90.087495,174.267246,269.016265,48.310513,852.08275,71.994666,0.35118,0.750946,0.741908,11.439825,239.41575,13.486683,100.0,34.425746,27.157492,40.216001,15.594807,97.333547,0.138425,0.496356,1
65.433555,104.775025,288.623829,50.766604,100.0,170.706722,0.288077,0.755196,0.738054,50.643912,197.721928,19.659867,100.0,28.105504,53.084061,19.364488,12.565998,87.933029,0.152792,1.198759,0
131.60035,267.546513,333.546531,50.167693,826.641685,18.181571,0.363348,0.6371,0.609218,383.743403,229.577383,19.233281,100.0,40.521146,23.746211,34.242433,15.266826,97.595202,0.106438,0.41683,1
84.23672,113.924929,392.458555,27.91663,1206.792758,82.562626,0.366962,0.248274,0.318335,38.618933,266.860656,21.861758,100.0,40.603685,30.732789,22.124895,4.892361,97.515373,0.201191,0.658376,0
47.885507,170.99056,358.494475,22.685013,231.794956,127.333769,0.363519,0.270465,0.306742,5.588194,222.461001,27.31265,100.0,36.529209,45.311486,17.888087,6.140783,76.667522,0.197889,0.045661,0
45.343263,103.012034,329.404705,46.185143,1149.317934,175.546697,0.452221,0.647077,0.661896,631.364007,815.422612,23.840261,100.0,60.0,10.0,26.33773,7.238525,105.209486,0.243576,0.378835,0
147.08358,338.188428,402.068279,49.076419,944.506127,96.997216,0.249758,0.744681,0.664607,310.022374,893.246219,23.996972,100.0,23.765573,25.828689,46.538847,6.614844,95.157624,0.229947,2.507818,1
31.747958,135.782437,369.705205,32.01916,578.122193,201.829138,0.545744,0.643835,0.500241,103.127258,745.633428,15.447994,100.0,45.916728,23.743067,32.12551,4.698094,88.66684,0.264716,0.436717,0
145.605184,170.009206,201.668213,54.116706,1327.336543,316.22928,0.490336,0.573023,0.645829,557.215006,84.593592,23.745603,99.198867,44.839419,41.21098,11.30564,9.942723,108.871983,0.208532,0.705688,1
73.765872,285.843073,394.969756,12.914978,100.0,195.741886,0.451981,0.450224,0.392498,175.493322,208.313159,29.720461,100.0,16.007993,40.962722,43.149184,0.860322,135.683861,0.225326,0.408427,0
14.047638,228.465179,299.73112,53.348783,1073.340374,103.262228,0.271664,0.420509,0.403043,256.238431,302.321696,24.631765,100.0,38.029857,69.868534,5.0,7.298754,66.558949,0.124329,0.369445,0
154.041992,337.960908,523.461354,10.285238,1709.717579,22.31315,0.661265,0.152573,0.192709,212.845358,387.373209,11.965465,100.0,21.432,23.232434,57.934621,8.076493,156.748239,0.335091,0.550829,0
32.553102,105.817877,493.207945,13.443904,1619.97157,49.19987,0.547021,0.265213,0.341993,417.600337,557.823652,31.61781,100.0,32.874635,13.834764,54.825634,0.0,123.53137,0.311178,2.046483,0
36.835783,195.533748,455.425762,34.361201,1094.90336,202.038253,0.434516,0.661982,0.643692,117.19523,276.320017,32.104561,100.0,45.675325,57.381621,5.0,1.416601,119.05623,0.273503,0.451322,0
60.233529,287.592952,726.686119,8.713516,749.159612,246.135182,0.620494,0.391188,0.437984,462.07209,593.231549,27.405478,100.0,33.56711,27.695698,42.247432,3.470891,146.027839,0.363018,0.883272,0
68.48893,164.807366,355.874772,7.904391,582.098722,17.88046,0.36191,0.640179,0.610339,140.570451,269.732986,29.596318,100.0,10.0,40.088958,45.393644,4.521608,84.123959,0.12719,0.993803,0
90.545199,190.247669,472.521536,5.028531,748.537103,66.797939,0.520901,0.620115,0.70029,23.660593,364.416964,26.877216,100.0,40.718992,29.809433,35.360431,1.676938,130.095967,0.237962,0.536768,0
148.367128,262.862317,602.947899,28.997416,1171.903624,114.869257,0.702056,0.569121,0.657427,61.908769,211.978401,27.952921,100.0,14.731784,47.779875,30.043066,12.876592,151.040855,0.458218,0.645547,0
144.831879,330.603593,668.207876,47.604313,496.378097,115.118319,0.696396,0.479152,0.393135,31.700866,41.63699,20.558404,100.0,26.790845,43.498409,27.902365,19.518535,138.824559,0.374789,1.821594,1
44.122823,170.914127,232.107178,6.916109,1278.711909,345.026525,0.342703,0.250193,0.234567,210.703421,231.865659,28.74863,100.0,45.59139,31.999964,21.04727,17.116882,86.133555,0.225534,1.518064,0
45.412602,211.788393,304.863761,40.874168,1966.580259,73.357415,0.32576,0.505916,0.49215,517.752484,18.858313,10.571444,100.0,19.148714,38.323346,37.248566,3.895385,63.573539,0.187732,1.66456,1
137.075522,229.764093,545.103762,50.272002,869.058382,22.507326,0.648831,0.605032,0.645513,50.501145,75.874021,23.043944,100.0,37.469163,30.172077,30.784809,6.518187,142.234055,0.369248,0.64553,1
27.290157,118.258113,560.52225,14.240047,227.802598,127.085339,0.555772,0.640457,0.579793,139.069285,111.219434,29.488152,100.0,24.013451,38.835708,39.949874,0.006724,113.643754,0.258591,1.434516,0
73.732724,244.310923,332.363117,13.077505,227.627627,48.39911,0.566308,0.714797,0.729411,15.869972,2.520263,32.789177,100.0,10.0,30.73769,59.598743,7.851965,111.900446,0.250657,1.074992,0
191.595243,257.077987,355.390329,52.344054,1288.282776,45.569507,0.336804,0.5536,0.491346,236.288175,311.144292,26.501371,100.0,23.955308,61.382546,9.795838,6.573476,131.505607,0.210579,1.517828,1
50.100288,96.367876,354.354571,50.271854,870.126911,146.682238,0.440701,0.754915,0.791192,167.895275,128.991786,31.203154,100.0,24.653942,33.540773,40.775419,8.666622,78.871639,0.228967,1.031281,0
17.109705,80.159639,209.695913,34.641797,1338.415448,110.30081,0.497181,0.713687,0.798678,388.455134,23.141095,23.674371,82.654405,17.79446,30.654762,54.275095,6.679717,107.647044,0.219726,0.679568,1
32.561773,120.483449,448.499659,50.055993,633.182875,33.021639,0.58542,0.54467,0.602805,566.302035,269.929058,27.835282,100.0,32.231101,10.0,55.325365,10.527992,118.550587,0.254999,0.908197,0
34.572254,143.601832,416.431665,10.101584,1315.311774,217.549235,0.528508,0.72147,0.687603,212.836798,169.81014,28.279645,100.0,32.823677,20.613834,45.348943,6.715143,105.072015,0.316372,0.227217,0
30.025224,103.598858,460.8256,26.696483,820.850413,180.611916,0.521385,0.480257,0.559315,266.90094,119.905971,9.832595,100.0,27.246981,47.514514,26.572156,5.599364,103.030266,0.339903,0.19917,0
57.878488,138.008873,282.005964,45.578866,533.747972,27.755881,0.344989,0.888725,0.743786,201.357584,216.797006,28.686823,100.0,27.561741,35.377163,39.348071,4.936465,74.585878,0.225992,0.116509,0
295.327547,435.595687,559.869277,19.159858,699.500761,310.588011,0.558502,0.605992,0.714857,250.127167,3.089792,24.710553,100.0,39.458114,32.684412,29.771242,13.747915,152.91089,0.247014,0.19998,1
104.762357,161.905807,261.593524,46.37809,301.472822,102.496701,0.266174,0.575403,0.587377,245.380977,357.055017,25.318148,100.0,16.803577,49.762087,32.333933,13.477125,99.267539,0.1664,0.209367,1
62.633381,244.403342,679.909047,32.729823,1894.679779,346.097083,0.52435,0.706063,0.610786,145.118863,160.125219,29.374413,100.0,45.360575,58.923949,5.0,6.320631,150.841264,0.214457,1.707312,0
67.134442,118.386411,182.194987,46.264629,851.809093,335.353908,0.318927,0.489884,0.467038,17.710628,413.399608,20.79528,91.579375,24.994023,24.414043,51.354837,7.688587,89.088649,0.131997,0.215128,0
38.918542,145.897336,203.252856,30.55738,1222.257044,156.274785,0.118962,0.540745,0.56897,11.805059,460.48336,24.156567,100.0,28.037763,34.250088,33.139057,0.0,41.640867,0.133046,0.410315,0
66.926526,168.877697,363.865975,25.234739,631.565434,82.284099,0.474425,0.800245,0.708205,98.358685,269.157974,24.420769,100.0,21.664888,10.0,60.0,2.081051,114.872031,0.240392,0.655414,0
185.714347,441.957728,564.582547,17.055407,374.036089,300.546977,0.54897,0.456499,0.53079,355.89054,136.144675,26.317765,100.0,18.915857,53.268606,25.248386,4.665833,148.576388,0.332049,0.083594,1
75.72579,169.475258,511.331508,16.460864,783.059745,130.062903,0.439084,0.57101,0.594083,23.861054,1500.0,11.096024,100.0,43.232347,80.0,5.0,2.575694,108.93488,0.27424,0.379545,0
144.184169,343.425718,396.772109,46.331995,1450.596267,58.87825,0.577825,0.32638,0.455764,577.224349,62.135701,28.022387,100.0,22.772364,32.356404,48.552993,15.158756,120.494256,0.191176,0.441248,1
130.61534,301.465823,456.553237,11.540069,639.634104,198.578778,0.343161,0.891147,0.820435,168.041012,156.112222,28.262627,100.0,37.729482,31.952937,31.108837,3.945799,76.819928,0.274721,0.428107,1
286.092991,356.114003,392.931495,9.729029,464.734014,176.184879,0.367378,0.494263,0.449455,354.073888,200.18927,16.171157,100.0,36.515241,36.69026,30.015229,10.282989,129.221701,0.187001,0.413239,0
128.896638,370.769076,508.469747,14.696025,977.732122,306.006436,0.474934,0.743109,0.698103,274.044648,247.777881,19.558178,100.0,29.220948,41.814882,26.666048,5.509698,126.84349,0.220092,2.033281,0
272.684443,345.475954,537.398894,14.644058,1149.5113,262.541297,0.571746,0.6736,0.663184,316.785321,39.471545,30.806206,100.0,44.399741,42.499098,13.98656,11.843875,134.557889,0.269444,0.017983,0
152.032652,237.400655,408.622369,50.270919,1721.424084,315.410215,0.386061,0.841372,0.834869,181.786374,322.64398,18.123665,100.0,33.107888,42.460224,21.147301,6.821028,104.533742,0.21033,0.09605,0
90.576919,238.660019,401.790557,26.917864,1076.875239,264.493048,0.587693,0.718808,0.710163,423.567081,520.285671,32.934917,100.0,10.0,15.744313,60.0,0.0,110.096891,0.214705,0.303746,1
35.914534,115.184247,389.711872,59.471365,1221.996339,231.182986,0.294126,0.747763,0.723369,130.715939,729.657336,18.412199,100.0,24.886512,37.113032,39.476722,10.836364,98.783177,0.210458,0.437573,0
143.573438,174.026622,258.171717,12.546619,1259.637618,180.063775,0.727988,0.268423,0.258006,7.596826,229.31799,29.836173,100.0,60.0,48.241455,5.0,7.380454,127.606231,0.309092,0.980227,0
152.461881,238.908362,468.520047,40.94469,323.492309,355.519184,0.392365,0.664936,0.739459,271.679624,776.536341,18.218831,100.0,32.519513,18.908959,48.096137,12.12052,77.893907,0.16082,0.348321,0
155.400095,240.757992,399.608106,29.680123,418.333965,345.299337,0.735254,0.545735,0.726392,103.973144,182.441352,28.970763,100.0,31.094044,16.22588,54.127463,11.971323,173.699063,0.388458,0.113715,0
2.195598,50.783304,190.149352,26.6105,358.051855,305.587073,0.370931,0.856364,0.689322,143.350482,210.910629,25.368094,100.0,43.278507,29.09535,26.195073,0.280583,123.055348,0.151591,0.936106,0
48.986303,155.047014,401.55644,53.129631,233.927122,279.114917,0.430294,0.584821,0.636694,33.459469,5.943206,25.450876,100.0,48.080622,40.770689,13.541644,7.574279,83.481383,0.248665,0.442003,0
103.746729,211.532285,413.836838,58.657761,1297.729937,207.921438,0.474424,0.776401,0.790453,263.192932,42.806957,17.803036,100.0,21.554574,47.952294,30.128526,5.250038,118.936368,0.223127,0.528125,1
52.247366,193.153528,432.392306,53.007243,1045.025046,93.51121,0.429657,0.449255,0.360176,88.662123,240.497285,23.955621,100.0,32.206105,50.49122,13.001907,0.0,149.674708,0.293321,0.636877,0
45.107884,86.472941,638.73135,15.576537,939.748032,315.15805,0.677627,0.687718,0.660766,13.093527,10.726908,19.306635,100.0,31.984403,24.170455,44.716119,1.544923,104.864037,0.349591,0.086953,0
38.772069,82.354249,240.049074,17.143886,100.0,3.893809,0.230341,0.713393,0.827826,66.552938,281.693769,18.68913,100.0,15.880172,10.0,60.0,0.788966,64.42404,0.211383,0.84417,0
14.562889,200.309352,259.499219,41.084063,1927.738429,81.878388,0.391473,0.328502,0.421684,436.41432,43.237689,31.911699,100.0,29.66734,63.14597,6.650522,7.803295,114.580858,0.117217,0.143569,0
99.592183,149.815911,235.925868,20.899597,452.863998,145.34368,0.318737,0.295077,0.224654,703.082908,256.621544,40.0,100.0,34.431689,57.795184,7.569052,4.580303,74.865538,0.162689,0.079735,0
42.378161,171.24346,604.381181,45.409882,1925.906378,211.016576,0.514773,0.37836,0.330605,306.564296,295.369418,19.402805,100.0,29.779485,30.857512,41.519255,8.379416,134.168852,0.249784,1.333812,1
50.178961,141.327327,276.791906,36.153136,175.37926,201.916555,0.377988,0.551523,0.592829,66.101066,311.312385,26.547362,100.0,54.442647,50.216811,5.0,7.835404,100.194611,0.228563,0.745956,0
62.634743,122.586331,395.978054,35.299982,493.799421,63.293697,0.473123,0.630224,0.63353,16.906039,227.830419,29.662331,100.0,40.667674,42.512784,18.57558,0.83671,87.077489,0.307635,0.224675,0
112.072603,366.184521,537.02042,50.570081,100.0,37.727352,0.484754,0.664986,0.661907,169.425031,143.447975,20.218052,100.0,35.81119,35.121695,33.453117,3.628648,110.129079,0.164903,2.909657,1
88.701982,197.653498,272.064349,44.079302,1081.062488,80.038414,0.288484,0.350802,0.330997,29.252869,113.473419,18.692727,100.0,32.344916,66.78835,5.0,8.573005,73.254528,0.194004,1.421517,0
85.529206,152.838967,353.521972,6.461777,349.37159,125.535164,0.451742,0.623395,0.589729,288.153944,37.539775,24.001774,100.0,40.455205,27.580331,31.936668,0.0,96.04795,0.194161,0.952188,0
5.290643,30.351237,134.515053,7.720253,363.499923,5.059328,0.323412,0.522988,0.554095,23.851238,16.006813,24.103117,77.496263,29.409116,15.53092,54.873112,0.0,72.301375,0.180655,0.174111,1
146.213962,309.180232,423.682087,38.085715,213.742891,249.284095,0.445904,0.462013,0.405942,226.209567,708.235263,8.849102,100.0,14.662335,40.372765,44.064582,12.251037,146.915336,0.182064,2.281054,0
226.681171,276.526239,448.106308,31.740564,1288.677531,89.181877,0.573956,0.491863,0.444349,103.320937,52.319883,25.532941,100.0,18.280518,28.706521,53.149244,8.789375,125.665602,0.414897,0.379088,1
83.710422,323.810737,367.001744,19.310156,1255.731826,126.505597,0.528658,0.730255,0.660508,321.866242,322.291501,28.829771,100.0,34.809609,40.832553,24.676643,0.0,133.491371,0.301256,0.263914,1
26.334713,126.802438,396.068543,28.026085,1806.016946,120.564609,0.566985,0.340576,0.278919,36.615504,304.575532,26.952174,100.0,46.267183,33.304465,18.320061,0.0,144.774166,0.267467,2.293755,0
46.157825,514.445438,639.084903,46.685068,557.146689,184.258728,0.684921,0.542521,0.482896,347.048824,547.751842,22.436028,100.0,27.151397,26.700867,44.607884,10.774108,188.92554,0.286504,0.233687,1
27.537026,112.813109,406.368743,50.463632,1009.409686,309.5279,0.355239,0.379522,0.4159,5.0,206.173322,15.275166,100.0,42.141126,34.497314,20.674841,8.353984,85.245122,0.239206,1.081437,0
208.363043,256.571438,543.018915,35.867269,255.332401,53.780383,0.650696,0.306067,0.31599,361.238709,15.994598,26.75176,100.0,37.076826,13.591918,51.509552,7.087084,139.575402,0.296867,0.893525,1
49.94204,160.423738,313.850027,26.195321,732.480489,122.661761,0.347633,0.371199,0.439311,699.018588,57.464823,19.357653,100.0,45.072158,13.468378,42.109394,5.47823,64.184891,0.220391,0.179864,1
86.751507,151.963896,343.979227,19.888322,640.577343,249.130371,0.443033,0.463283,0.447196,77.811528,245.570842,22.099113,100.0,19.53052,33.934005,46.424083,8.734744,98.008332,0.250782,0.73383,0
60.538053,74.610128,305.839148,33.705516,1132.224979,15.923309,0.297063,0.485369,0.549484,133.429472,22.177823,24.040736,100.0,19.150503,44.273293,34.557021,1.715598,106.74778,0.160054,0.217988,0
108.21972,299.124043,434.019997,22.311229,1408.510903,298.792309,0.4089,0.605559,0.567967,209.308186,5.491932,28.8218,100.0,51.825067,11.147723,38.797711,7.653702,100.755247,0.253626,0.421255,0
33.72972,164.85853,199.33372,36.025233,1395.533345,346.257051,0.199294,0.736159,0.6402,175.18493,441.272496,30.233094,100.0,12.659457,45.255265,40.111496,1.418174,82.275711,0.11717,0.591166,0
84.114119,140.050841,339.653278,42.215881,478.593864,218.749393,0.256208,0.610127,0.610182,137.236336,130.36798,25.250558,100.0,36.265845,30.247043,31.357152,8.315201,62.10699,0.113322,0.264619,0
50.363516,91.325299,430.285833,8.634357,1399.233952,344.343014,0.407068,0.591614,0.634925,685.531473,296.631158,24.19184,100.0,49.683666,44.252362,8.220597,7.658922,102.603718,0.234973,0.959111,0
160.342566,205.686699,306.995638,5.058711,877.957431,148.702259,0.25765,0.253998,0.214476,1214.608456,144.960988,28.600707,100.0,36.723574,41.763928,20.277609,10.691202,94.669137,0.22092,1.569798,0
6.135039,112.558676,416.615531,16.675243,737.701552,149.411423,0.51075,0.577925,0.495343,5.0,389.936186,18.731419,100.0,47.941734,53.614742,5.0,2.024085,99.847097,0.194346,0.473462,0
55.253802,404.090499,470.815674,54.198132,545.744257,38.249607,0.393705,0.042255,0.102076,186.26004,353.965565,19.889976,100.0,46.98069,35.63842,15.761848,9.622036,109.821964,0.331391,1.081169,0
149.493211,239.525243,385.535628,40.545992,620.032103,12.760897,0.360762,0.685185,0.675941,56.691474,9.863074,32.757527,100.0,41.246135,11.748133,46.258819,10.006463,107.544157,0.152824,0.556884,0
137.128008,160.898292,323.125294,14.457819,1771.156923,88.021555,0.374975,0.718296,0.693208,534.397116,50.105452,32.79614,100.0,36.140708,70.579342,5.0,3.726927,103.197943,0.226278,0.640835,0
15.833949,65.243992,239.41982,53.964518,1053.705383,172.126317,0.484749,0.365577,0.387818,522.255572,440.393641,13.410127,100.0,19.443369,39.596591,44.044104,0.499829,112.302643,0.368531,0.254301,0
126.357066,242.218113,332.020979,30.847577,987.305924,182.765661,0.313007,0.783226,0.742195,52.450913,124.592165,21.004285,100.0,15.966149,40.430797,44.703427,11.9849,91.591388,0.12306,0.544949,0
30.814391,87.963152,155.454723,31.185047,768.876571,78.327137,0.1,0.509388,0.640396,144.266834,37.449512,29.561467,100.0,29.582523,35.820547,36.040547,4.36723,27.695224,0.1,0.797531,0
40.050305,74.829558,224.913673,56.454807,2122.989306,220.610043,0.159991,0.755297,0.727788,212.352546,166.207454,26.284083,100.0,11.363401,60.449049,29.625412,5.534718,50.024554,0.204479,1.560665,0
143.625512,235.88664,487.051394,8.271768,1552.505244,65.234115,0.42793,0.709951,0.566467,216.214254,172.919023,23.105242,100.0,38.665427,18.427607,45.942346,7.781743,91.367108,0.30895,1.027446,0
54.281583,103.539909,203.672366,16.834805,539.468943,117.43601,0.207438,0.900391,0.855558,86.422281,205.840853,16.728507,100.0,58.896022,15.88556,30.084593,12.537564,69.934367,0.1,0.491818,0
14.629054,135.322535,294.475312,37.217423,763.192473,70.455425,0.580765,0.400841,0.397778,597.126804,19.267471,20.934449,100.0,32.493111,26.820237,42.292794,0.0,104.489415,0.246083,0.243559,0
23.749938,146.756974,699.269043,15.751758,792.877728,250.798896,0.791053,0.597218,0.694509,80.364452,299.592977,18.935932,100.0,36.129063,44.278218,16.843537,10.802382,141.314819,0.333549,2.448657,0
74.436371,224.632422,435.166465,42.373986,972.935989,185.966103,0.43839,0.385468,0.412914,238.050842,143.141895,32.1686,100.0,18.586271,26.434581,55.836957,5.826145,105.591097,0.20467,0.101954,0
52.764906,220.920052,370.53036,16.775076,549.387004,264.996396,0.600236,0.618235,0.593521,163.505043,158.341496,19.45223,100.0,30.530823,25.777413,47.620657,4.41427,152.533047,0.309676,0.625125,0
51.928914,106.591257,276.186456,10.453633,1119.408262,20.609341,0.2735,0.0,-0.02461,178.265199,13.566099,24.770581,100.0,32.738638,20.169249,43.267921,0.0,53.45333,0.181983,1.98477,0
106.804584,295.457982,783.266883,16.384184,1626.044066,153.130349,0.724651,0.703121,0.801853,157.929419,434.10921,26.512071,100.0,29.278877,51.689457,24.013011,0.0,148.062993,0.257422,0.154631,0
92.669682,171.182246,427.87617,28.250372,243.185945,348.105088,0.416571,0.463161,0.443218,16.441328,52.419346,23.347102,100.0,36.510165,43.72133,21.890596,7.639316,92.02201,0.296767,0.400816,0
56.036747,74.036891,178.436931,14.687606,335.926631,19.303025,0.354356,0.305636,0.374234,6.352963,313.72357,23.757453,84.303359,24.597941,50.727874,25.622359,2.546163,87.058077,0.136788,0.265247,0
138.813859,313.241183,584.869668,12.408061,658.420722,150.616328,0.590142,0.755072,0.801035,48.822427,129.789681,16.335298,100.0,33.363983,29.365296,36.40609,3.462113,126.063551,0.316485,0.923469,0
107.492723,359.163912,438.23599,52.315504,681.60222,14.543359,0.623233,0.536282,0.46453,95.572877,220.683479,21.672978,100.0,37.302439,36.826196,24.278476,4.356076,130.794073,0.181309,0.708588,0
88.459121,176.749726,364.514432,22.621846,1899.232937,52.795196,0.453238,0.365733,0.384821,140.451793,129.604933,22.055897,100.0,47.477271,50.030875,5.540912,0.0,93.724234,0.187231,0.202847,0
45.822188,241.324684,617.225517,24.841728,1400.85461,166.509523,0.715539,0.772216,0.823912,38.842681,26.027305,20.374406,100.0,32.986016,25.041648,38.076102,3.808661,156.706468,0.276821,1.838305,1
154.903311,248.181054,437.257032,8.039873,1372.161176,56.704823,0.290056,0.223964,0.302738,777.695118,137.306666,32.333931,100.0,25.318518,54.058609,27.226066,6.455905,63.96899,0.287728,0.460051,1
51.40282,117.38838,191.74626,24.655329,767.817153,186.751953,0.1,0.187447,0.244668,214.803716,18.547306,35.515452,100.0,30.354863,44.902387,27.490732,7.316976,62.398139,0.1,2.799395,0
55.496762,149.881099,327.040708,19.564395,756.843297,332.183406,0.211361,0.380692,0.423854,275.67125,6.363636,29.910084,100.0,37.132859,58.643172,5.841319,5.170702,77.533363,0.174619,0.274113,0
211.648065,313.507238,687.635127,38.576679,174.147293,72.146721,0.641679,0.810196,0.741557,144.918697,574.511091,33.079618,100.0,21.76804,53.011972,26.374402,9.64079,157.585483,0.343576,0.761675,1
32.440183,148.643248,247.431115,16.296466,1290.870114,38.587143,0.156432,0.648595,0.651157,463.049588,44.330384,20.211898,100.0,23.900057,11.80976,60.0,0.0,64.598991,0.166952,0.045619,0
32.021432,113.600705,382.607408,53.8601,1145.527302,297.099562,0.549248,0.854495,0.75816,61.201965,180.359214,22.728101,100.0,33.377489,28.833653,38.415178,9.765195,115.024381,0.247227,0.94127,0
57.325671,226.770855,613.703842,56.131664,1542.998682,165.697145,0.601729,0.806538,0.9,214.973018,2.546998,18.838645,100.0,10.0,10.0,60.0,5.437493,120.679155,0.274034,2.711737,1
26.096827,170.953263,398.918961,10.490708,794.585143,317.739996,0.500615,0.741464,0.638192,50.634192,168.935416,24.687803,100.0,30.467158,10.0,56.36414,3.678773,105.334441,0.288781,0.024552,1
26.784395,72.059279,254.110803,10.907163,829.110427,110.204386,0.266767,0.557301,0.569273,246.500443,20.812515,18.660848,100.0,26.972902,22.20276,46.062566,0.015588,59.856656,0.182678,0.479411,0
207.387047,277.330966,382.53329,11.342954,985.022764,225.911522,0.507633,0.375671,0.393757,199.915179,160.509236,17.641488,100.0,38.403732,59.362625,5.0,10.981133,101.867285,0.340663,0.734797,0
56.552831,219.882104,335.147371,39.076309,1345.948788,332.39288,0.188366,0.679755,0.698757,43.639064,735.151026,7.609618,100.0,22.159197,37.65469,38.857275,10.507349,91.80202,0.1,1.801682,0
90.729049,182.46438,331.094928,11.708293,164.892189,61.810488,0.376542,0.99,0.828884,105.224515,867.978684,26.743259,100.0,27.047546,45.058869,27.316116,2.239997,76.099724,0.267182,1.073824,0
17.558702,74.966519,348.244563,51.881027,1268.028067,288.262281,0.44608,0.85549,0.893627,236.176954,198.631131,31.078681,100.0,31.477423,29.918547,39.253399,12.001611,87.069995,0.248826,0.546367,0
29.838268,119.295858,753.787263,46.484933,889.752219,227.34603,0.799219,0.863769,0.698103,778.768322,18.769559,30.415567,100.0,24.056573,32.720807,46.961287,9.490641,146.84551,0.450557,0.324987,0
227.544499,256.50553,356.135109,50.089487,370.681366,292.660828,0.370947,0.676319,0.60724,272.893173,40.787262,28.607112,100.0,20.88883,48.63946,25.930686,18.917574,106.00978,0.328157,0.880503,0
26.348731,256.126632,506.897011,33.933329,100.0,61.449604,0.359763,0.527565,0.615978,350.237642,347.237782,28.931131,100.0,24.562174,35.165346,44.544789,9.959112,92.857286,0.20259,0.027912,0
92.930454,197.335291,529.099075,59.817247,831.763144,156.271129,0.650864,0.388698,0.465629,64.967328,82.192373,22.145196,100.0,10.0,34.476252,55.847915,8.134749,126.51579,0.330656,0.387834,1
1.862632,66.968722,247.040362,7.429631,1623.856492,46.381402,0.270757,0.528766,0.513404,72.770868,350.190449,14.518147,100.0,20.80067,46.228736,31.570655,0.0,81.746326,0.156124,0.0878,0
16.129431,43.821156,218.810999,27.069573,1737.342333,345.629559,0.255451,0.790899,0.782595,16.424847,60.85554,17.538806,100.0,38.431745,20.757532,41.584959,5.606337,111.792456,0.222465,1.447535,0
55.793472,359.922508,412.879199,22.816517,1077.688105,22.56902,0.672868,0.137459,0.169326,80.983811,712.145615,22.168791,100.0,14.810025,40.860545,45.539731,0.0,188.727491,0.369732,2.329672,0
135.751941,161.088404,360.676672,57.175502,1881.002832,23.574023,0.416235,0.33965,0.382469,138.340896,122.99102,10.972678,100.0,19.803424,41.636759,42.052803,13.027177,99.712455,0.209747,1.094114,1
71.150271,205.928995,375.48295,36.727353,878.529459,323.336229,0.367269,0.781362,0.657457,57.33952,68.499974,27.378328,100.0,28.620379,10.0,60.0,6.917444,70.403966,0.247609,0.617115,0
60.045655,141.969265,280.037876,49.340503,1376.651776,108.274373,0.280151,0.399906,0.387594,46.763372,305.708427,26.499152,100.0,39.485234,20.233329,36.418276,4.351016,50.120969,0.175265,0.042825,0
114.026559,203.503903,425.020048,14.368766,674.384556,214.927212,0.525784,0.458747,0.421126,187.402123,124.811901,27.195443,100.0,17.73805,27.438434,50.708694,4.530142,133.64416,0.222433,0.548017,0
83.157995,180.485045,264.874558,58.824878,642.70058,103.49119,0.243056,0.630387,0.621001,123.281097,461.502586,29.475337,100.0,24.435176,30.102186,47.599276,13.120094,75.201689,0.180742,0.909748,1
67.458104,134.838474,232.355228,32.425175,561.245442,233.553015,0.348672,0.554894,0.551426,467.947535,173.121809,13.174685,100.0,46.650469,45.761428,9.115545,7.215093,88.147131,0.230917,1.474707,0
46.684279,149.124632,351.565963,32.151964,100.0,69.288973,0.508965,0.674327,0.501967,56.961985,559.288882,19.244128,100.0,33.494451,23.198785,48.730189,4.847349,115.687385,0.290246,1.249042,0
58.209759,171.756047,604.426864,58.39866,1543.54613,165.193005,0.604933,0.54785,0.502001,124.548741,114.982483,17.047264,100.0,39.092337,22.923489,33.723802,5.66412,117.469672,0.247896,1.862569,0
45.512707,201.889272,358.801665,25.94028,579.18378,192.057183,0.503764,0.747497,0.537074,5.125253,35.742196,20.569294,100.0,19.99157,48.064476,33.336859,5.218852,115.539692,0.246519,0.337143,0
68.186703,213.340743,393.80481,26.863876,499.28061,120.111441,0.42785,0.654563,0.592294,29.669756,218.549985,19.743948,100.0,24.613105,53.178499,24.811218,8.458102,113.53369,0.149447,0.69157,0
95.375679,141.270796,317.693485,37.161399,310.014159,90.61222,0.301294,0.537739,0.589924,5.0,204.226539,11.006917,100.0,42.932491,53.727941,5.0,8.650045,103.581487,0.193408,0.200328,0
19.995286,73.69608,155.29584,12.042894,797.820282,50.4744,0.1,0.629413,0.52991,53.620846,76.162766,28.144591,100.0,35.602516,19.916981,43.978243,0.0,67.261624,0.120355,0.575604,0
37.545451,226.615134,370.278421,22.659709,1781.746155,254.211961,0.442248,0.628798,0.634944,96.67681,50.889489,32.069915,100.0,38.210206,23.187951,37.685504,6.189455,119.836228,0.164773,0.796181,0
111.287205,185.283912,381.4586,15.626458,1946.889425,60.581778,0.453848,0.731448,0.609469,59.513633,72.984964,19.586447,100.0,39.409415,10.562096,49.110464,1.866751,99.586964,0.167379,1.321966,1
121.861173,251.273979,444.625146,10.680591,100.0,105.165501,0.576063,0.446387,0.500472,17.531855,266.82634,20.204436,100.0,41.147499,10.0,49.612699,5.614462,134.563038,0.311228,1.381928,0
187.052276,402.4296,635.431223,52.637953,722.776002,121.287155,0.728612,0.397397,0.524192,176.460956,506.499383,29.04732,100.0,27.509269,17.939413,58.148334,2.095768,187.966561,0.399944,2.019004,0
72.307428,178.989924,257.818763,37.413214,382.821115,163.572047,0.525882,0.90817,0.9,46.751421,10.493142,23.551161,100.0,19.785211,27.377696,49.077894,4.732848,144.929774,0.222891,1.22844,1
35.59771,79.836743,191.649675,24.727004,1394.168871,252.924732,0.204799,0.914063,0.796633,235.891472,155.602706,27.355338,100.0,24.09665,41.141434,33.643992,1.814393,78.322503,0.145506,0.169876,0
38.150322,83.125277,126.315471,27.476816,1043.296774,154.060248,0.242959,0.657921,0.70837,106.283464,170.807178,17.908902,83.045164,27.170186,51.237845,26.113963,0.0,56.941759,0.1,1.602807,0
70.46882,152.041698,546.067098,28.733545,581.715336,313.593704,0.495396,0.6747,0.628312,68.864357,107.66145,27.655162,100.0,10.0,36.181049,49.950514,3.96144,127.15442,0.298647,1.690592,0
29.738417,111.525566,241.620157,39.823205,936.28654,244.722833,0.398384,0.429198,0.483116,385.993573,569.094179,26.362529,100.0,37.041027,60.752441,5.0,8.871235,82.118909,0.294311,0.264246,1
178.084542,216.814302,426.055341,55.972317,661.290689,301.855218,0.369456,0.646673,0.571139,374.13547,12.3415,21.290255,100.0,41.438727,23.38816,27.069497,7.131506,113.368117,0.152713,0.642438,1
45.249643,96.590249,270.125779,56.302879,1707.123047,257.887426,0.420978,0.0,0.011244,451.490037,57.658304,23.714651,100.0,32.973434,59.677904,5.910391,1.041296,112.233465,0.156912,0.337999,0
160.693177,307.103498,327.925722,26.532059,1173.479758,53.507448,0.305083,0.315673,0.294211,217.286381,12.566541,11.239462,100.0,24.443299,24.482693,48.335811,13.720854,108.896166,0.176891,0.139634,0
26.075619,217.342859,284.8348,23.109435,1234.91171,352.053829,0.418761,0.155195,0.181846,355.615136,33.488948,22.335893,100.0,32.845174,45.637575,24.896856,2.382529,96.110006,0.236922,1.941164,0
58.405475,134.077678,302.574669,29.807558,100.0,283.171056,0.477835,0.563829,0.623858,339.0044,228.852701,24.170853,100.0,13.049433,41.361123,42.09017,10.246555,89.223537,0.183251,1.3547,1
51.257088,54.644114,303.267254,36.236383,866.605661,206.179837,0.202367,0.704056,0.857868,157.997902,393.075691,21.488295,100.0,12.035568,56.821842,27.811977,1.480965,51.179571,0.1,1.604634,0
17.014432,155.502162,391.703555,30.399985,1941.60548,59.483139,0.298229,0.497546,0.601535,194.604927,374.53993,18.872828,100.0,50.426781,61.570306,5.0,8.444248,89.376147,0.236557,0.503955,0
54.687956,76.299265,136.275283,41.231438,1563.064535,62.165033,0.239325,0.855079,0.877351,336.571456,110.544655,32.286555,100.0,10.0,21.725485,60.0,9.298447,51.351829,0.1,2.664971,0
82.922446,113.632,194.899447,35.491946,100.0,221.159223,0.27851,0.884896,0.848995,499.743619,445.168764,31.452582,99.908552,40.775305,10.0,47.922691,9.549519,46.445908,0.101563,0.048081,0
5.502661,93.554528,316.519955,22.639355,743.287084,149.830968,0.339826,0.45459,0.30627,197.16,141.157771,24.245937,100.0,46.964814,34.586371,16.670518,5.677266,102.065329,0.190956,0.533944,0
102.145729,324.712476,559.591447,24.015194,299.240267,243.30942,0.528027,0.616381,0.657966,32.252644,944.282283,26.172789,100.0,31.415139,44.204227,25.227144,10.066552,112.600877,0.357851,0.292694,0
88.49031,249.828831,306.877618,25.822603,1755.55078,134.073981,0.275326,0.701646,0.752603,36.375419,175.509561,13.111407,100.0,30.873523,37.781162,28.050385,5.178291,89.438179,0.150809,1.286547,0
66.900222,217.326495,439.504605,10.205187,1022.139141,184.624262,0.506686,0.348102,0.454102,149.609327,54.412686,17.264736,100.0,33.529883,80.0,5.0,3.205549,123.37361,0.197954,0.491554,0
117.85362,206.605684,374.289977,14.133445,516.10222,67.664894,0.321704,0.559906,0.491462,452.341133,262.99213,21.2091,100.0,10.0,46.685571,41.02127,8.597229,77.093538,0.219206,1.791083,0
123.870619,159.700306,306.702777,44.771259,917.078972,55.872412,0.397307,0.732578,0.68686,300.045515,78.202641,17.64048,100.0,24.68237,46.633729,22.368654,14.758458,92.908145,0.275397,0.418919,0
300.0,501.576838,942.300059,26.400319,100.0,27.232115,0.843517,0.17525,0.139453,172.497602,290.64656,30.0308,100.0,47.271926,17.181867,35.053229,22.794608,200.0,0.443499,0.206421,1
16.071226,52.954241,210.043259,16.799643,357.519348,295.07015,0.236268,0.700523,0.67295,509.761911,78.715361,20.256758,100.0,32.925584,29.193315,39.231063,3.995359,34.882971,0.181773,0.005559,1
196.785136,323.873694,442.64739,35.946983,918.221863,199.939051,0.597828,0.418895,0.448754,69.52182,21.709183,16.751656,100.0,29.887243,45.594447,21.637994,6.117302,158.483653,0.31905,0.349397,0
140.730155,252.352725,536.631765,46.554675,1322.837684,340.970774,0.651585,0.639862,0.531187,8.211213,375.320341,36.010082,100.0,32.412667,42.990382,24.843103,8.013617,143.54454,0.338835,0.528383,0
88.44315,121.282704,398.146047,19.15823,100.0,269.815061,0.338734,0.387001,0.449136,124.620194,259.440659,35.065647,100.0,23.903694,39.073907,35.559075,2.306613,70.79103,0.208969,0.05621,0
26.574788,47.470713,428.426338,50.473444,709.422346,276.754738,0.37687,0.608408,0.646315,72.330011,84.532265,28.40186,100.0,18.033886,58.141671,22.063472,5.725768,86.987865,0.303488,0.983729,0
48.112292,198.349197,463.781277,56.012767,1404.842869,183.261036,0.571997,0.56288,0.644185,34.442381,286.411977,12.347234,100.0,41.908434,27.147913,32.732563,6.697798,119.165381,0.283727,1.337017,0
42.343057,143.04542,401.900109,37.856699,174.273338,293.563417,0.298229,0.660157,0.670468,113.057553,292.523667,32.85635,100.0,21.305664,44.748212,35.861209,6.560807,81.160517,0.180707,0.018642,0
61.41144,262.12778,439.108918,41.792121,1014.591417,339.14284,0.618642,0.263387,0.325417,61.273074,201.005946,32.63847,100.0,56.13172,27.568152,12.826889,7.696926,150.76978,0.34038,0.943653,0
114.467006,237.503422,838.081881,7.891679,932.987252,259.826491,0.825885,0.239165,0.289516,80.238889,317.192525,13.613418,100.0,28.300021,80.0,5.0,6.370775,180.633506,0.379753,0.738804,0
171.238053,284.025602,368.725338,57.003594,1757.19016,38.012019,0.355595,0.448645,0.544634,349.86173,52.800093,10.408335,100.0,35.622428,25.832885,40.65922,4.272457,95.38273,0.30141,0.899146,1
236.692552,251.182326,490.354941,26.58666,784.931903,234.367149,0.517851,0.329269,0.405945,307.476145,970.573765,20.680174,100.0,50.016936,71.335256,5.0,6.450654,134.654896,0.360821,0.965074,1
48.437863,158.883414,236.579987,55.814522,814.199701,43.355956,0.437201,0.481104,0.609792,285.511488,128.810508,26.175717,100.0,36.811696,34.146018,26.293325,2.668315,131.628691,0.185624,0.14326,1
77.91987,171.006603,347.755519,36.843764,1327.479877,27.800072,0.18248,0.781368,0.752722,9.479475,216.025804,32.561844,100.0,16.402474,27.700462,54.9964,8.810031,46.488455,0.184687,1.701442,0
31.701628,155.897829,329.21526,5.254034,236.825666,249.444146,0.482463,0.0,0.049414,27.805731,328.12223,12.697823,100.0,25.118049,37.458017,35.600865,0.0,95.674357,0.251143,2.261679,0
145.425538,238.587693,415.055126,7.11981,789.558397,300.522755,0.572252,0.670458,0.541562,157.000234,210.237285,34.873583,100.0,12.724326,19.785838,60.0,10.918229,107.513854,0.297298,1.417147,0
92.825159,184.208458,224.189621,42.423034,672.137495,57.182937,0.258471,0.4259,0.350142,300.064208,558.745563,13.955664,100.0,29.321763,23.362836,46.479647,9.470362,103.652145,0.229179,1.079108,0
56.801392,144.044758,273.75781,35.946741,830.544094,26.693499,0.325536,0.558153,0.552579,374.928368,357.100767,29.202135,100.0,20.170033,64.222615,14.867159,6.510109,83.507195,0.180281,0.39537,1
14.96719,74.831504,742.48598,6.459284,1324.203224,319.148242,0.744758,0.511176,0.465567,406.19142,41.136013,23.822619,100.0,29.054992,45.350588,26.203711,0.0,136.339858,0.300015,1.559261,1
78.778897,227.720267,417.644343,45.890298,1177.080743,47.595361,0.528351,0.730567,0.661886,96.773283,345.144242,31.533212,100.0,46.733365,52.852427,5.0,6.656379,130.730977,0.236056,1.57973,0
85.368954,535.395522,857.486053,51.867994,525.658846,12.630994,0.75589,0.673602,0.713198,193.473815,144.19331,26.254341,100.0,50.278194,30.604537,24.282783,1.407561,200.0,0.337296,0.645453,0
10.205202,44.970266,266.88184,32.302962,968.349602,259.579573,0.325398,0.316191,0.332467,331.703729,281.428681,23.606332,100.0,12.155723,49.19004,40.503046,7.640683,76.360981,0.1,0.225977,0
20.336387,67.331284,626.879218,30.616659,1645.220807,305.177599,0.622859,0.734634,0.648384,284.831462,54.235129,28.088301,100.0,11.970662,40.311623,47.479006,4.378081,140.941425,0.280013,0.198464,0
77.267857,225.802558,449.307219,5.301021,484.317151,185.210403,0.549796,0.5595,0.468077,468.556078,5.880073,19.251957,100.0,32.321219,26.702919,45.891444,10.290365,123.26028,0.271488,0.342852,0
222.524956,302.260342,492.896012,48.265734,972.58339,194.373088,0.786504,0.0,0.010383,118.730351,43.146596,23.276265,100.0,29.236445,80.0,5.0,16.570127,150.222202,0.399976,0.237631,1
156.49587,224.848244,289.097135,23.189384,803.419662,121.269785,0.272345,0.99,0.818833,11.938679,43.540402,15.925063,100.0,16.55379,15.77232,60.0,8.197928,105.717409,0.144863,0.905126,0
58.154515,79.17554,145.794265,53.331999,868.497492,85.846752,0.231809,0.1932,0.301411,38.834315,99.505199,28.391283,79.703638,28.839749,39.394372,39.427349,10.182244,59.765366,0.181509,0.36447,0
51.072776,100.518731,215.329854,25.518332,100.0,271.883545,0.20695,0.395321,0.578161,71.766651,2.897584,31.062544,100.0,31.062311,46.999868,24.525933,11.35095,36.000651,0.155872,0.286638,0
36.522635,79.410334,233.219575,36.079285,1605.381427,305.742387,0.249353,0.431157,0.293354,473.270198,332.388985,26.716345,100.0,27.624067,42.998591,28.912268,0.0,20.553459,0.209545,1.241915,0
33.125603,55.305045,127.462152,19.868798,512.82405,115.648113,0.100747,0.628292,0.569996,367.648739,140.705073,25.314924,100.0,44.931969,30.916912,27.054268,2.854123,20.0,0.173391,0.941226,0
54.286247,238.102321,427.45972,13.832357,1413.035985,98.574907,0.310293,0.332475,0.317644,487.77835,373.527335,22.20351,100.0,43.069313,27.725736,32.868641,3.528353,80.447282,0.167507,0.664605,0
269.282449,376.094027,560.832489,47.619935,589.311696,96.405019,0.694993,0.964806,0.9,497.295027,604.577163,38.425228,100.0,29.759079,43.624888,23.783933,14.945951,161.913916,0.381578,0.54593,1
50.74728,473.523858,948.40008,32.312476,587.247674,18.21435,0.941748,0.603951,0.658272,293.009038,212.726926,23.779449,100.0,45.136693,26.313898,30.93976,6.19195,200.0,0.458531,0.859167,1
68.26198,183.24631,700.211171,34.506836,1506.561625,101.187009,0.704467,0.241236,0.380274,99.714059,586.48596,14.611214,100.0,41.17366,56.585232,5.0,6.506471,120.980705,0.309643,0.8103,0
21.864582,59.34832,343.954472,58.097877,1396.942302,9.23433,0.304966,0.483822,0.519796,959.152912,13.400378,27.381857,100.0,32.453292,41.841199,23.250326,0.872513,66.494366,0.239783,0.517205,0
105.114174,227.704109,517.398131,57.996895,1004.332949,283.826744,0.532292,0.62854,0.684318,63.312766,566.183003,24.330721,100.0,10.0,35.295476,55.676379,5.438217,112.539312,0.279135,1.202296,0
67.316638,208.202823,563.830032,52.060317,1280.575275,92.133658,0.46362,0.58104,0.660116,16.368476,260.128037,36.451689,100.0,15.436412,40.016156,44.814563,9.553023,116.183299,0.277882,0.696103,0
48.216616,112.006524,336.556977,15.318511,755.72361,248.455868,0.383348,0.373844,0.422062,665.593603,178.442064,23.924444,100.0,26.594347,46.543752,22.831935,3.835731,100.969932,0.242863,1.570977,0
27.499455,165.416699,533.018854,37.684998,895.816186,195.547819,0.586439,0.352379,0.399472,97.680635,617.723349,15.857913,100.0,36.454335,59.25099,8.505233,3.449441,148.100715,0.259066,0.97016,0
34.642732,170.250689,229.730087,53.298108,569.187804,301.486907,0.241021,0.532794,0.57055,61.671064,30.901672,34.184116,100.0,16.386889,44.548409,39.639217,5.269531,93.560372,0.133764,0.81489,0
45.466985,97.436301,407.063486,25.595517,1352.032475,345.736342,0.370323,0.272098,0.241611,68.461074,315.811423,25.809313,100.0,43.275954,41.38259,17.845091,8.239478,64.630575,0.275429,0.185546,0
48.018398,203.48674,278.85994,10.560839,553.293334,132.224981,0.287801,0.74562,0.700993,204.844658,392.463616,20.575855,100.0,47.295764,52.705946,5.0,5.50295,85.916779,0.157837,1.040477,0
27.232498,146.269552,230.094725,49.60296,1642.578172,31.802695,0.377062,0.764524,0.740561,24.082515,250.674191,37.549939,100.0,36.317772,15.320311,46.291281,3.360724,87.065983,0.111466,0.240879,0
62.338625,162.136811,515.060075,31.496995,742.082916,269.872475,0.557964,0.584394,0.787668,300.865344,48.825131,23.81304,100.0,36.809089,29.421384,40.330154,13.23387,117.284726,0.239718,1.110961,0
80.232222,187.3053,293.622201,36.041597,910.254282,7.668837,0.188887,0.303877,0.385262,81.233588,77.559703,20.65764,100.0,39.344393,35.658071,31.317458,6.239124,65.651979,0.207532,0.800053,0
119.337468,156.483685,242.563543,59.017936,1279.36401,80.2668,0.378525,0.77165,0.85195,5.568616,116.644666,29.724848,100.0,35.646186,24.098487,37.391869,5.972788,116.290194,0.28569,1.826963,1
214.011969,449.21314,683.995249,38.396629,911.932211,19.170241,0.735722,0.26124,0.165504,323.516701,633.441895,29.767968,100.0,32.0439,49.735008,18.379435,6.660359,185.724232,0.394491,0.231963,1
9.889209,88.73105,187.07286,28.373866,751.045843,323.333414,0.277722,0.470676,0.538553,162.026281,33.428379,29.511796,100.0,29.690933,38.542478,32.412503,6.009644,71.189155,0.157682,0.747927,0
89.757434,162.800156,248.970778,25.34914,884.988276,1.906949,0.476187,0.269521,0.421303,273.792917,41.433692,32.076392,100.0,41.444287,20.011851,36.681274,9.526933,109.808554,0.229905,0.525638,1
52.840549,178.683464,232.438056,27.969061,1346.909177,177.387179,0.299956,0.884795,0.829676,42.569111,8.560538,12.59925,100.0,41.037582,18.2243,39.661954,10.201294,64.461782,0.204469,2.51221,0
6.59957,390.45039,516.769406,11.51195,568.573889,152.639686,0.582328,0.537233,0.529933,186.685515,115.365525,29.013514,100.0,15.879956,37.953034,53.42016,5.978924,155.879142,0.313432,0.268915,0
38.957421,198.742263,481.505786,48.711281,836.881496,234.988079,0.556221,0.704992,0.503839,9.451304,49.420395,24.488245,100.0,30.868201,48.61529,19.123628,7.670422,119.35069,0.17363,1.036672,1
110.322812,190.150888,499.813334,51.074427,905.143364,104.307872,0.612583,0.362051,0.472541,5.0,75.80624,24.817534,100.0,36.718411,39.51036,29.653522,3.840629,118.905222,0.249573,0.679719,1
99.851824,224.632567,373.097311,20.641842,1332.292598,314.530344,0.394846,0.309921,0.327357,88.604389,273.499906,20.97026,100.0,14.874021,79.67661,9.180353,9.436581,82.077601,0.223617,0.405325,0
74.419064,198.659208,667.516429,21.708814,850.077313,264.364467,0.602905,0.446675,0.529643,20.095911,402.37222,21.477067,100.0,38.267445,34.990602,28.188151,6.162469,158.939471,0.276894,0.192603,0
35.443259,134.720609,378.13966,53.088384,1804.149547,155.625993,0.518726,0.441256,0.524067,136.738928,321.391967,22.532541,100.0,29.292026,28.716845,46.067376,9.446068,103.877489,0.222173,0.157137,0
175.755774,214.368197,571.553122,6.31837,821.730711,128.88945,0.677954,0.065319,0.131137,293.882205,240.912965,24.82184,100.0,52.951007,59.007133,5.0,7.484006,156.283166,0.339514,0.440282,0
24.03437,187.093668,303.115833,33.625159,781.158181,293.719769,0.485132,0.587639,0.675511,243.440863,53.706337,10.822425,100.0,39.45003,43.279525,19.167128,4.00194,116.340383,0.221969,1.750616,0
48.803468,118.205046,258.25839,30.502164,814.483939,272.541707,0.361077,0.224574,0.209702,188.08333,16.125347,28.318328,100.0,32.501928,59.477868,11.214826,4.689562,104.605599,0.112756,0.347426,1
56.578921,112.105584,266.875116,42.956972,241.679286,143.640021,0.161968,0.726167,0.721127,39.899411,20.246828,29.878498,100.0,36.365572,60.913048,5.0,7.309678,31.263823,0.186369,0.720262,0
63.352263,138.316364,277.067768,13.986544,381.636577,122.893871,0.351916,0.318862,0.321385,340.923059,234.731855,26.814396,100.0,32.74235,32.432295,34.365921,3.704622,106.223996,0.198115,1.987925,0
300.0,492.157562,515.695702,41.758191,634.666555,13.999676,0.54171,0.473115,0.371653,96.561181,595.933031,27.544123,100.0,14.285558,28.602384,53.051863,6.275163,173.140637,0.286348,1.04504,1
201.784504,270.074227,452.925141,25.72037,1467.914924,29.414608,0.607931,0.294181,0.249532,701.738098,38.689625,29.796407,100.0,30.778167,49.729344,21.834505,16.419963,123.57676,0.238092,0.367929,0
97.459879,189.584045,411.815733,39.029313,883.43697,19.410644,0.555887,0.548031,0.481195,160.1619,169.260649,25.416186,100.0,13.196662,25.070743,59.967844,3.330714,134.093078,0.22564,0.606356,0
67.707072,391.83319,604.787057,7.205226,657.677905,8.789575,0.67535,0.32779,0.314875,235.593821,24.420918,37.111372,100.0,27.950833,30.507749,37.224163,0.0,146.134016,0.229306,0.185728,0
67.100962,138.729257,639.834646,30.394996,1513.267373,55.034058,0.43656,0.705228,0.680492,194.075355,1290.663593,24.020012,100.0,33.036443,10.0,58.898497,3.433675,94.273308,0.252062,0.242416,0
116.388456,206.084791,731.494421,33.723799,1675.588566,308.571054,0.639289,0.926135,0.851919,96.406692,38.165563,29.852206,100.0,17.836865,35.654676,45.842414,2.376932,121.267659,0.293222,1.311613,0
152.502279,250.68415,291.156039,16.787952,1527.69123,287.337352,0.311054,0.520808,0.612262,146.667592,64.53917,18.633569,100.0,30.564196,61.674234,12.840906,18.224442,99.744449,0.248288,0.150344,0
23.463069,94.574706,509.107138,12.679301,473.455001,304.406585,0.498604,0.231076,0.283404,209.023899,1201.705409,23.197252,100.0,47.784568,38.556807,16.433448,2.336495,99.388661,0.222955,0.933455,0
215.411645,304.297101,787.865634,15.366087,652.37569,224.56813,0.786373,0.688242,0.682389,170.754555,119.595924,30.65156,100.0,25.432515,11.616175,60.0,11.799837,168.003196,0.305855,0.105417,1
93.845081,200.488365,229.433718,23.927759,1806.868035,224.662716,0.443039,0.410263,0.406941,151.909459,290.211748,23.002168,100.0,20.959538,71.115908,7.823266,6.116374,90.996761,0.18407,0.980636,0
42.18863,110.813971,386.47989,10.324558,1020.569846,44.615429,0.506434,0.628254,0.741951,307.702809,23.441275,20.637424,100.0,43.584332,27.667117,29.818203,0.0,120.483044,0.294784,0.141493,0
60.386715,80.270879,266.504179,57.102589,766.186468,251.627527,0.234629,0.672612,0.611648,5.0,1188.104513,26.059422,100.0,33.88535,38.791867,30.339607,11.181336,59.405342,0.277906,0.079899,0
97.701299,126.967347,595.31052,27.274673,1259.173981,100.809508,0.523147,0.763569,0.648413,456.000555,40.254964,24.256334,100.0,31.123123,43.384801,18.208709,1.170388,112.698573,0.24492,0.355121,0
101.308791,196.921661,646.443609,49.493328,1403.649534,186.931199,0.557578,0.899128,0.790036,33.832704,56.625142,18.433713,100.0,37.368274,51.899889,6.133628,9.412896,114.921022,0.305307,1.043314,0
27.668336,284.553297,1000.0,58.592942,614.275215,343.700137,0.938316,0.407405,0.462866,172.933461,251.412384,21.70064,100.0,33.289689,45.59625,21.048866,0.429811,163.187728,0.381995,0.217902,1
64.99361,143.707757,425.95308,9.44044,1009.719979,313.421542,0.542615,0.309012,0.241018,61.250418,123.317708,25.309572,100.0,23.016126,35.786419,36.261928,4.600457,101.634284,0.249752,0.267313,0
80.024444,197.576229,447.758286,40.841821,1363.280035,83.949663,0.576996,0.491663,0.523917,67.187798,121.844109,9.437609,100.0,18.833293,37.819861,41.062049,5.812678,122.613274,0.223409,1.573315,1
154.174047,355.668926,453.639661,52.9275,319.856427,265.194222,0.447972,0.688238,0.682599,93.632178,341.394937,24.261335,100.0,51.232823,26.84707,23.826064,8.193876,120.003868,0.242285,0.459548,0
166.126671,302.819791,426.846506,39.882894,906.172729,37.47267,0.459805,0.550686,0.462522,121.145737,587.544949,18.568911,100.0,36.683281,21.382667,43.138288,8.352049,141.652557,0.209033,0.337144,1
20.742916,118.365595,376.470728,28.596437,342.805173,9.627295,0.587418,0.71623,0.608979,458.027128,1114.497533,22.437897,100.0,48.726264,33.133089,20.328874,1.659716,143.011825,0.239123,0.413259,0
70.472833,160.42167,280.14569,28.7092,408.209752,10.142739,0.189638,0.527828,0.563188,399.81811,11.53113,16.375471,100.0,28.844311,62.811942,5.174784,0.0,74.609637,0.204608,0.815075,0
40.231299,98.729387,284.088385,6.974439,618.449961,61.288734,0.405271,0.576102,0.617646,92.895073,52.713881,21.839597,100.0,45.155516,21.005654,36.67366,6.009977,120.229623,0.265333,1.08499,0
95.99875,256.161769,302.149672,34.403041,1138.559769,250.181425,0.409822,0.400815,0.280949,231.060433,611.960406,34.779994,100.0,22.868614,16.85317,57.974303,10.866643,99.711158,0.283135,0.059685,0
293.786616,487.526611,681.95071,59.644865,738.988686,130.790122,0.649994,0.792232,0.800306,110.151116,62.965528,17.88032,100.0,14.163766,40.873894,46.807871,14.223549,176.429062,0.319926,1.058062,1
141.429966,143.172346,176.139788,57.728914,575.790938,5.739278,0.247874,0.500033,0.740089,68.975798,89.526491,19.990748,90.901449,36.705943,54.379957,11.179683,3.155751,76.689801,0.127207,0.472934,1
102.50964,263.440052,612.870006,7.221958,925.777282,355.688147,0.662961,0.9096,0.874403,210.20034,185.626622,21.740084,100.0,41.833346,27.229747,37.446491,2.861668,152.149627,0.329447,0.510198,0
124.571535,266.840356,468.329709,43.818835,326.518636,192.016225,0.468625,0.598608,0.662717,5.0,20.6428,11.19241,100.0,43.098444,22.419757,39.832414,8.586033,102.944472,0.25754,0.061832,1
191.807237,266.615264,379.304559,21.597068,1114.401609,141.796877,0.358648,0.669858,0.692599,186.637068,229.997622,13.518316,100.0,36.20558,43.87118,22.208561,3.705304,101.635513,0.16272,0.769088,0
132.435948,191.108151,352.142567,54.664403,1465.693381,186.785962,0.32803,0.478329,0.430876,690.420835,81.323509,27.242614,100.0,24.049798,40.697366,34.428805,11.0056,81.998692,0.288661,1.994358,1
24.605106,154.816162,275.603392,7.481311,860.39798,187.189528,0.52048,0.296829,0.444745,421.562829,245.460979,20.380551,100.0,35.781448,62.297698,5.0,6.291803,97.182104,0.262077,0.461953,0
226.710259,255.808024,349.180579,56.473076,798.675503,169.285168,0.352774,0.686628,0.625488,494.568906,511.295438,34.718307,100.0,35.61131,57.282626,8.37654,8.206135,106.163401,0.21215,0.982609,1
76.110738,152.806332,285.945941,51.061166,1086.720177,220.661606,0.363189,0.417808,0.539017,352.700831,420.102982,18.303127,100.0,30.737703,17.771969,49.806147,11.805008,63.936884,0.215876,0.199107,0
93.117045,210.403376,344.263693,11.462741,100.0,318.825583,0.471149,0.392853,0.452275,295.287247,6.639646,35.081308,100.0,26.557684,21.475789,54.115871,2.41513,130.352434,0.26928,0.024516,0
165.988624,385.331532,535.053405,8.290339,1168.408728,108.616929,0.533646,0.432927,0.407473,288.997617,184.962963,13.41029,100.0,19.110726,10.0,60.0,5.516346,139.504775,0.253803,1.223696,1
284.124116,558.999187,580.474688,50.908922,2450.942902,175.308704,0.596982,0.080761,0.179195,7.454598,108.719898,22.949532,100.0,33.787078,41.104563,27.556618,12.101298,148.318097,0.352187,1.404192,1
48.641375,90.675897,457.331468,13.566672,838.661889,1.311839,0.539006,0.486761,0.584919,247.372219,1337.115766,18.525019,100.0,34.169705,25.740039,36.90712,8.373247,105.040101,0.341203,0.209565,0
159.592906,283.526548,654.831689,34.419398,840.437483,309.533141,0.571814,0.691188,0.664389,143.008076,241.741237,28.504297,100.0,15.387281,69.734027,14.899842,7.030639,133.67972,0.184078,1.036964,0
46.093818,143.937721,318.7981,55.365967,1271.8035,110.1254,0.217333,0.523697,0.481351,529.149253,422.690225,19.971636,100.0,52.935768,29.980761,20.087958,11.928647,83.094088,0.144847,0.141984,0
87.341545,234.768069,775.822024,36.209646,1722.666334,97.666883,0.686388,0.492874,0.507089,854.886326,215.25473,20.665498,100.0,15.762282,32.69196,53.955089,2.808415,166.746481,0.376016,1.045313,0
17.100806,104.541854,244.888539,26.847832,1387.483922,359.113381,0.481002,0.635087,0.585523,245.745716,433.444345,23.294285,100.0,24.111436,26.760952,48.762334,13.029273,99.818073,0.271222,0.190572,0
46.32326,199.300353,390.385939,29.475883,100.0,210.381458,0.374312,0.99,0.812447,115.506293,29.438337,39.257894,100.0,34.26693,39.429609,26.26378,0.0,94.858167,0.156932,0.174263,1
83.991567,199.525611,447.386521,8.471444,1181.699419,44.295569,0.493343,0.209066,0.328253,444.193193,288.465302,32.2042,100.0,35.73357,59.597464,5.0,6.467768,142.290864,0.233133,3.195406,1
106.695829,170.46674,357.891284,58.281378,2185.965073,95.588989,0.271626,0.689524,0.868674,503.85031,97.4517,21.115455,100.0,22.469373,10.0,60.0,6.638979,53.858519,0.250707,0.118097,1
102.216784,256.162563,369.299287,22.08598,1211.220523,127.161572,0.548119,0.361837,0.271966,53.787049,91.855936,18.132267,100.0,21.141459,55.889016,18.149753,0.0,105.955151,0.192428,0.027457,0
145.304298,234.225307,415.869723,15.414992,322.699043,354.981617,0.423381,0.582609,0.677215,1222.039208,415.011093,18.600383,100.0,30.348651,10.0,56.861839,7.947851,128.560113,0.234493,1.370891,0
52.361515,155.324096,214.452279,20.732602,1040.914812,155.023804,0.23679,0.552861,0.523298,73.413959,28.409466,17.254103,91.263491,31.166477,33.27536,33.921056,6.66043,67.794212,0.158108,2.026976,0
65.714576,114.287717,208.0062,58.040526,259.656374,82.848236,0.263462,0.577298,0.528726,325.541716,669.640214,30.079776,100.0,47.221396,20.648588,33.875115,11.31429,81.099879,0.152726,0.822673,1
68.324308,149.232171,471.393312,10.185733,1516.401845,205.103148,0.751988,0.293247,0.296021,242.592116,32.452477,19.444413,100.0,19.634111,21.478021,60.0,1.979451,169.083846,0.327382,0.268835,0
55.680363,272.259796,1000.0,52.701667,422.058706,145.713477,0.99,0.763976,0.741749,148.951361,222.786042,31.150818,100.0,32.2466,15.793239,53.147522,7.090259,167.069657,0.457986,0.428463,1
32.46449,97.934427,208.043883,43.931414,937.121817,19.78574,0.261158,0.875545,0.738801,701.268266,137.062627,31.101744,100.0,29.73507,44.258012,22.523589,8.569472,88.442087,0.206137,0.330213,0
76.520482,352.376549,508.431156,50.651055,471.109999,309.93106,0.243885,0.352411,0.401387,19.160466,604.020627,22.972093,100.0,35.651495,30.811275,32.952198,6.219598,103.086723,0.181404,0.183969,0
128.69521,234.387979,383.926785,58.674365,626.775971,5.64751,0.561637,0.880921,0.778779,22.754781,371.672747,14.983963,100.0,28.455501,46.528833,22.264164,6.682937,105.526958,0.30772,1.535035,0
91.674108,211.375015,421.501225,51.318506,1643.075323,323.454109,0.388787,0.41362,0.518415,232.325662,264.634298,28.581415,100.0,43.106717,48.523863,7.647063,8.108148,91.604438,0.209182,0.297196,0
50.034791,106.357406,454.040043,56.886029,951.728582,285.069133,0.400669,0.716357,0.688281,692.280677,122.422106,16.386052,100.0,38.909673,33.5502,24.805847,13.056722,91.316261,0.289475,0.374676,0
77.698656,238.174666,434.812908,11.981439,620.398763,27.296356,0.393266,0.533424,0.49448,7.265061,446.774994,23.975311,100.0,45.88613,48.463359,5.0,2.134211,112.599154,0.253715,0.822834,0
47.46351,74.692342,136.408365,48.768371,327.386015,260.499988,0.362449,0.256544,0.262649,338.899066,22.964129,32.996105,71.339245,32.850609,39.150341,25.538828,5.267157,66.302091,0.178367,0.473673,0
108.697736,191.1813,308.180029,35.012163,100.0,277.539006,0.357737,0.13646,0.058843,214.962918,215.542458,9.378726,100.0,31.341108,30.305893,44.525792,2.661201,104.439594,0.23035,0.106327,1
131.771934,188.391437,418.069786,34.892258,274.359683,216.830546,0.303153,0.67075,0.667288,166.605155,115.163446,22.27415,100.0,27.106898,52.634337,21.506451,7.769805,85.655149,0.238532,0.070922,0
134.050867,166.286137,303.866378,54.440687,955.979621,207.961488,0.337873,0.239895,0.213295,189.643377,506.917763,20.054384,100.0,15.120504,61.589858,20.705766,12.803971,74.664075,0.208817,0.059831,0
60.309696,207.609293,349.113668,58.44921,1390.116884,17.887329,0.313593,0.517489,0.573966,53.662014,86.378426,21.159728,100.0,35.624514,58.105507,6.172966,0.762295,79.767783,0.141786,0.827535,0
48.334541,133.322123,277.651564,43.766108,619.824254,21.418694,0.371958,0.461249,0.541108,87.569801,514.523342,15.443907,100.0,36.39038,10.759108,58.157951,4.703197,96.456686,0.119201,0.10637,0
145.304583,248.120545,420.167121,31.561611,1685.2718,261.823914,0.4185,0.489253,0.571111,202.133926,575.419067,36.447302,100.0,37.609835,39.003316,26.010629,11.398174,98.340448,0.259133,0.16403,1
56.588658,115.341188,203.605758,30.102212,541.249789,38.003464,0.116135,0.521336,0.570378,174.652777,128.789157,24.975378,100.0,27.139284,58.851486,13.548744,3.072466,43.866836,0.1,1.628865,0
76.726273,245.024941,563.399202,26.24878,780.994139,87.063876,0.57064,0.318449,0.420945,134.267524,305.526172,11.682015,100.0,18.681371,18.359576,60.0,2.715138,124.683827,0.238212,0.328404,0
90.951736,205.866635,267.182671,24.887947,360.21164,179.581174,0.321426,0.726021,0.576604,15.628142,84.91753,26.203725,100.0,22.533435,36.47435,42.006114,3.205187,64.201616,0.152603,0.063995,0
71.866781,314.022759,540.394633,26.532876,1395.380867,59.098923,0.433986,0.319652,0.344294,91.116225,169.055458,30.752296,100.0,33.950307,25.984315,38.527855,7.749275,108.509939,0.183079,0.232058,0
120.242579,181.748573,304.061579,9.936428,1948.755307,284.342242,0.162445,0.845345,0.846072,80.414097,319.773635,23.536435,100.0,43.652154,42.297208,17.555085,5.769042,58.972398,0.119957,0.973251,0
19.26487,80.464912,267.163288,9.258985,100.0,290.656089,0.35535,0.600356,0.692176,73.072662,56.908842,33.768678,100.0,14.091798,80.0,13.57806,7.109081,81.500175,0.208422,0.2104,0
101.419242,239.361785,644.936572,47.892841,726.918966,303.171556,0.620132,0.399162,0.235611,323.785145,143.410993,11.45892,100.0,49.263625,37.855195,13.483508,5.677335,147.442207,0.260419,0.379248,1
36.721657,294.660599,694.581227,29.534009,1532.389924,17.844523,0.668876,0.251341,0.271723,592.250209,505.059441,30.82228,100.0,10.0,35.313242,55.039068,4.866635,135.956833,0.2711,0.335147,0
51.604824,120.013561,462.25185,56.187647,176.527239,154.034338,0.567497,0.54951,0.596642,163.212775,32.42618,22.466072,100.0,51.703137,73.594642,5.0,6.400139,131.046908,0.26049,0.025905,0
82.527364,93.771357,544.148367,38.672155,1183.341953,304.890362,0.368658,0.545065,0.58483,204.996605,27.440376,18.601223,100.0,20.067265,41.165237,43.480784,7.993476,78.866617,0.197613,0.898267,0
14.470995,51.075131,717.750697,6.934679,1510.7361,130.758981,0.716118,0.417006,0.433885,238.411021,229.429806,28.741316,100.0,47.570796,27.952079,26.18202,0.0,131.311785,0.344128,0.481281,0
62.980883,279.55376,598.600153,13.663784,939.114407,250.495336,0.675068,0.68673,0.711035,209.445893,174.057091,28.614762,100.0,26.587483,11.581035,56.711517,4.204308,124.948034,0.327237,0.656134,0
54.649665,134.568891,382.384412,16.320089,1175.131535,212.128526,0.406762,0.663231,0.770908,11.516818,316.785302,33.082203,100.0,47.059643,55.362062,5.0,5.831006,78.591795,0.160822,0.596079,0
65.76324,358.686177,447.887751,58.665481,1780.451193,124.995102,0.33909,0.802231,0.733415,333.296518,224.449223,32.793366,100.0,10.0,18.978892,60.0,0.0,120.545436,0.241515,0.327579,0
52.201953,93.990385,369.68007,17.028732,1874.213277,99.505738,0.348145,0.436036,0.525146,11.551394,48.605378,24.42353,100.0,37.967533,34.813769,27.71704,1.825713,67.259878,0.133203,0.527444,0
77.117728,215.714175,409.338869,33.366562,869.016393,234.987513,0.402792,0.517322,0.452567,152.77865,430.012242,14.323682,100.0,42.801097,44.868008,11.183011,5.707237,86.513439,0.2333,0.393775,1
46.013439,186.548427,693.86616,56.489731,633.811075,48.104689,0.531888,0.42141,0.527841,326.013739,37.704496,13.050994,100.0,34.929359,48.144961,17.325096,8.602233,119.312088,0.259337,0.018171,0
69.731678,98.842416,400.372734,58.7456,440.009944,309.644107,0.477454,0.797506,0.783647,95.156436,636.274825,13.627164,100.0,38.077399,11.68958,47.085511,12.702021,111.604237,0.331166,1.363255,1
82.37965,112.112253,186.268275,17.999824,1388.482075,207.519639,0.258648,0.606586,0.688536,397.79398,586.155418,21.374447,100.0,43.099947,20.700161,36.573199,13.878995,67.771654,0.147604,0.556719,0
149.020728,231.097944,452.281524,7.70147,214.112221,40.141262,0.420146,0.229232,0.287455,31.954723,18.974006,25.464919,100.0,33.748077,41.498856,27.269612,6.484689,76.810851,0.229329,0.326775,0
172.212277,319.118816,645.385015,13.448101,773.712981,253.269952,0.74713,0.653178,0.614695,37.255318,629.5861,27.296111,100.0,26.679565,12.606306,60.0,9.37173,143.091079,0.345056,0.449562,0
20.992195,147.807532,338.938801,8.483066,951.344885,155.200518,0.3359,0.708282,0.613805,11.929237,412.772551,27.440141,100.0,17.281693,48.87886,31.790038,1.902304,105.200631,0.227507,0.084647,0
157.148923,244.518655,899.779054,15.731833,648.498744,73.46931,0.99,0.488159,0.342356,5.0,257.955515,19.045572,100.0,41.985285,16.648893,45.731447,9.60741,200.0,0.485527,1.8128,0
32.277661,117.369754,411.349121,36.271334,1039.910133,345.984945,0.422754,0.853474,0.823627,270.125407,141.157543,32.215369,100.0,43.794667,33.255743,26.451914,4.434811,70.829787,0.241293,0.244903,0
70.183812,85.530576,177.034124,55.184684,2182.256659,259.073203,0.155025,0.673998,0.674434,430.021223,238.472275,33.64116,100.0,39.396647,29.815043,27.760021,15.149477,47.558865,0.249789,0.719847,0
15.59006,65.835097,152.101003,34.547039,839.200705,213.477704,0.136851,0.553739,0.630804,320.688962,367.306182,17.911551,100.0,40.235819,50.606304,8.007367,10.241892,74.067439,0.115044,0.153502,0
8.331419,32.684504,135.058273,39.429426,682.297186,305.592185,0.223908,0.312889,0.456039,617.752795,203.871678,23.346603,86.00375,34.592842,29.559562,36.038025,5.216131,56.752386,0.218412,0.728963,0
282.215586,407.211339,534.56348,16.102699,1407.665912,195.793124,0.44733,0.623519,0.573892,561.14824,216.217256,28.07571,100.0,26.887695,49.287163,24.789466,8.367044,116.93421,0.248479,0.278611,0
71.66062,108.493903,293.428274,49.032099,1019.791822,158.92942,0.363854,0.38305,0.403321,8.131068,577.768546,32.725453,100.0,44.383338,56.330442,5.0,7.579804,63.788562,0.214381,0.149502,1
59.863123,274.201736,505.957953,38.97839,1619.667886,68.20087,0.490012,0.739451,0.738726,56.73241,678.124427,27.591151,100.0,26.520855,37.272017,35.402855,4.093291,114.356179,0.190968,0.030629,0
89.765118,192.500415,598.359396,52.527526,982.34381,55.220553,0.56626,0.618236,0.650091,478.244579,411.603238,20.394916,100.0,33.173483,41.824618,22.25672,8.311178,136.063775,0.307561,0.192374,0
61.006197,109.941949,430.115779,57.186371,775.788396,155.508954,0.461435,0.69663,0.754062,198.853724,694.070223,17.824204,100.0,37.928176,26.772467,36.205119,2.46823,131.334611,0.230351,0.025756,1
130.640956,323.142895,467.60294,24.134543,100.0,164.150848,0.597931,0.599889,0.545757,457.096554,177.346919,17.492396,100.0,47.127033,20.200797,30.560259,12.260257,161.515933,0.287946,0.421204,0
86.020198,119.649369,265.032046,9.981848,100.0,263.992502,0.270978,0.827808,0.691413,69.063188,414.242416,22.433797,100.0,10.0,17.329884,60.0,2.135004,79.405006,0.174172,0.455756,0
115.90603,150.269395,459.59971,17.426093,100.0,159.150604,0.509073,0.536691,0.632679,195.77633,212.195012,20.903319,100.0,41.511994,39.541153,20.68389,8.341422,109.810493,0.285396,0.149496,0
37.061052,84.534846,211.003796,29.081286,1089.669583,213.537312,0.323783,0.477783,0.627704,210.202596,545.618623,16.286646,100.0,26.986118,28.745094,49.72711,0.0,60.369642,0.251929,1.308949,1
18.046972,211.313735,471.189395,57.013151,218.87526,299.706669,0.379527,0.598322,0.617119,213.652927,339.94294,28.277092,100.0,37.464769,44.692783,21.941309,2.762418,94.335479,0.20344,1.156935,0
141.270116,435.86882,490.584367,25.80704,1527.788683,357.60049,0.569273,0.439762,0.497183,60.74826,190.827378,21.89753,100.0,11.189063,33.218661,57.750934,14.10713,122.332844,0.262853,0.530467,0
92.668351,117.075962,355.561535,47.392527,915.123282,116.109113,0.483765,0.450588,0.355894,220.432765,914.496468,26.620561,100.0,23.679787,29.892152,45.442638,8.837328,117.171779,0.261668,0.344089,1
24.654574,533.709394,751.381496,34.726218,777.90654,324.703607,0.835289,0.423811,0.383326,783.009596,278.441957,16.198933,100.0,44.819579,34.815765,17.97404,11.281759,200.0,0.319816,0.528065,1
25.062217,175.228773,303.004332,15.054482,478.072462,290.178314,0.246679,0.880704,0.729055,306.940244,355.329137,30.058521,100.0,44.830587,10.0,48.502003,3.131686,72.801908,0.123357,0.495894,0
78.40666,148.779848,216.530448,22.640377,1211.129374,24.482409,0.180164,0.366868,0.280643,317.877723,366.813972,28.981612,100.0,29.802738,52.61175,18.924088,3.874524,40.606846,0.169222,0.592246,0
109.449405,250.52901,309.854832,40.925554,497.75109,120.297215,0.357942,0.380012,0.371628,948.632724,106.204049,30.934166,100.0,50.650234,32.172755,14.914382,11.135573,103.605052,0.176904,0.751708,0
32.061271,227.941561,435.317752,42.006937,407.310998,78.855466,0.458896,0.460425,0.448619,185.618043,92.789551,23.2775,100.0,31.875045,31.637222,37.05489,6.009715,107.790931,0.280363,0.693881,0
119.909382,169.660617,399.987621,28.911786,1494.17496,239.178338,0.441921,0.876449,0.845146,49.354356,159.506805,22.57872,100.0,35.519935,63.402166,5.0,6.095313,109.865838,0.229545,0.276073,0
148.336814,344.965404,380.214833,17.575508,1077.31058,199.907689,0.387522,0.501607,0.574417,127.645031,6.019707,27.756496,100.0,22.781584,32.822578,43.578237,13.52111,112.019241,0.198196,1.009261,0
76.877583,174.565664,208.649688,44.704873,782.535286,178.146379,0.295935,0.477313,0.442496,188.86239,91.457817,31.765653,100.0,26.857579,47.32713,26.335215,13.438866,97.024501,0.240584,0.63444,0
71.987094,95.971955,175.271175,14.288017,1220.716492,274.882955,0.1,0.392292,0.282644,19.38288,30.77873,23.85318,100.0,36.465074,10.0,51.746705,10.167715,20.0,0.1,1.966653,0
22.53099,171.573222,259.695182,56.516833,904.465937,119.99113,0.386549,0.787997,0.838543,105.055583,244.731348,14.615188,100.0,10.0,27.758522,58.750592,4.429595,98.742585,0.215349,0.82326,0
37.357718,286.787039,393.310462,15.334697,1091.506575,137.790826,0.581502,0.464749,0.484097,75.979092,35.206977,21.263436,100.0,33.008618,56.357057,16.330407,0.0,148.896037,0.251874,0.499909,0
65.146096,196.069832,404.226941,10.90218,491.576049,311.628221,0.388288,0.303352,0.250815,120.431902,556.038336,32.112288,100.0,36.764444,51.872623,10.846786,1.320095,100.918289,0.215196,1.477163,0
94.474749,134.991173,478.432547,32.370624,1935.199304,349.995063,0.526903,0.677773,0.557863,299.143134,109.973925,28.62733,100.0,31.968552,48.707459,21.225056,5.455192,112.127531,0.29643,1.69636,0
82.275638,214.604813,561.491659,33.575228,610.190016,279.488643,0.745335,0.643502,0.702882,116.218809,220.907144,25.849578,100.0,47.760651,24.981716,22.684192,2.656431,173.766045,0.3485,5.645223,0
10.227551,127.740809,405.593241,32.95061,1678.008163,78.145551,0.448101,0.412503,0.39294,147.490576,395.026106,21.442281,100.0,26.628975,41.62951,27.793654,2.126315,82.245073,0.234858,1.229025,0
30.430028,170.892376,508.062349,29.016712,805.565575,40.554588,0.562396,0.639268,0.641774,105.07306,1303.753634,34.241714,100.0,29.313864,31.712727,36.299336,7.519668,102.825425,0.270256,0.212163,0
86.345686,108.843074,199.951313,59.714819,1303.548558,75.313853,0.454129,0.419716,0.441642,76.641889,140.301327,17.800184,100.0,27.505112,43.487829,26.262338,3.009713,98.987189,0.252293,0.106937,1
96.251996,121.771111,394.953849,31.745434,1267.11175,152.194091,0.639354,0.159585,0.308305,102.597658,162.036048,24.108642,100.0,28.60498,52.110733,16.33361,2.181316,139.71703,0.326149,0.622662,1
51.454419,115.647466,412.27197,31.287062,1473.425878,85.21093,0.344355,0.505247,0.564782,5.0,151.027352,26.890358,100.0,30.148291,41.098733,26.001398,3.471143,87.655484,0.222144,0.060165,1
112.596843,285.247045,334.443327,28.197133,479.688146,324.374813,0.343128,0.744651,0.842855,373.273175,823.037789,26.578823,100.0,25.7706,54.767409,21.885034,6.165695,118.644172,0.208766,0.638773,0
111.391566,266.899524,675.806401,8.675417,1437.817701,241.460245,0.763794,0.531142,0.541899,143.249633,221.236726,19.25113,100.0,44.284627,55.742951,5.0,12.508752,186.159688,0.318122,0.081797,0
269.620017,455.338875,760.769048,37.612615,1823.219925,150.022528,0.796365,0.381519,0.417763,488.501245,24.692319,28.980286,100.0,47.268963,19.019281,27.249592,9.153011,178.068821,0.351915,0.465853,1
72.361534,214.598706,331.432395,17.538227,770.65351,98.572224,0.452322,0.378539,0.473677,75.261303,276.046435,27.588176,100.0,44.522739,10.0,45.87807,10.19427,118.92061,0.216218,0.974262,0
49.851843,214.554699,255.751318,40.068494,917.353034,137.037962,0.1,0.444893,0.4662,93.884628,438.458406,25.110656,100.0,39.764915,54.454535,5.0,5.555021,66.886933,0.134029,0.320156,0
32.244142,149.252533,353.896897,7.79584,638.276679,171.378214,0.205425,0.754194,0.604942,31.648852,194.05373,26.573203,100.0,21.203282,39.280349,44.10859,5.035878,75.10647,0.13879,0.282742,0
19.709943,107.510659,251.618534,58.976291,726.781874,256.976047,0.492297,0.489562,0.542596,300.697657,421.470803,20.791323,100.0,31.062155,60.565503,8.181388,9.969883,97.035265,0.240564,0.783326,0
108.028232,260.111755,325.839651,30.795279,1755.711399,32.162961,0.454351,0.565467,0.596484,205.616721,400.810249,35.156329,100.0,54.859417,43.535423,5.40841,16.071203,107.088137,0.311061,0.420451,1
99.488857,136.596039,319.053445,54.321545,397.882737,305.579858,0.40656,0.637712,0.655802,86.812841,444.264145,32.142493,100.0,29.554553,63.488401,6.22008,4.749772,93.126371,0.21773,1.292462,0
22.344144,68.477307,196.756556,31.155865,428.940589,45.921611,0.143014,0.44841,0.506679,23.977792,128.301996,20.08264,100.0,36.234478,50.249865,11.72089,6.056543,63.579238,0.1,0.284539,0
108.551625,142.159324,449.110181,8.318195,1705.450468,94.48203,0.440245,0.30625,0.432462,126.97988,13.477163,23.050845,100.0,15.457228,44.279035,42.05333,7.992244,76.068656,0.317115,1.276732,1
80.087117,191.300759,224.301448,50.221745,1212.274213,357.692362,0.347621,0.714453,0.56971,1013.804104,474.189902,30.942325,100.0,37.862866,31.607509,26.81221,1.982151,99.483157,0.201604,0.431137,1
56.156377,93.790041,420.873706,40.650105,1960.185125,68.475108,0.319434,0.705663,0.852137,11.11069,88.059991,28.039687,100.0,24.491097,29.610857,49.278518,0.0,63.408178,0.176136,0.824822,1
9.235732,19.117594,192.433469,47.996638,674.780681,36.411188,0.193043,0.453953,0.59109,74.364887,34.662428,24.838092,100.0,29.006931,10.0,59.842337,0.0,60.044022,0.131713,0.132592,0
98.763237,127.49663,402.563794,28.549342,963.140569,229.825909,0.479719,0.550481,0.49057,180.878404,654.107305,18.183992,100.0,10.0,48.048939,37.287684,0.0,99.013327,0.231175,0.360544,1
216.98328,466.662398,897.215984,40.086521,569.661528,141.526469,0.921608,0.47118,0.635122,157.402292,38.311205,18.799321,100.0,31.348351,24.727572,45.479606,6.944166,200.0,0.464045,0.64031,1
36.129594,148.138819,382.482988,52.092595,971.650584,33.060756,0.372806,0.361564,0.299883,231.876951,418.864783,24.631341,100.0,41.801366,33.605743,23.956122,8.973751,107.11494,0.18213,0.474814,0
80.196,272.518944,596.22748,39.708599,100.0,1.347274,0.70502,0.401539,0.332645,80.186016,9.895685,34.213344,100.0,42.252779,37.330696,16.800431,3.99207,112.599053,0.298334,1.114057,0
104.59562,129.470642,183.505993,24.12205,1242.477278,28.498167,0.350958,0.536654,0.600778,145.41828,84.108945,31.19063,100.0,27.606767,29.122151,44.491165,4.848981,73.576528,0.194297,0.525997,0
4.773949,142.559871,202.29543,41.439128,1061.737042,188.184808,0.1,0.561067,0.557743,283.825183,60.211699,27.970174,100.0,40.399447,40.860828,17.239764,2.926012,49.232792,0.1,0.533653,0
31.015004,65.517816,207.988862,41.95198,871.222669,83.12146,0.440587,0.3884,0.39244,289.271646,585.164554,28.683267,100.0,42.519445,10.0,49.611699,8.764039,84.815574,0.21344,0.058258,0
16.63705,151.675286,263.547773,57.832283,704.817838,279.918768,0.440657,0.568656,0.633071,135.275525,26.310813,10.467547,100.0,23.482049,38.355221,37.752383,8.72547,76.048871,0.282946,0.281201,0
216.096113,401.772137,648.837453,25.400178,452.623006,308.703108,0.672169,0.549235,0.598453,133.678477,75.481107,26.075198,100.0,42.592444,48.546731,10.219672,10.074442,162.493706,0.330507,0.564755,0
4.405502,154.015235,400.882508,28.379497,1263.856456,52.139886,0.42702,0.53378,0.546335,5.0,227.538843,26.020279,100.0,28.282735,10.0,60.0,9.713613,78.707914,0.256432,0.163572,0
55.950748,159.408103,532.196433,49.666763,314.455007,121.327153,0.631301,0.632951,0.670311,5.0,915.428408,15.380023,100.0,17.371263,26.649353,51.426615,5.396326,149.55575,0.271363,1.924232,0
87.208292,328.28615,500.716541,32.816927,1155.947956,52.766685,0.578981,0.548611,0.502558,263.876817,154.695887,37.599642,100.0,24.270435,60.368387,17.947712,8.386237,132.252162,0.203037,0.817723,0
35.860766,208.262095,262.36073,45.51152,1937.225697,103.209373,0.295851,0.546711,0.558738,448.707321,563.806666,27.00829,100.0,34.349736,36.394507,27.016582,3.952227,78.015913,0.21567,0.530335,0
5.867329,59.642982,434.973826,30.284021,1642.760744,86.113591,0.630355,0.240478,0.204372,224.680609,48.196458,27.617455,100.0,15.370014,26.377302,52.22379,0.0,137.221321,0.252407,0.565218,0
57.882963,93.831823,457.951653,16.852233,147.436029,283.271364,0.278789,0.490877,0.5219,112.715324,114.378095,19.694617,100.0,10.0,50.22627,38.559973,6.240244,52.223547,0.10151,0.161487,0
35.326791,437.2923,581.118132,45.986211,631.63097,124.372684,0.527461,0.738092,0.686882,84.356359,6.849448,25.821446,100.0,36.242428,19.548907,42.148119,5.706786,124.354498,0.226998,0.290643,0
94.572516,151.210381,522.016125,12.213534,1110.72537,178.403328,0.588492,0.62092,0.550209,313.807863,335.872846,25.14708,100.0,35.799641,20.990411,45.909131,3.913648,121.992375,0.253621,0.605584,0
121.245583,211.652208,260.557309,15.922101,864.859039,242.602238,0.316263,0.289893,0.448279,24.700605,608.594416,35.771948,100.0,28.928413,22.487321,46.598903,6.775124,94.975919,0.135689,0.314779,0
22.515248,66.809276,218.332426,39.475374,200.297141,296.012394,0.355542,0.598186,0.567935,118.611974,31.78452,30.009699,100.0,32.922347,60.455128,6.2691,5.599975,68.653019,0.205816,0.628852,0
38.73542,204.877064,282.014386,46.099839,1092.657976,108.435273,0.200248,0.606576,0.662146,478.047891,78.969488,25.421444,100.0,39.126527,21.075806,41.427263,5.11305,42.408572,0.256646,1.170051,0
40.508961,88.803626,407.392701,54.207834,894.991552,75.31944,0.42084,0.761222,0.796325,422.087905,77.322484,15.139546,100.0,13.08704,36.71444,50.353942,0.0,90.373652,0.225037,0.478238,1
119.972043,220.118225,333.576297,19.992257,1857.162704,352.243215,0.498577,0.72464,0.6996,501.661432,96.359114,16.694151,100.0,10.0,56.701067,36.33758,2.773507,114.690101,0.223205,0.823017,0
73.435869,205.0442,549.124929,11.089834,773.385649,115.253116,0.417386,0.6353,0.625504,130.593621,148.477339,8.778062,100.0,40.820711,21.376153,40.962638,3.574496,96.860383,0.229101,0.331074,0
23.44276,83.939969,155.868432,57.582566,1484.001693,241.584516,0.208441,0.297492,0.316181,254.119525,39.677648,22.199098,89.161146,35.984365,10.0,51.209705,7.057935,59.692078,0.199282,0.039144,0
148.187911,278.546862,866.324437,13.49327,266.455798,244.022775,0.783294,0.604699,0.551798,38.246281,118.469752,27.303638,100.0,37.675625,72.617351,5.0,7.109814,178.996258,0.247018,0.435064,0
35.763427,314.730917,456.400573,15.871684,385.995351,185.0506,0.524277,0.316044,0.301703,50.345023,34.441789,24.670188,100.0,22.690197,40.112467,42.070484,0.0,129.3998,0.242791,0.079057,0
44.872346,161.575456,292.702853,21.02312,1260.83098,82.24108,0.388107,0.69238,0.753047,74.105978,272.919057,28.073669,100.0,33.947515,27.366382,36.1211,2.840596,99.355288,0.228487,1.530852,0
29.18103,186.253837,490.08393,34.116524,1441.86539,50.924672,0.526281,0.409383,0.321488,411.759027,412.019889,37.058356,100.0,43.508479,35.334504,17.70635,0.0,122.600093,0.28162,0.291344,0
77.863871,152.041644,386.028267,53.555406,421.303637,175.325812,0.399139,0.478103,0.392943,163.898942,601.659596,18.499167,100.0,34.095026,50.216562,17.745959,8.606243,98.145643,0.196204,0.480935,0
51.419483,120.798045,263.550755,46.830031,912.038703,183.934633,0.330345,0.357821,0.356756,122.866587,527.127139,18.462521,100.0,26.117218,12.394149,59.223235,9.738375,75.443077,0.129759,1.354415,0
179.651085,213.839053,341.817368,43.948665,209.210413,278.412032,0.37408,0.656851,0.701523,91.333836,59.78897,24.933144,100.0,34.265025,30.202104,41.494415,14.18553,100.429229,0.220598,2.266276,1
74.215745,183.753009,664.350413,14.634931,809.390087,255.54004,0.661452,0.099973,0.161685,20.193072,70.145373,14.796428,100.0,46.582467,51.104586,5.0,0.0,153.395207,0.273508,0.378454,0
30.905992,224.87777,390.464152,24.672545,1318.461393,328.33486,0.577591,0.709353,0.575521,62.144115,423.849247,23.813486,100.0,33.582111,62.100642,5.0,0.0,118.442519,0.149536,0.50338,0
68.006536,219.535099,389.737949,31.312271,682.52075,349.509802,0.311051,0.737462,0.752204,293.031615,597.469287,21.427472,100.0,19.38573,61.938926,17.082721,9.484578,67.127327,0.194408,1.716913,1
197.561894,266.546194,338.674152,13.108427,775.482647,262.026477,0.422039,0.567911,0.556264,465.798573,60.094525,16.520498,100.0,50.723143,39.764838,13.806573,12.132635,119.518554,0.239611,2.386185,0
20.784734,100.463918,518.022351,20.038634,335.102301,27.54405,0.446108,0.477629,0.443851,139.251885,56.760909,16.363223,100.0,28.465761,62.707093,5.0,2.23929,86.338458,0.225418,0.067322,0
98.690615,380.225309,470.766974,21.958326,575.820793,145.842591,0.695651,0.590926,0.811918,235.327731,7.394681,20.999338,100.0,24.172441,10.051743,60.0,6.117091,170.445209,0.407339,1.324827,0
9.406194,148.792979,232.112466,12.000191,1779.055458,219.168853,0.306203,0.329394,0.402665,98.098834,661.310736,19.999373,100.0,24.970168,40.368797,33.889997,4.888947,57.699789,0.210113,1.144382,0
170.915741,339.840775,668.533677,35.263183,936.462446,212.470226,0.541466,0.749151,0.573024,256.218144,43.652352,22.008961,100.0,37.302453,10.0,45.014981,3.080233,124.611211,0.276063,0.151779,1
45.889955,228.780438,237.624584,43.776551,398.846117,65.319763,0.27879,0.298126,0.521875,22.037946,92.655201,32.218122,100.0,25.127984,61.332875,12.092411,8.005675,88.589805,0.251053,0.779606,1
30.091315,101.680792,303.501459,8.84624,742.614025,209.860103,0.212084,0.396869,0.516581,85.513344,180.279098,30.447377,100.0,13.76199,45.186765,40.479534,6.829862,56.201342,0.24609,1.324657,0
189.262183,254.378818,385.046768,31.461771,101.286189,125.884983,0.363967,0.539034,0.574997,109.935939,186.84889,26.521581,100.0,36.74128,66.946928,5.0,7.531574,106.050115,0.251264,1.581193,0
64.432115,134.955369,289.887934,48.021616,392.920154,122.013664,0.40798,0.383587,0.46296,403.293534,23.677413,28.222261,100.0,34.146538,28.084716,39.93949,13.421883,105.922988,0.200357,0.950897,0
66.447727,130.29328,223.173735,46.139457,1580.16987,300.242522,0.425821,0.398881,0.458954,592.055113,43.394151,18.037017,100.0,32.855148,15.939371,53.586265,5.112462,93.639711,0.250268,2.425197,1
46.490527,292.004336,404.025756,49.82902,828.758788,151.895937,0.55149,0.298755,0.391166,333.68007,100.765793,27.861604,100.0,20.483666,50.949942,28.987262,0.0,128.588116,0.313184,1.054912,0
48.260208,135.333004,170.754132,29.653235,1845.365088,189.862543,0.234653,0.565144,0.578899,34.613848,348.589566,18.126816,100.0,27.270578,35.322211,33.925604,4.395209,63.578887,0.1,0.386472,0
8.186023,231.113802,535.12148,50.13064,852.326081,202.63423,0.611859,0.656802,0.62823,185.092038,673.578575,27.700657,100.0,36.688455,55.79711,5.0,0.0,129.647247,0.235201,0.005757,0
97.595002,186.861822,330.247671,18.241419,882.010652,202.678841,0.461561,0.637931,0.605883,82.758281,98.370477,35.130512,100.0,32.927787,50.703049,19.595288,7.045184,120.287927,0.269409,1.261297,0
16.761837,110.162538,454.641294,24.844581,1220.447079,76.723745,0.711418,0.454811,0.520562,70.005931,118.310077,30.151594,100.0,35.292706,33.019427,38.649266,7.957327,143.936985,0.323657,0.511927,0
133.955709,151.459632,786.959961,14.699557,100.0,215.803211,0.708518,0.851224,0.773419,201.848776,126.337489,29.506603,100.0,48.600333,37.483493,16.698011,1.252513,133.181437,0.353893,0.230507,0
24.931886,92.401726,166.412917,30.71165,1002.469662,120.464499,0.39239,0.705921,0.69448,113.838064,424.259544,17.774678,100.0,34.69229,34.174314,32.530546,7.403968,108.738431,0.250932,0.145321,0
71.439972,321.291462,586.855298,26.563301,875.506756,235.807306,0.489623,0.521811,0.436122,10.853944,339.965962,24.148844,100.0,37.254999,38.432277,21.380077,7.623168,148.932133,0.20666,0.176244,0
39.965681,283.731858,365.370415,18.250991,1643.019447,52.451136,0.528559,0.380615,0.357555,662.644345,20.167648,25.921345,100.0,21.575778,29.771883,48.94006,0.838203,127.253233,0.254837,0.437399,0
46.480411,112.6078,214.319479,46.347939,1382.339697,357.881614,0.220106,0.578618,0.599544,121.126324,200.411987,30.534899,100.0,19.300994,47.786751,28.988102,5.161751,47.407025,0.163766,2.12362,1
54.526974,65.470804,230.147956,22.261572,333.154157,277.935585,0.227253,0.587872,0.606822,69.225858,90.842379,19.956625,100.0,39.265038,10.123686,52.294568,4.975153,52.373749,0.2017,0.294229,0
86.445192,131.965485,705.389431,20.004238,1521.069309,150.210516,0.671116,0.605011,0.576829,255.779742,448.851234,23.732111,100.0,26.633274,10.0,60.0,5.632847,130.255574,0.357118,1.594012,0
185.488098,251.122663,386.574958,12.198968,768.842737,108.486666,0.350989,0.805141,0.704147,155.38098,70.522542,34.064636,100.0,12.563478,30.758993,53.120813,5.470144,101.487086,0.121868,2.380804,1
45.497113,111.486972,272.793143,29.135194,447.773387,139.608733,0.37448,0.448351,0.438341,292.325254,199.687923,24.692323,100.0,37.218375,27.862074,33.555048,1.989868,110.71352,0.104644,0.106689,0
6.361734,72.325737,274.523169,21.663055,998.551625,259.634978,0.455999,0.821272,0.804553,501.463931,106.348864,10.852725,100.0,43.245298,29.524165,28.405347,0.0,117.973111,0.211208,0.169022,0
158.18129,259.78791,418.774325,25.310006,798.615322,235.946808,0.244802,0.931816,0.886606,167.069451,20.250366,17.59506,100.0,20.213308,57.821898,22.55372,3.452855,86.87059,0.222537,0.066231,0
108.906995,150.284403,224.058513,17.979849,1669.232657,252.753304,0.272989,0.251105,0.393107,157.443328,84.037558,20.37995,100.0,12.932203,40.037277,47.176625,3.106467,34.137081,0.147578,0.210064,0
23.969948,115.106689,477.933466,46.973552,1070.311014,320.03971,0.397587,0.602567,0.716997,33.260254,202.060725,18.305821,100.0,47.62364,50.3766,5.0,8.738297,72.259514,0.327159,0.067532,0
19.823162,141.692228,266.883695,56.150184,1002.82946,164.266281,0.417359,0.607892,0.590466,598.257822,64.864357,25.951088,100.0,46.221855,46.277513,5.0,0.0,76.330956,0.160997,0.600161,0
89.475253,159.490673,212.595913,32.386252,1350.323541,241.027613,0.422747,0.590761,0.667259,42.282377,107.859174,31.295456,100.0,43.137824,62.117631,5.0,5.581621,117.849808,0.177179,0.53958,0
77.917502,183.127232,397.707169,40.364913,1446.435809,158.942864,0.420587,0.522408,0.543539,312.178171,589.884266,32.393612,100.0,22.815138,27.707198,46.796849,11.964817,84.679469,0.193321,0.376977,0
218.064769,494.680445,872.028324,52.694475,1291.802547,229.715308,0.770894,0.445789,0.446858,548.011971,172.992491,32.81557,100.0,28.71177,47.157909,20.105033,1.08696,157.430791,0.301506,1.167104,1
98.327198,254.335898,346.377627,59.93563,1609.731736,170.936509,0.232901,0.895718,0.702702,310.937012,34.952901,20.90075,100.0,36.370529,34.496642,29.092283,9.434306,107.006391,0.118394,0.115691,0
37.704402,178.786467,323.574039,38.743407,1204.341206,279.598906,0.569917,0.628263,0.642401,293.313316,409.083978,23.107405,100.0,41.765053,20.195932,33.558471,3.573501,116.224823,0.291145,0.431493,0
30.256634,104.912812,274.170687,53.937871,983.825732,1.893644,0.464938,0.428246,0.597387,115.069564,54.647458,23.893337,100.0,30.52491,18.466501,51.669574,6.103197,102.209209,0.244073,1.069145,0
69.585096,133.239823,251.138667,54.973454,1519.586031,77.655944,0.115617,0.698635,0.682321,196.155737,118.645765,40.0,100.0,60.0,34.421744,5.0,6.750296,55.152398,0.1,0.580539,0
8.74936,103.762144,277.328292,48.529832,854.55193,106.717545,0.401276,0.532601,0.451202,218.071179,50.638426,26.887399,100.0,38.612485,54.845263,8.709266,10.048563,100.598041,0.223992,1.408164,0
13.33201,152.33749,622.646861,30.351227,916.623258,340.342022,0.518036,0.474138,0.431548,48.74188,179.697573,23.678556,100.0,33.41709,28.623031,38.708226,2.202438,88.25549,0.228231,0.664011,0
21.119111,137.025967,313.131872,9.46347,1760.788459,182.536637,0.315309,0.523833,0.486656,249.447044,58.446611,19.072274,100.0,30.316473,29.861713,35.250888,1.566244,60.853262,0.226501,0.240354,0
36.834182,144.765679,390.519388,5.869306,1710.962064,131.166677,0.307094,0.627427,0.686371,262.653605,73.130892,31.749277,100.0,34.5508,26.848475,39.96719,1.257012,102.047244,0.201814,2.345924,0
63.592724,236.684845,368.035831,31.246035,895.912097,145.552362,0.212751,0.761863,0.795497,391.136459,100.364453,17.007876,100.0,36.258526,18.747678,44.632427,7.143016,59.358221,0.180558,1.55372,1
103.253732,236.803221,447.664525,32.187299,673.224211,162.656022,0.475956,0.528645,0.596572,78.900422,538.073559,26.032415,100.0,19.662462,30.19155,53.52888,4.983572,112.490463,0.249494,0.100188,0
164.889037,330.898322,559.98116,27.404931,1631.58675,312.41894,0.765525,0.371903,0.430703,79.145913,152.198327,24.029262,100.0,18.817934,56.059928,24.713262,8.533348,194.086244,0.341315,0.566232,0
143.020682,191.261088,483.314006,36.249204,1300.209179,346.440912,0.418213,0.56527,0.581941,465.107868,186.399767,22.461937,100.0,23.839468,42.175453,28.947601,10.837863,126.137218,0.235637,1.625133,1
127.34614,162.993837,284.912879,35.368949,1057.790627,303.89927,0.431308,0.537632,0.464025,25.847424,1208.965401,35.94932,100.0,28.482216,28.828112,41.342121,6.652465,108.679924,0.363111,0.006371,0
44.920908,306.393657,455.717891,51.013717,739.063645,302.996435,0.59219,0.99,0.798474,465.154629,698.057292,27.768637,100.0,33.832941,31.894714,33.672255,2.829768,130.454153,0.261587,0.268621,0
31.059797,41.119415,352.702584,10.976141,1065.848289,71.64544,0.471972,0.492716,0.480991,95.627651,67.403117,30.647926,100.0,27.103415,43.313846,27.971046,0.0,99.924738,0.277443,0.031607,0
88.078963,127.71504,258.062219,17.384772,889.14577,96.724106,0.518999,0.702278,0.659039,69.167196,19.942716,17.387746,100.0,31.729068,28.300382,41.527426,10.194394,94.719824,0.29355,1.541196,0
92.412404,166.576839,240.126397,48.615274,567.83091,214.577705,0.399628,0.427913,0.62089,5.0,79.964532,30.669618,100.0,16.342316,52.182632,34.527774,9.828385,106.755813,0.337881,0.414979,0
23.454019,244.932683,363.229773,51.631028,964.521164,236.209469,0.589211,0.7625,0.797674,454.937662,24.992491,32.792739,100.0,45.309877,57.808152,5.0,1.842984,142.810323,0.34581,0.299561,0
54.306364,88.908133,393.989084,59.715332,1032.712023,72.973934,0.320184,0.99,0.876062,362.055272,194.330931,26.027725,100.0,16.800266,19.490333,60.0,6.086983,58.020366,0.103591,3.639719,0
28.707277,47.211013,382.124232,53.010161,712.302467,268.661474,0.499341,0.412863,0.405375,180.588943,5.344102,21.691601,100.0,35.378091,33.122051,32.543787,13.670703,143.923123,0.237611,0.481814,0
12.741858,63.268505,333.814811,53.944445,1351.912844,71.986879,0.534833,0.690309,0.698703,140.270428,92.877328,19.48277,100.0,20.769278,44.385112,34.600911,2.087029,116.654885,0.159094,1.259987,0
83.028019,150.666574,520.861007,22.289137,1544.416196,94.683833,0.465532,0.879846,0.647774,248.157167,62.215538,24.468934,100.0,36.393964,58.815135,5.0,9.254909,94.874086,0.260843,2.024322,0
125.53321,229.828584,677.387322,27.09139,1384.948847,110.446394,0.327163,0.762399,0.667218,149.363083,20.237673,23.154002,100.0,49.147476,10.0,45.15919,13.16708,115.004814,0.207297,0.859207,0
204.307326,347.419283,957.831933,19.744681,761.875807,304.55691,0.787424,0.845112,0.783383,258.60797,25.313844,20.730101,100.0,40.991756,27.773068,31.473767,6.668305,173.566102,0.33977,1.855716,0
57.839287,234.666614,514.648554,38.346467,1277.910752,263.550203,0.464974,0.799696,0.804788,102.60303,232.20677,27.183106,100.0,22.23831,10.0,60.0,1.232737,111.739015,0.257169,0.314477,0
10.003219,38.027549,196.78066,56.634294,938.980699,191.046757,0.323382,0.436802,0.415042,534.510791,425.688214,25.540556,100.0,34.576136,50.109975,14.91924,6.642074,62.985527,0.229335,1.094995,1
229.682202,238.616168,294.894467,23.955249,282.127011,295.109747,0.294017,0.49133,0.320297,21.559796,359.56851,22.036759,100.0,28.027983,38.012831,34.605646,7.887766,101.745688,0.15557,0.677676,1
243.851722,345.63421,414.952413,35.635098,1236.364689,292.654169,0.453022,0.969287,0.790699,703.88921,232.197091,22.138131,100.0,17.512643,54.414959,33.080248,11.099588,145.07956,0.186794,0.32375,1
300.0,333.976928,430.820664,21.29648,973.06582,140.339915,0.405764,0.520179,0.56317,10.798802,983.558289,14.055756,100.0,42.917385,34.180858,24.451315,8.112262,111.764616,0.193429,0.051097,0
295.97083,358.095135,701.154454,14.338999,2196.774001,281.317423,0.683127,0.604185,0.734095,5.0,14.79726,23.297846,100.0,57.638175,34.332996,6.072136,7.541084,160.60067,0.343203,2.784288,0
79.241754,156.712054,258.963581,15.735204,1628.635432,74.247398,0.313497,0.426927,0.422974,159.217265,428.66485,16.824037,100.0,46.233913,43.716313,12.033889,6.910314,71.349893,0.189497,0.861108,0
66.00339,131.781487,233.314483,8.186994,1255.575078,181.162386,0.23508,0.841456,0.78036,372.015914,164.556563,21.948321,100.0,18.612958,39.278397,42.54457,0.0,63.796771,0.205158,1.748118,0
116.064574,132.310772,242.158333,57.211144,1024.585251,42.567023,0.38796,0.66322,0.518721,96.191973,376.120642,26.063521,100.0,54.835989,29.563279,10.922315,9.495646,101.565315,0.149871,0.062332,1
15.792249,125.268856,298.308503,27.158378,981.861128,153.646015,0.491594,0.560351,0.568751,111.344039,262.406577,13.141111,100.0,25.193808,51.975124,18.800973,1.327261,121.124492,0.296021,0.370812,0
34.985772,358.744981,573.408855,50.876649,398.155298,187.331677,0.47251,0.666989,0.694883,82.264716,539.963817,22.507651,100.0,27.483519,55.718524,14.415809,6.164024,124.544959,0.308972,0.804216,0
58.52195,149.873434,364.085108,42.473121,100.0,28.770609,0.431204,0.413673,0.324711,181.824651,179.808494,26.302223,100.0,23.813985,43.139116,30.065724,0.0,96.803265,0.327344,0.054972,0
146.860041,504.202959,616.670569,15.555664,463.720445,166.540594,0.481217,0.392446,0.466283,236.717168,635.416506,14.974531,100.0,33.755229,60.110225,5.0,13.925448,142.093007,0.263203,0.309234,0
151.592105,161.424871,490.597101,14.650424,876.141491,234.601395,0.341735,0.282626,0.301623,13.961664,377.758115,20.486594,100.0,10.0,61.580992,29.771929,7.051304,78.407137,0.207201,0.374646,0
61.291978,111.048383,275.269739,49.659351,100.0,221.071765,0.437633,0.131485,0.131046,357.832148,295.644819,16.133075,100.0,21.286611,28.436996,53.105483,10.497861,108.898857,0.271857,0.78089,0
17.668255,308.022009,608.531348,19.559144,627.839104,19.5674,0.817992,0.536975,0.542708,381.72423,126.20759,29.362792,100.0,44.878288,38.218316,13.014562,0.0,177.9837,0.3644,1.799516,1
123.938452,172.501757,353.187984,55.230685,776.193483,34.322287,0.367373,0.845722,0.743385,20.723111,27.615901,20.327477,100.0,60.0,43.935628,5.0,5.867916,99.770678,0.167048,0.389865,0
16.33287,131.511632,240.990039,12.703047,792.286723,126.488249,0.488171,0.86087,0.818029,366.860049,119.838595,20.03442,100.0,10.0,12.35818,60.0,3.097765,90.728995,0.178408,1.206947,0
40.854339,133.701805,267.845325,42.273974,569.138201,303.36686,0.262848,0.493406,0.536633,299.248077,203.619821,29.22643,100.0,43.609028,39.586528,19.437674,5.484274,87.624892,0.134934,0.817763,0
78.789954,154.212194,246.99172,49.796063,729.243093,313.112179,0.286495,0.338892,0.357715,33.951661,416.132814,22.554897,100.0,18.716063,35.810606,44.516172,8.421838,68.16644,0.252621,1.089751,0
14.262528,192.4445,243.643884,17.939101,1761.946914,111.460633,0.473871,0.99,0.802476,141.439658,1.367747,34.936826,100.0,26.927056,26.022489,45.600213,2.786255,104.541838,0.261401,0.644597,0
32.930428,128.249917,323.708382,20.191405,1231.072641,258.801151,0.283886,0.439913,0.555405,38.811582,131.582675,27.263774,100.0,18.08144,41.840784,44.628046,3.347344,62.293632,0.109036,1.19278,1
137.988675,295.561264,377.63715,58.048539,619.849612,207.860613,0.512659,0.0,0.021855,106.917412,19.717206,26.795982,100.0,43.01917,22.792763,38.309205,9.390257,117.549725,0.26226,1.646267,1
116.14268,411.332315,474.011312,19.552868,865.826106,354.032013,0.468082,0.243015,0.342317,56.630208,45.602137,26.992374,100.0,38.306299,13.023018,53.175347,5.260706,129.147024,0.269134,1.019212,0
20.32549,202.227547,493.278603,28.647638,885.843332,34.071808,0.447216,0.793992,0.769665,19.186687,635.15493,31.847736,100.0,33.330098,10.0,56.023789,2.575755,103.39723,0.283782,0.406404,1
86.370764,125.73035,510.877585,28.788358,516.022283,197.237067,0.483365,0.719767,0.628812,273.345512,47.228103,5.399545,100.0,40.541497,10.321283,48.47311,3.424998,96.516585,0.21014,0.189366,1
9.780848,416.215451,518.091293,18.916911,515.434891,213.313554,0.323548,0.451225,0.46043,98.551959,118.740025,28.175256,100.0,38.886742,18.428474,39.362597,6.716751,131.372849,0.187817,0.448702,0
107.101957,246.944321,1000.0,47.66851,1405.26201,110.760686,0.99,0.351401,0.396519,238.890909,310.362202,19.11293,100.0,19.542848,38.26061,42.973736,3.837688,200.0,0.344553,1.294464,0
35.849963,116.920382,402.449556,47.451714,690.107811,16.903169,0.464712,0.153448,0.212211,15.678291,62.5518,16.90674,100.0,35.648364,43.018633,20.047945,0.720903,110.499691,0.268352,0.948388,0
55.25908,88.642285,282.847745,25.807491,352.651806,18.757633,0.325621,0.408701,0.547342,111.842741,200.13166,23.166005,100.0,25.031696,28.113064,46.864138,4.668528,95.328787,0.1,1.623677,0
71.429689,171.210637,206.489738,50.931919,878.429828,163.3025,0.206222,0.62644,0.498489,42.885888,208.600529,23.493788,100.0,23.656424,47.453666,21.967041,8.914701,62.11553,0.137871,0.652193,0
21.710132,74.720987,317.828209,16.719121,959.004877,249.290564,0.401332,0.817795,0.833995,249.916813,78.59432,13.496784,100.0,37.607222,42.791769,18.36461,17.227725,91.464771,0.191182,2.17871,0
33.251524,59.3053,133.41777,5.236818,100.0,252.063283,0.30175,0.697998,0.680195,609.577601,14.780699,16.873521,100.0,46.655475,23.321725,33.985416,0.033821,71.327243,0.27094,1.048382,1
209.699845,246.025437,329.864504,36.414205,879.626821,65.149146,0.35293,0.430199,0.361967,250.383632,169.246569,15.523693,100.0,31.181438,22.338829,46.94722,9.726661,69.024327,0.269904,1.669543,1
51.911157,73.753769,333.544359,59.674277,1333.989967,308.869971,0.479872,0.604889,0.493943,264.067957,139.670036,18.956226,100.0,50.198646,57.364073,5.0,5.392323,110.45086,0.200395,0.362611,0
74.698236,87.565431,630.068893,7.125437,1125.614693,135.778473,0.663069,0.401103,0.419173,106.462756,95.372071,27.029026,100.0,28.418021,29.33128,44.29604,4.046134,122.907553,0.297431,0.155686,0
75.684278,147.547147,347.695226,16.439894,2014.897558,347.172445,0.386203,0.689455,0.762427,191.575878,295.000289,21.718948,100.0,13.4033,65.534753,24.825421,6.974931,94.333361,0.116332,0.014801,0
168.090727,254.962731,581.804193,33.540305,1525.554741,42.537468,0.68577,0.448927,0.450655,461.895244,17.290709,25.724953,100.0,17.188117,17.376984,60.0,4.864515,138.556725,0.271239,0.387002,0
121.497389,248.389652,784.63761,49.546741,1624.467012,301.123692,0.71615,0.434157,0.444692,137.537825,113.352505,19.249407,100.0,14.658983,33.589213,52.442797,9.446579,151.403369,0.277455,0.57202,1
22.956717,159.954929,210.531402,9.89731,2300.042968,327.001735,0.153798,0.620172,0.664795,34.61594,1302.1524,32.184934,100.0,36.524403,13.274642,49.297079,0.0,96.723294,0.150204,0.315644,0
183.390212,246.174888,508.61284,26.737906,1279.078131,296.163189,0.527012,0.68555,0.786531,149.043257,636.328134,21.262158,100.0,53.237545,10.0,38.218059,6.213507,86.402073,0.294626,0.093686,0
232.196896,301.639409,694.997191,46.089169,981.535104,291.182811,0.694275,0.5954,0.564273,19.370868,64.906432,29.3726,100.0,44.890186,26.608479,30.597578,13.820879,168.10844,0.26917,0.121228,1
22.806205,133.24502,488.649799,25.434876,1386.870147,130.071606,0.49312,0.752901,0.646877,54.832684,541.124514,24.378597,100.0,42.060942,49.032037,8.403097,2.377335,137.86485,0.317819,0.239189,0
49.089305,87.102317,462.485683,15.386003,620.381783,256.803518,0.612102,0.558545,0.418405,222.396593,164.274305,19.336255,100.0,50.065935,27.235605,22.906504,3.238215,91.997154,0.390512,0.344765,0
60.066778,213.402823,335.557936,15.752271,953.84316,208.564764,0.435273,0.44368,0.504193,18.062852,145.150965,37.005318,100.0,39.547619,46.811064,19.047425,8.356479,96.682764,0.199036,1.131234,0
50.769472,124.976698,344.710671,27.552683,576.136178,152.812487,0.381498,0.84877,0.708075,108.793312,107.976703,31.416532,100.0,44.625391,23.355659,44.154209,13.280214,98.256012,0.176082,0.710862,0
107.506852,278.746894,674.89374,31.367939,1098.992279,357.520211,0.673109,0.364965,0.453013,605.579891,126.266855,22.716365,100.0,33.193789,59.078944,10.13538,10.580186,142.695662,0.361797,0.243337,0
55.567271,158.540665,414.810843,52.399793,574.045456,104.563699,0.460652,0.139464,0.127526,79.580108,13.481113,29.527055,100.0,22.333065,24.220581,54.354394,6.667547,95.675622,0.232609,0.577658,1
41.425268,122.157891,188.790786,40.323883,556.53575,148.731848,0.313077,0.594619,0.510975,230.274086,1027.992659,23.906251,100.0,18.379669,60.994192,18.981384,2.082647,89.587501,0.188668,0.11951,0
111.222085,315.421078,393.290078,42.972107,1106.736647,325.029973,0.43955,0.408396,0.364194,50.737301,759.159185,22.365556,100.0,27.718969,38.250834,33.892847,4.270636,80.914244,0.241411,0.044932,0
6.643382,31.267156,393.483429,59.064294,831.14428,104.04298,0.419015,0.854833,0.741875,185.257923,349.74516,19.789462,100.0,12.90315,20.848965,60.0,1.60904,97.372737,0.249416,0.352924,0
79.353679,202.256052,217.16535,27.651389,100.0,54.965211,0.15117,0.527759,0.609743,56.260717,11.780285,23.933329,100.0,28.180783,23.660687,48.697929,2.667512,74.945793,0.257409,0.126751,1
98.216939,359.850471,626.707696,27.184492,172.221539,111.59991,0.561722,0.43111,0.445718,17.182668,123.466212,25.877838,100.0,28.450343,43.574014,21.545395,5.709387,156.908598,0.258032,0.990709,0
175.203263,281.485476,582.162356,55.784083,326.366754,273.352204,0.622538,0.334557,0.350803,295.552926,27.450027,25.286073,100.0,41.748288,19.195824,37.353437,8.900937,149.273061,0.321285,1.195299,1
70.318662,161.85765,398.031036,18.523157,458.514047,309.547443,0.457127,0.39354,0.302405,710.163292,275.483393,27.484853,100.0,30.378041,41.829149,27.159329,3.529995,117.84417,0.174688,1.243028,0
10.751971,184.867334,486.596222,45.139839,1107.211665,41.200196,0.365074,0.689533,0.708048,308.434971,420.735342,23.860279,100.0,46.024812,25.76143,27.254897,6.727427,93.41019,0.110133,0.948461,1
73.781328,136.24493,436.219678,46.501523,1009.469424,223.816565,0.414595,0.690336,0.671637,325.403771,49.216964,16.183725,100.0,27.012851,19.959225,54.237643,8.598433,69.400559,0.279952,0.923464,0
9.710434,86.672572,107.726773,10.37834,1432.639686,204.223286,0.1,0.720042,0.740706,176.779759,5.466884,26.398881,84.071193,20.95212,23.758182,60.0,3.299469,36.511708,0.1,1.185679,0
90.318109,123.797987,161.803466,30.752727,1276.400911,240.767203,0.373996,0.901657,0.872701,112.265983,220.548597,19.59812,100.0,51.86566,12.238591,37.768199,8.11277,85.193823,0.242969,0.14449,0
154.041486,213.568021,316.487749,16.030936,1435.951478,241.580294,0.394128,0.608351,0.668446,331.754868,34.947603,13.948173,100.0,44.864127,39.269987,17.378245,18.078664,96.705956,0.243294,3.074212,0
62.739253,208.985524,444.542495,15.19564,1204.198096,345.408289,0.520896,0.651438,0.740998,414.970746,6.011583,22.445865,100.0,33.587113,40.397459,28.428698,6.399089,108.156328,0.299767,0.092427,0
55.623117,134.107328,353.321852,30.510546,1004.839655,124.750515,0.393652,0.54682,0.586714,591.501389,951.849275,20.643799,100.0,25.538841,24.953963,53.844579,9.286956,85.027449,0.192764,1.484529,0
119.481539,165.007868,244.509621,20.918634,1449.675871,107.916092,0.2452,0.60574,0.679197,79.633709,57.916573,18.721218,100.0,57.21888,24.417513,27.117898,9.176083,83.183271,0.195624,0.489931,0
87.758434,297.937524,707.314253,48.783325,1359.706396,209.241103,0.656673,0.71111,0.727335,7.922749,46.343026,15.931052,100.0,32.471801,13.065244,55.475396,5.930653,152.077447,0.393972,2.126084,1
112.916111,304.73975,932.240036,54.918269,1088.047684,154.590645,0.941676,0.382314,0.319775,125.307349,531.241479,25.435818,100.0,41.76503,26.748783,32.420639,11.904971,178.607158,0.417553,0.018568,0
291.593484,341.875618,641.786982,49.149633,1535.535935,170.551538,0.619509,0.328976,0.43598,14.490584,158.802516,19.787276,100.0,48.682476,44.154283,8.381355,9.524863,156.580434,0.350391,2.244541,1
43.91739,234.684786,451.10975,19.631698,100.0,24.939718,0.533752,0.152061,0.185171,183.263533,686.177985,18.109948,100.0,37.050526,25.693333,38.557254,0.0,126.144243,0.247905,0.123641,0
94.988196,238.564031,476.675693,20.077392,754.768413,53.367184,0.519472,0.99,0.866565,48.282537,69.085372,26.094591,100.0,19.399404,40.79569,37.837376,9.694412,99.145724,0.250561,1.585483,0
185.599609,296.333754,406.992926,19.010059,747.104767,336.734977,0.475499,0.333881,0.477466,252.304583,209.684435,22.471798,100.0,30.126174,46.216507,24.102701,15.952965,122.858472,0.311984,1.74481,1
187.650707,460.223174,524.023458,12.427095,1476.341439,24.584923,0.580076,0.4303,0.519655,170.466572,456.536038,25.854296,100.0,26.537924,17.761992,53.700859,5.375734,161.291746,0.257581,0.150204,0
102.051397,224.309858,556.744343,56.90891,1685.697498,212.452413,0.520617,0.663912,0.639737,461.24455,154.029308,22.740524,100.0,31.863398,71.926609,5.0,10.48966,107.471234,0.240712,0.211952,1
53.687377,107.77055,405.828265,27.112629,174.910315,271.64701,0.413862,0.695357,0.823671,106.784053,426.094772,25.798493,100.0,35.725828,51.48483,22.473368,0.0,94.830403,0.199467,1.849352,0
111.811758,184.451584,519.237505,17.357921,1605.583587,4.27087,0.632237,0.437103,0.447587,124.082049,306.081939,14.89512,100.0,27.82351,31.144208,42.174036,13.017645,117.953426,0.256682,0.430803,1
113.583551,136.761071,366.761013,51.566908,314.277407,80.189333,0.594383,0.890617,0.756773,137.868825,317.43606,32.354972,100.0,28.109458,10.0,60.0,6.879934,112.487264,0.31653,2.315606,0
128.06464,268.36582,328.234664,26.955742,329.392377,135.745931,0.470799,0.644684,0.694753,58.259784,268.070378,13.294807,100.0,33.787809,20.457529,49.638912,7.613576,122.198313,0.239196,0.227692,0
24.435502,294.229263,350.556872,6.931425,782.857149,182.454281,0.11908,0.228578,0.300221,99.381401,347.902251,28.763555,100.0,15.499367,68.121381,13.428568,1.604818,88.585327,0.139284,3.395442,0
227.939377,351.177164,432.67443,13.906786,740.896764,122.974306,0.391973,0.515986,0.646249,22.080272,927.219403,22.941458,100.0,28.424699,44.131223,29.992721,7.806472,121.280279,0.171929,0.114136,1
186.084681,296.999401,742.578247,40.158769,120.79136,233.639733,0.742663,0.473847,0.544326,228.500442,129.103514,36.730602,100.0,35.155795,28.173193,38.128421,2.878103,149.099392,0.311388,0.003581,0
64.391256,235.130909,287.266345,48.05979,1224.938987,81.503106,0.234355,0.672114,0.691344,123.133422,296.847213,23.986784,100.0,34.052309,29.762221,31.856012,3.060645,86.975597,0.194874,0.486057,0
173.308809,326.032649,487.554089,16.601391,1239.701212,9.173857,0.399912,0.531911,0.361136,216.338603,1378.767102,27.753888,100.0,23.743456,59.408555,16.491899,7.060975,110.427387,0.193239,1.187362,0
60.740294,274.435563,394.342001,55.456757,1427.020798,0.565578,0.393319,0.615015,0.629945,7.540933,667.087845,11.278348,100.0,26.487833,43.850689,21.942176,8.428484,122.083786,0.251727,1.285089,0
203.013019,297.916176,356.00923,51.804842,683.272335,124.384324,0.43714,0.580274,0.591413,50.063441,6.817285,31.175816,100.0,15.450123,30.665808,48.814504,14.401033,119.089835,0.227748,1.387564,1
73.326704,204.61455,453.582541,51.660941,880.208643,130.198608,0.547299,0.559112,0.563008,62.983924,898.103524,26.527724,100.0,23.458211,10.70763,60.0,7.229871,105.480218,0.287431,1.302781,0
29.908568,121.118763,575.756098,17.521363,884.786418,341.497482,0.552658,0.247473,0.317293,42.654023,15.129971,13.020054,100.0,11.431048,33.951984,50.324675,12.956354,115.025072,0.385375,0.735323,0
265.190076,298.043432,469.935109,7.779479,1743.997721,16.121057,0.455032,0.645574,0.83441,392.201908,90.618322,19.718358,100.0,29.336183,46.566453,28.40962,10.865046,117.479096,0.281223,0.535391,0
124.323487,163.964719,208.139925,52.708295,100.0,190.823422,0.192551,0.698963,0.583519,189.948234,302.767442,21.881796,100.0,37.021739,45.050363,14.386225,11.045157,37.027456,0.216563,0.50464,1
57.471378,114.638738,256.743469,21.819013,421.527826,208.012793,0.368942,0.360075,0.31179,306.257955,57.910077,30.300119,100.0,23.943038,20.784487,56.148471,1.653521,91.64216,0.159715,0.58297,0
214.997688,246.827868,361.345724,39.040401,902.770421,251.739004,0.451133,0.595951,0.507119,298.225934,388.152952,22.115784,100.0,10.0,36.83013,52.855587,13.960284,147.88685,0.259712,0.251156,0
112.733305,220.967432,363.773686,46.798179,357.214883,229.944456,0.499912,0.745248,0.726466,128.747265,42.803198,16.022585,100.0,41.467231,46.124509,12.024918,9.816448,108.909317,0.330691,0.492003,1
51.450811,229.867651,384.364987,12.056129,770.839821,2.930218,0.439685,0.355765,0.263062,22.599754,709.821508,21.024859,100.0,34.304933,60.035827,5.0,9.712876,66.088688,0.262802,0.103431,1
216.886684,279.925708,782.070055,47.946109,836.962232,227.468762,0.633639,0.392977,0.516456,84.840158,668.557481,27.049099,100.0,22.380828,31.347291,44.141389,4.848327,135.91672,0.294705,0.979395,1
127.659039,146.684084,385.976984,56.61813,571.156946,116.059658,0.393192,0.747944,0.743888,208.224763,37.793525,23.110896,100.0,21.887261,65.901643,14.474632,0.0,128.885978,0.208641,0.094084,1
89.518796,142.011723,379.388678,45.060623,932.234463,278.232826,0.508172,0.318252,0.276971,669.08513,704.512575,27.728448,100.0,41.857606,45.302112,5.449436,7.263439,94.440628,0.215877,0.022964,1
69.534973,148.469416,261.22031,29.267251,1214.074639,67.811539,0.148489,0.820539,0.715059,695.928497,739.597245,9.143207,100.0,36.790246,27.961836,38.335702,8.169309,75.214725,0.115623,1.52619,0
28.793643,198.747453,524.026906,53.217298,781.866777,257.834035,0.53694,0.749271,0.715975,184.362832,186.771483,34.736643,100.0,39.739445,21.067052,37.890592,9.761588,109.290786,0.236222,1.351032,0
3.309733,104.285669,456.135829,34.01017,673.402633,225.17832,0.51623,0.514816,0.481458,711.076735,7.841641,23.608766,100.0,15.334499,10.0,60.0,4.27422,112.418665,0.225968,1.047643,0
118.481519,219.289879,490.358976,45.962401,817.117542,234.824719,0.717174,0.346469,0.328382,478.807837,577.506091,25.706972,100.0,37.976019,21.226655,42.816636,16.417346,148.513236,0.360056,0.286011,0
23.061661,158.667065,413.5024,50.127827,896.281827,63.341167,0.391366,0.690359,0.808623,68.052297,63.385301,28.981147,100.0,20.426328,61.35678,22.136244,5.06754,80.433029,0.196568,2.126021,0
28.776131,217.052092,273.014303,46.214407,100.0,240.90264,0.319894,0.261205,0.308692,1421.037982,209.320039,31.386331,100.0,16.406751,30.153117,51.212245,5.32138,75.223876,0.220932,1.679866,0
59.896394,322.99041,555.155006,20.832018,1130.776959,265.312227,0.740642,0.558636,0.599007,106.766525,177.922853,30.713629,100.0,31.652771,11.236228,55.822587,5.878934,180.119415,0.343336,0.040485,0
61.160591,124.387335,553.109712,11.481415,674.499385,176.187694,0.511311,0.549873,0.483221,217.759563,347.383418,19.064061,100.0,37.305689,23.841002,34.131334,0.0,129.063893,0.364471,1.12466,1
32.682486,127.599851,367.391057,18.108619,1530.767537,122.531646,0.519753,0.607547,0.566444,617.090428,148.980676,13.789308,100.0,32.368993,37.988719,30.792189,3.663883,115.809981,0.252061,0.071467,0
118.397383,181.526278,478.823699,32.658122,1195.526738,59.959746,0.546266,0.704645,0.584157,274.180271,210.356065,26.849997,100.0,32.869202,31.787631,41.453754,4.371613,106.793814,0.302128,0.311942,0
11.665014,142.408,285.652318,32.790231,1485.033202,104.385789,0.320703,0.839599,0.800553,138.035007,487.454158,31.022147,100.0,19.158333,43.337067,35.906355,6.53432,80.847794,0.159463,0.397319,0
116.643609,135.499974,241.462303,37.045439,394.498103,274.97821,0.350405,0.800693,0.817751,511.384883,512.121684,26.87829,100.0,10.284504,31.955719,57.035648,6.186699,82.89417,0.185532,0.473449,1
54.189419,364.148172,438.188935,26.730601,714.306679,147.384261,0.457709,0.727265,0.624663,1124.203483,148.03914,11.359618,100.0,36.936999,27.768936,36.726209,4.276098,131.862171,0.236836,0.575906,0
31.087479,171.819173,557.240914,48.279026,278.770756,252.976767,0.799436,0.568181,0.667723,80.477945,40.617862,36.204533,100.0,34.636373,36.23544,28.864822,4.404064,155.649139,0.37147,0.431372,0
13.1004,138.903138,304.47422,55.223456,547.404396,266.432877,0.152247,0.662131,0.685401,317.707977,109.384343,20.766387,100.0,26.572925,19.125802,56.717214,7.318119,48.701246,0.128811,1.011768,0
79.314348,132.994056,487.123874,18.569878,1526.052712,242.701281,0.485809,0.737422,0.813183,215.326069,700.412432,29.063704,100.0,27.013012,40.043477,32.806034,10.281871,98.406194,0.211503,0.098343,1
21.193102,92.363183,222.85547,45.508777,1643.745289,242.473833,0.264112,0.44534,0.535005,356.418361,166.015269,12.483404,100.0,33.026553,21.341134,48.576061,2.05486,66.566377,0.21416,1.291707,0
17.967819,49.835798,419.167218,42.288452,325.933353,219.890954,0.442893,0.716852,0.803788,519.608922,347.236444,32.318318,100.0,27.368527,34.257031,36.983768,5.082207,113.538663,0.259695,0.631513,0
184.167049,235.385821,425.745532,33.769977,670.861166,186.631912,0.569926,0.567625,0.620543,1021.518776,129.952138,29.924166,100.0,39.733354,42.295613,18.260993,11.64712,155.845704,0.330602,0.214723,1
16.039372,204.327739,346.600992,15.369163,861.902164,71.214007,0.349907,0.477716,0.462487,55.227025,107.250785,21.345408,100.0,40.206336,31.361447,25.566033,4.589805,100.141135,0.203695,0.296222,0
11.380826,34.485454,177.635804,48.737774,1192.802821,303.409219,0.300194,0.51914,0.547191,648.077694,574.229964,31.665132,100.0,31.011618,36.805303,30.245856,11.144984,72.294465,0.253353,0.387484,0
109.736345,461.519382,779.001688,57.834446,100.0,347.135102,0.785298,0.202731,0.181953,64.251192,82.913539,25.03795,100.0,29.488156,48.244222,22.610141,0.41132,171.860821,0.347485,0.746361,1
84.526358,297.732617,537.121326,44.700998,100.0,167.934264,0.640401,0.412989,0.395294,389.718519,532.643041,28.966472,100.0,34.910171,25.634998,39.463261,4.279212,141.62788,0.230809,0.744052,0
41.064101,165.009119,483.792595,55.4823,1144.813072,335.965952,0.497505,0.625065,0.812008,5.0,103.696196,23.256838,100.0,10.0,64.103244,28.8428,6.092921,111.647329,0.260648,0.118793,0
26.953191,75.091244,500.045006,59.13019,100.0,359.278034,0.557259,0.344905,0.332533,745.996807,529.364803,19.696642,100.0,31.273065,16.980338,52.752034,8.445842,125.648567,0.163909,0.240505,0
34.788554,192.516313,349.52626,24.362787,676.601297,175.030529,0.384753,0.529809,0.589811,80.976632,699.608871,34.836704,100.0,14.294394,56.863413,28.487279,3.223268,93.660457,0.226269,0.616146,0
42.112616,189.594953,463.865776,40.102295,981.045904,260.767935,0.395681,0.768593,0.9,131.52577,54.487608,26.810856,100.0,36.627909,44.064543,17.893881,4.193258,87.988586,0.232178,1.625653,0
100.339329,162.555031,335.175484,31.066301,1107.832985,231.764522,0.544803,0.69058,0.672463,469.442518,228.762758,15.644603,100.0,41.933563,44.68477,13.839245,5.733477,116.222687,0.167498,0.266625,0
80.847866,219.38335,354.342233,59.264581,829.140952,85.415334,0.324973,0.434176,0.429083,138.18677,46.669289,24.872787,100.0,10.0,53.377228,39.431956,6.431466,105.642234,0.1,0.931359,1
49.091534,127.786396,369.442911,10.15943,717.12164,16.9522,0.366178,0.234343,0.222568,15.272302,731.325877,28.173819,100.0,39.416131,37.539355,21.014385,8.609149,97.941443,0.157041,1.189893,0
48.612757,65.900481,121.445997,27.68062,1322.28543,163.207912,0.117547,0.955477,0.9,78.438885,632.61368,30.65016,94.774097,30.837806,40.463147,37.007958,6.199428,49.129708,0.117596,1.12141,1
113.534005,147.45854,487.945498,53.154647,1042.602963,283.393799,0.554956,0.504134,0.558653,376.748376,372.456804,36.832525,100.0,37.462207,38.63668,19.826758,7.490355,118.35964,0.209164,0.635603,1
30.973667,239.093966,462.668384,20.622822,576.491689,117.048479,0.445452,0.374825,0.454223,204.674257,291.174696,27.724201,100.0,42.946132,51.119831,5.0,5.081616,101.383579,0.299309,0.268151,0
12.553879,81.381415,191.113074,48.328607,918.861448,282.39794,0.41397,0.427096,0.43037,274.013329,313.011261,19.612084,100.0,34.429543,53.991239,10.194308,0.148652,87.217119,0.168327,0.972261,0
170.098395,225.896618,453.003425,26.053074,1091.584511,235.728606,0.538448,0.72771,0.764686,104.593806,105.266947,22.689203,100.0,33.533408,37.521575,31.75513,5.362093,116.11453,0.311187,1.557154,0
49.145435,157.011994,198.67684,58.89882,1759.118621,250.394887,0.241191,0.792546,0.576666,392.379685,208.831568,31.824756,100.0,19.223371,31.900347,53.256222,4.715425,60.046983,0.1,1.542733,0
246.695853,258.403934,330.450269,53.594141,1293.161834,102.86672,0.289908,0.501545,0.514302,178.648556,186.391988,19.813927,100.0,22.40331,20.886258,55.710289,15.960244,79.384644,0.249844,2.438505,1
43.152667,142.535343,214.936753,21.57262,1507.278428,169.217058,0.271626,0.667525,0.670059,225.407706,108.577105,25.232858,100.0,54.036332,40.738926,5.0,9.690431,72.492338,0.214464,0.256272,1
66.509321,179.502639,245.531736,47.360621,594.696302,65.413368,0.360705,0.257847,0.331067,107.233161,892.342871,21.103876,100.0,42.945901,29.870941,24.462215,3.88864,99.021804,0.122768,0.108477,0
28.538427,183.258389,343.40683,23.52711,637.908547,88.76899,0.387307,0.681139,0.767811,197.641628,121.602728,22.108238,100.0,37.096029,10.0,55.771935,8.810033,97.504953,0.220202,0.628761,0
81.901885,121.898739,348.275146,38.349956,782.310004,32.346016,0.381998,0.074063,0.211486,1500.0,517.337056,22.62215,100.0,21.464095,35.503855,39.355409,7.207597,87.787297,0.241072,0.077967,0
49.683837,110.981339,883.570388,41.216442,828.213677,45.638426,0.748988,0.768641,0.799828,51.737898,135.011949,25.364806,100.0,35.91152,38.403307,26.581156,4.779434,148.894799,0.415825,0.974369,0
55.054564,166.133881,540.184759,50.627747,395.987521,75.784853,0.783472,0.586624,0.608503,60.803065,24.463406,23.170651,100.0,27.221926,50.344432,23.600866,4.389937,137.301581,0.278761,0.293793,1
72.541052,115.863087,147.602184,6.344796,1532.966813,208.884316,0.205351,0.964208,0.882079,484.21496,522.134257,14.317856,100.0,56.499729,37.146885,7.397811,2.804171,32.06717,0.236512,0.498894,0
44.044224,161.847236,672.235587,17.108684,1341.675819,158.836003,0.533949,0.310922,0.336891,45.899075,90.560876,31.36707,100.0,47.233855,21.003436,29.402195,3.216665,95.236294,0.254653,0.8475,0
79.821473,187.456519,298.299266,44.15548,747.161069,96.098225,0.24605,0.340821,0.379486,340.197266,319.462635,30.661359,100.0,22.834375,53.81337,19.592536,1.028023,83.89966,0.279042,2.309438,0
35.280968,45.930374,306.872899,35.993778,1220.855325,310.000481,0.326432,0.882143,0.869753,15.96213,35.772316,25.248086,100.0,23.934165,10.0,60.0,4.06079,99.525196,0.276114,0.803442,0
76.554188,261.931799,425.413319,32.258279,1011.449582,189.053169,0.656079,0.444873,0.46036,66.625318,82.304519,31.521166,100.0,29.517747,12.819634,59.524231,5.844002,139.967527,0.140765,0.040017,0
9.827388,54.189588,585.167437,8.036548,1259.91399,332.319411,0.580352,0.443612,0.374317,154.67219,243.529548,28.455207,100.0,46.191189,33.15497,19.53746,0.0,120.742879,0.316404,0.445254,0
16.04097,117.411702,471.436121,24.155174,227.846438,228.587386,0.463241,0.464635,0.357269,35.074725,311.257998,28.781611,100.0,44.109206,32.279167,25.521994,1.719372,78.848203,0.232767,0.682006,0
28.068801,340.922382,824.54782,52.580513,827.169463,5.683535,0.885335,0.516936,0.52769,586.607822,132.506539,25.958309,100.0,10.0,33.26235,56.298335,4.201267,165.394303,0.435267,0.650206,0
19.9648,68.63286,339.147746,6.699106,870.980736,328.851249,0.480044,0.655167,0.740817,25.808244,298.816649,28.554428,100.0,36.622207,23.753171,41.429526,0.0,98.630962,0.276677,0.378805,0
21.738267,157.996862,288.019884,26.803993,1211.82105,308.686801,0.410726,0.540681,0.560327,124.915728,22.225668,17.842743,100.0,44.796197,52.167125,5.0,8.754414,119.708403,0.23926,1.051524,0
95.713181,459.961304,756.922084,56.983156,585.781199,228.69764,0.763371,0.670757,0.661894,173.723442,400.282641,22.054949,100.0,29.657562,33.715913,35.958813,7.945937,181.303281,0.383079,0.207897,1
50.874508,201.630434,626.724933,7.79844,100.0,192.51848,0.522283,0.190662,0.306701,61.804581,544.484237,15.261905,100.0,38.076414,14.884945,52.15374,0.0,95.283266,0.212724,0.167394,0
44.045696,256.157256,353.511422,46.233816,359.150141,163.053386,0.325383,0.500646,0.53208,43.585121,57.328348,16.898731,100.0,52.876292,42.730914,5.0,8.333985,87.260465,0.101638,0.334414,0
80.413853,116.608211,364.99546,19.168694,869.476007,173.582944,0.251153,0.590005,0.718018,264.544301,43.10372,31.514836,100.0,47.344856,24.173894,29.55954,2.040039,49.788291,0.199547,1.713976,0
85.319614,347.06604,675.978956,52.663486,931.942113,276.919431,0.652186,0.185293,0.159996,153.888366,29.018197,26.531583,100.0,37.38774,21.458263,41.075145,1.996741,157.371846,0.323167,2.98585,1
39.620285,57.295117,178.522704,46.033739,1741.874061,184.730977,0.209278,0.511961,0.608687,525.018835,202.351026,21.038786,100.0,35.741225,35.235635,27.499537,5.339725,42.963558,0.213161,0.741244,0
140.258439,283.891409,427.729032,53.713784,1191.37322,63.368892,0.410725,0.285924,0.320009,5.0,143.354167,18.220381,100.0,31.607794,62.33356,8.551823,15.737601,126.024818,0.252926,0.135591,1
53.433523,151.684274,325.38069,16.875863,940.76514,20.943924,0.4045,0.879586,0.9,178.118086,794.015795,15.725196,100.0,38.163903,10.0,49.807758,3.920636,81.348411,0.19863,0.097324,1
102.756953,179.743376,429.790902,34.221102,883.804362,45.427059,0.399603,0.428978,0.540036,304.99873,1085.654323,16.736382,100.0,29.849526,10.19219,60.0,3.986883,84.043827,0.235821,0.416692,0
35.231214,101.965467,292.519371,47.859847,1452.091691,90.518799,0.314595,0.837437,0.841913,209.171642,8.306311,20.271113,100.0,43.596904,21.828812,36.716271,8.51802,102.077471,0.258499,0.422803,0
77.935785,231.108637,435.401232,18.513486,604.944774,132.384284,0.421458,0.625821,0.720123,28.442096,109.145165,6.961591,100.0,20.715405,62.947076,12.20402,1.603329,84.889229,0.237275,1.232993,0
110.141414,163.923691,730.634945,17.691047,829.858106,321.269764,0.717855,0.847037,0.735952,130.08235,118.961618,29.418423,100.0,25.253227,18.39509,58.760583,11.652754,161.961044,0.227001,0.11299,1
100.730812,170.401355,355.860661,6.495017,355.37094,86.071404,0.438945,0.711923,0.612939,128.606138,314.283756,25.875538,100.0,27.595153,52.740199,19.985463,4.134345,89.34805,0.305555,0.908037,0
93.781509,238.144513,699.553284,57.718341,1609.453024,115.055481,0.560167,0.587727,0.501062,392.289698,730.673955,26.507695,100.0,45.549723,49.973231,5.0,10.555238,112.4542,0.223376,2.047653,0
33.617846,240.075924,964.697262,44.050928,1096.249469,80.285234,0.965314,0.188289,0.183818,251.159282,13.402191,27.812194,100.0,40.818305,53.991287,5.0,0.0,200.0,0.388097,0.752334,0
19.012855,109.302863,213.735225,39.955819,546.238352,196.467055,0.3081,0.658113,0.638247,45.120816,592.70029,23.800046,100.0,35.36743,21.474008,40.702243,4.893314,77.651354,0.135609,3.823477,0
16.666071,285.397531,645.621312,45.91971,842.772495,222.151211,0.690641,0.696066,0.717439,359.35738,253.30657,25.293513,100.0,35.898327,37.543169,27.603104,0.743032,136.175421,0.331422,0.373456,0
42.191684,154.668386,291.145229,34.238711,1154.825382,191.565911,0.360797,0.580951,0.545234,100.231074,14.593797,23.736722,100.0,10.087825,47.286006,48.407976,3.745711,80.995821,0.186826,0.616937,0
39.504851,144.233425,494.131435,31.18736,774.640544,342.668394,0.556168,0.866604,0.742807,231.667096,122.267364,32.715916,100.0,39.188551,42.365949,18.387367,5.509591,93.822686,0.30739,1.067731,0
86.431918,571.996396,704.99909,29.724273,632.764689,358.336086,0.657683,0.534397,0.619925,13.914744,25.668613,18.563219,100.0,19.835966,80.0,5.0,3.926866,153.379222,0.354621,0.14373,1
64.409923,194.353102,222.4785,40.224157,572.863157,301.462556,0.333444,0.717734,0.689681,277.394081,234.648667,28.976699,100.0,24.500618,66.724652,8.71362,4.000232,93.706581,0.116907,1.352133,1
17.205248,352.056052,668.653155,16.084424,1069.48095,289.906612,0.782812,0.482976,0.627162,227.14831,82.749646,17.520402,100.0,60.0,54.979571,5.0,8.63798,160.435241,0.24397,1.90315,0
124.900282,584.315415,792.914216,53.843228,720.97286,131.779,0.724439,0.695939,0.736109,448.024198,120.698973,16.99677,100.0,37.259529,47.787323,16.596287,0.0,200.0,0.303007,0.919528,0
74.585067,112.035552,547.727978,49.64638,673.121133,208.722062,0.519659,0.386369,0.398541,5.389506,88.514332,15.135297,100.0,33.340984,49.027766,16.31916,9.879564,97.085599,0.307906,1.889099,1
31.494193,84.549228,216.098416,24.225999,231.969122,126.530071,0.346734,0.514343,0.496088,7.261279,1.940133,12.414323,100.0,29.294487,54.093641,7.879258,3.058569,62.993542,0.219345,0.188608,0
36.807071,58.636409,242.751484,36.823511,938.820288,282.368105,0.250938,0.584243,0.537273,20.8267,46.869973,25.508945,100.0,45.465085,65.036967,5.0,2.315813,60.072715,0.205026,0.439069,0
169.223422,330.302335,456.842096,12.756501,809.388281,61.85921,0.416392,0.688159,0.590539,387.73031,38.868874,17.795082,100.0,19.749085,24.217123,55.120052,4.424258,106.837471,0.163731,0.036107,0
19.966316,182.739166,252.853651,58.479044,739.175826,78.001817,0.357143,0.4094,0.528619,115.816618,297.938353,25.937298,100.0,25.537962,55.937831,15.222931,7.111546,84.807046,0.143255,2.95437,1
175.650324,239.198532,482.860756,54.659098,999.385339,13.929866,0.467385,0.488204,0.425781,40.531372,977.144181,33.799452,100.0,44.42003,41.334687,13.448244,11.719126,99.505153,0.280157,0.671457,1
49.749794,59.492489,244.258736,55.704363,1274.001131,219.218282,0.429795,0.509187,0.372018,205.959856,72.340551,21.233849,100.0,31.72642,53.948258,18.012379,4.141172,92.406042,0.172864,2.477597,0
52.708399,187.265709,227.295378,23.268968,1250.782736,247.873773,0.24658,0.669367,0.706406,392.623009,121.91334,26.188434,100.0,36.029507,38.582824,22.778374,5.510176,71.54585,0.182091,0.381122,0
80.767663,104.761323,549.879476,14.302409,1176.36425,1.210423,0.485486,0.351171,0.398206,345.21756,226.024465,30.183652,100.0,25.063028,30.095957,44.464803,0.0,119.866687,0.169939,2.234384,0
12.176442,97.129191,298.565921,16.647469,779.664861,183.882875,0.353302,0.721658,0.712074,134.455055,284.744094,25.732161,100.0,38.156271,30.369422,30.161195,6.81447,113.709124,0.192323,0.944502,0
74.334641,241.686168,365.443486,9.950077,616.500832,135.674834,0.45417,0.42706,0.439145,365.718648,319.489535,24.744851,100.0,25.840484,39.247917,30.761069,4.910297,102.13423,0.201893,1.494104,0
108.509839,218.822696,538.277072,11.606085,378.042179,285.257081,0.589567,0.756149,0.77359,330.514494,339.839437,13.901916,100.0,13.988373,45.843881,40.935119,0.0,127.760214,0.315889,1.622367,0
41.178578,246.44812,627.245854,8.921749,603.421746,14.000669,0.68705,0.846802,0.732008,406.812656,24.200844,24.718507,100.0,42.59342,30.775931,26.4392,7.621639,183.842713,0.237312,0.070511,0
60.198267,141.394134,217.914651,59.440269,909.825048,17.483648,0.229912,0.99,0.818872,141.158116,489.724206,27.66456,100.0,21.775068,14.090199,60.0,8.588523,42.775654,0.205701,0.407484,0
250.506381,305.67585,372.36275,9.073173,506.856939,223.275276,0.530058,0.824803,0.850837,292.70949,15.212953,34.862605,100.0,17.735596,48.178217,36.205456,9.217481,152.708545,0.270717,0.645372,1
117.44375,163.946486,307.912553,12.289814,948.02857,212.989988,0.196191,0.77825,0.593274,52.328497,136.525787,21.802565,100.0,20.773659,35.689089,45.989491,1.905971,76.064207,0.191534,0.534067,0
25.974783,190.223129,444.80865,50.499003,417.271661,299.192408,0.400002,0.569861,0.598307,326.532589,13.361951,31.334504,100.0,32.295579,10.0,55.197461,0.914714,72.587571,0.180943,0.385127,0
38.923896,132.085886,626.809931,36.913212,100.0,213.21608,0.636625,0.615229,0.554696,260.177343,88.124282,20.27681,100.0,23.453094,11.898772,60.0,1.810938,120.051588,0.343093,0.530125,1
48.42156,101.249649,115.190173,47.592946,1309.70306,341.773498,0.1282,0.009181,0.092861,311.964573,96.036378,29.597097,82.59007,52.055978,42.113577,7.491094,17.254289,77.772604,0.1,0.429089,0
123.011644,253.007717,843.488797,39.70016,662.792702,113.178471,0.785995,0.404832,0.475508,154.985538,153.256939,19.005698,100.0,43.904097,48.053215,5.0,5.815452,169.442821,0.426256,0.475222,1
25.880858,45.669592,261.526944,53.519629,481.483173,143.251706,0.224132,0.601667,0.627701,50.724103,383.326342,24.749551,100.0,32.975136,55.420355,14.995384,8.558124,48.699143,0.1,0.606733,0
100.940905,204.482945,628.766627,40.115714,353.076429,351.96288,0.613636,0.550776,0.484267,7.433389,228.248442,20.076348,100.0,21.504418,29.329683,48.831742,9.838033,116.790386,0.21388,0.088931,1
101.442765,222.528009,628.091884,33.71688,1111.517987,38.708728,0.680186,0.557294,0.540678,362.094464,152.044338,24.047001,100.0,42.291635,27.357698,27.647619,13.504516,118.094247,0.314074,0.063882,1
63.364059,196.646576,381.58494,44.201233,1587.453856,286.525747,0.370792,0.627355,0.758933,18.774677,482.052897,24.029488,100.0,35.200634,46.440848,18.04602,8.120325,99.204884,0.217227,1.054087,0
126.087979,395.984908,537.566256,29.606601,698.463069,4.164737,0.469035,0.680048,0.786721,326.061936,210.866692,24.555846,100.0,24.068419,23.917299,50.152016,1.768259,146.969028,0.253314,0.03484,0
28.528441,106.289548,373.018334,24.03351,792.218313,175.14477,0.370974,0.398378,0.536646,63.830104,37.13903,19.233603,100.0,34.413153,24.442163,42.160136,2.321249,94.817461,0.239349,1.978328,0
145.02056,267.417745,487.101683,30.720885,1435.81592,55.224841,0.624423,0.811743,0.786371,231.585464,447.692854,23.71493,100.0,34.132627,40.68509,23.990261,4.212949,139.103174,0.228149,0.201732,0
9.23056,146.238637,264.669,14.334276,100.0,215.590213,0.434526,0.392557,0.380797,236.370515,447.909471,26.057203,100.0,23.435042,41.965089,39.748669,4.488055,104.902347,0.318435,1.157846,0
25.737615,119.766006,304.951943,48.811445,1883.434321,287.341189,0.311398,0.545019,0.534793,32.346829,291.762864,22.03799,100.0,16.444417,46.362582,42.356293,8.773616,74.513288,0.183913,0.472659,0
9.520586,43.249926,195.424243,19.338708,2122.050151,11.895229,0.316939,0.760563,0.751184,680.8808,164.127206,18.784951,100.0,45.057644,39.402087,16.30324,6.346585,80.130744,0.228574,0.309103,0
30.16092,205.468685,402.9554,13.444235,100.0,58.958182,0.440679,0.519677,0.580395,79.512206,99.524868,19.500162,100.0,39.789379,21.581527,40.343931,6.590359,82.505414,0.237682,1.18839,0
102.846577,112.405609,492.698652,18.549373,851.248386,123.339737,0.647199,0.538669,0.5252,313.017438,269.976074,29.944197,100.0,30.331803,31.873701,42.869526,14.213448,108.763347,0.354787,1.185349,1
83.517639,119.309732,270.616249,51.313858,540.526484,92.087628,0.34918,0.654018,0.539402,704.917885,291.643329,24.048194,100.0,37.642792,38.870802,22.505232,11.248495,73.42898,0.384188,1.548921,0
73.815696,149.834687,384.852314,23.161071,767.614115,137.95916,0.406969,0.592244,0.546795,122.628199,162.641114,32.379503,100.0,41.669609,57.866584,5.0,0.0,73.816834,0.171704,0.440676,0
29.690491,65.370777,248.065288,42.732743,690.807465,342.672588,0.470843,0.262199,0.355862,30.18854,78.596302,22.544559,100.0,27.323363,48.619022,25.877031,2.556698,120.786084,0.249184,0.561903,0
59.360346,162.62486,343.801161,52.10253,1305.879549,36.434206,0.299851,0.134057,0.160902,227.880756,465.882722,23.103747,100.0,28.292184,40.297,31.252768,13.565228,74.987384,0.175509,0.77654,0
146.081879,365.137662,527.869169,9.275957,843.715047,152.381559,0.580609,0.511649,0.56197,23.918162,764.195899,27.218872,100.0,51.093113,47.987486,5.0,4.075978,142.211713,0.347909,1.142822,0
30.937915,373.80167,645.6444,47.076342,444.546393,164.552894,0.785405,0.462276,0.391796,83.616946,220.595731,27.320317,100.0,24.699528,58.275075,16.028719,6.631381,188.271135,0.389228,0.134498,0
32.337967,127.707364,146.673642,21.921601,813.907419,100.923139,0.291289,0.557842,0.642483,34.656572,311.492816,32.024195,100.0,52.588266,16.961986,27.496134,1.641907,65.831439,0.233032,0.521743,0
33.661857,162.984772,437.770957,16.91423,1157.392118,100.262361,0.395821,0.752391,0.737928,294.852398,5.445127,11.019776,100.0,60.0,38.194865,5.0,0.0,72.239869,0.197201,0.239445,0
70.706743,173.54831,398.322477,42.88958,308.139336,257.310778,0.356907,0.807605,0.835138,165.439096,217.187894,26.853228,100.0,34.892263,11.67965,56.998267,7.602059,77.913441,0.242901,0.105818,0
95.982501,187.377553,402.191366,55.038814,100.0,222.423783,0.301014,0.71685,0.779152,153.691992,99.211617,17.608957,100.0,13.080026,37.924978,50.175663,12.562791,75.365496,0.140825,1.596308,1
113.148155,204.962042,506.142486,21.226056,1896.3714,292.619527,0.678513,0.451806,0.435276,13.316706,150.02323,23.253277,100.0,30.895672,30.033305,41.803907,4.994723,145.715884,0.28976,0.189068,0
48.309189,350.264767,395.126307,36.285859,578.78666,145.82636,0.322568,0.424225,0.442007,225.80221,149.979147,17.329362,100.0,32.830819,59.368381,5.104826,0.0,88.700423,0.248681,1.51815,0
44.431651,57.01649,429.35093,20.940876,831.323507,218.41597,0.536288,0.380461,0.320975,238.706912,445.052237,25.275795,100.0,31.088458,56.269353,14.046868,3.389568,103.690479,0.314229,0.032426,1
37.344428,223.064041,382.207758,35.485707,701.102297,321.691731,0.282225,0.470246,0.509342,385.437081,312.631011,17.588069,100.0,46.334649,70.55162,5.0,3.951143,85.304206,0.230595,0.894137,0
91.422678,139.591148,292.14996,39.202412,1174.043852,306.47825,0.604037,0.311479,0.406147,158.072724,294.134066,12.578628,100.0,26.670235,33.439079,37.96365,6.495815,120.487396,0.248187,0.668942,1
12.739361,95.324392,194.469101,38.568446,1786.394962,331.208421,0.130009,0.733393,0.749982,279.474151,521.394719,17.038852,100.0,36.959733,41.939945,19.660972,2.261807,72.633927,0.162284,0.887424,0
54.034287,88.158292,197.631742,39.29505,1189.966921,96.831008,0.272239,0.768469,0.748464,352.640797,169.860635,30.822103,100.0,36.383285,37.105844,30.91252,0.0,74.950145,0.12578,0.904951,0
54.333668,85.852684,129.109445,12.429389,140.817426,354.751626,0.330949,0.772314,0.723482,116.3627,583.504139,27.995354,75.302339,36.74747,59.054821,5.0,0.528138,80.441275,0.198695,0.276303,0
102.516471,308.536042,511.428815,43.144726,207.938286,293.90037,0.464407,0.226322,0.241226,10.88205,10.503538,31.589677,100.0,21.656637,37.550893,42.951981,3.240016,137.552651,0.283274,0.518341,1
17.391022,75.072834,205.851156,42.11127,700.517612,286.13081,0.331351,0.508098,0.440655,267.191,162.506906,12.216882,100.0,42.226456,22.701459,32.594033,8.090842,84.018605,0.213711,1.246299,0
108.567063,208.883512,543.34872,42.542347,765.8834,240.328296,0.533663,0.580287,0.687592,211.020367,24.559464,34.657193,100.0,20.914238,10.799101,60.0,7.326249,84.841145,0.327163,0.033967,0
87.160139,228.701606,472.058526,9.07388,100.0,353.97647,0.540069,0.760474,0.682096,22.719755,216.402669,38.280567,100.0,36.329825,58.16738,5.0,7.299575,143.264219,0.191477,1.397229,1
212.205393,481.495793,701.498982,29.576136,1309.67046,158.962762,0.804351,0.382663,0.337137,658.035784,20.214766,17.705413,100.0,37.558896,43.278776,18.715785,7.504105,172.785295,0.339794,0.561916,0
184.683329,217.283229,358.49018,27.496932,356.839721,266.95415,0.36188,0.334022,0.369502,6.54224,133.376533,26.231952,100.0,21.010921,41.110468,39.328654,5.785727,96.613267,0.141133,0.801416,1
138.640575,419.809599,588.321785,9.769132,1646.650781,251.572064,0.749765,0.635867,0.552014,486.517571,184.951566,20.225166,100.0,20.145037,62.664245,25.620307,4.200294,159.120708,0.322671,1.489788,0
6.251151,125.226069,609.643695,17.230236,1810.316299,263.552006,0.65344,0.30746,0.282563,248.211404,106.066876,28.645528,100.0,28.105042,40.394955,30.06655,0.0,134.689817,0.307826,0.422081,0
19.308871,134.495885,274.279056,29.252945,775.873234,270.527333,0.527984,0.614234,0.512051,104.699599,101.738779,33.867188,100.0,44.267038,14.302049,41.609188,6.334417,98.034137,0.266409,0.321199,0
126.454229,203.590952,219.684878,45.859847,1119.48632,68.672121,0.203538,0.305405,0.367558,124.718651,78.877007,18.100216,100.0,36.674586,17.995106,49.167613,0.556484,70.773334,0.194841,2.050423,0
52.929822,120.990805,284.272843,18.038414,284.026389,125.658529,0.277424,0.644949,0.69956,230.536447,200.357334,16.09496,100.0,43.499937,47.705966,9.250185,2.862402,86.343273,0.22395,0.149432,0
184.473688,205.289827,294.430838,50.636245,1211.838163,141.211438,0.32704,0.658947,0.614969,9.554376,923.024635,22.427741,100.0,44.363611,49.461846,6.516199,8.122968,71.303606,0.169364,0.356617,1
64.630085,295.032074,448.952909,35.018906,650.903788,269.279933,0.360345,0.463886,0.458502,198.787684,397.558065,40.0,100.0,40.225137,73.789049,5.0,4.454603,89.033202,0.228823,0.906797,0
99.844046,129.855262,325.496348,46.823193,356.382339,257.849271,0.46926,0.331217,0.446394,114.136519,81.666484,29.04183,100.0,31.606799,39.333873,33.084043,8.940803,81.08823,0.327592,0.289165,1
94.501802,155.604259,245.988338,30.990579,755.332506,300.011834,0.301506,0.905791,0.756183,26.890641,190.982928,26.997685,100.0,10.0,68.57355,28.172805,0.0,103.812464,0.26611,0.025703,0
63.248701,269.686011,310.010769,32.455682,667.125996,283.866897,0.248897,0.459477,0.319331,334.046527,626.861319,30.163103,100.0,39.524467,20.661889,38.1952,6.94734,80.591378,0.168734,0.331408,0
128.007541,218.153557,383.700303,39.084566,737.420298,214.572197,0.343866,0.234174,0.218859,68.940543,10.149851,31.001863,100.0,57.789141,26.924671,18.117763,8.104716,89.317271,0.228607,0.428746,1
105.83669,143.658575,587.240263,56.038383,1374.839951,50.381455,0.512158,0.468291,0.523243,10.26529,108.124436,26.009095,100.0,23.843379,21.282253,55.272677,9.802202,96.650501,0.257787,4.166062,0
21.31662,198.559838,387.282082,32.049692,507.346204,228.763893,0.521556,0.175788,0.228929,75.945842,1157.729825,23.682783,100.0,31.577111,42.36166,25.959571,6.220081,107.83207,0.147011,0.244876,0
262.265346,330.825387,560.139248,34.076165,1767.5115,319.341342,0.621836,0.361555,0.330612,195.358458,372.154113,20.530211,100.0,51.554951,58.212206,5.0,9.50109,115.883702,0.234524,0.671004,1
19.334683,79.656395,227.887042,38.109833,237.470184,231.542771,0.280447,0.757098,0.642177,376.416114,913.310578,25.314485,100.0,37.8382,36.184586,28.375354,5.23821,78.001703,0.152942,1.421828,0
32.211524,63.450726,320.27815,45.563333,1707.715137,322.425514,0.335707,0.494179,0.282561,120.497475,97.996464,30.865751,100.0,37.188843,23.883181,39.292098,10.954816,62.029192,0.175647,1.850355,0
98.571902,163.330202,467.159064,8.951768,391.744689,359.659087,0.473212,0.5243,0.548412,79.752767,103.223163,30.505633,100.0,27.41524,49.104618,21.191699,0.0,106.812277,0.226213,1.516817,0
85.097057,160.596604,553.15624,33.362809,899.493384,129.312804,0.748294,0.156584,0.185064,289.629136,568.579139,20.7004,100.0,35.119317,36.992027,25.642672,11.780024,153.128,0.30494,0.493814,0
112.529836,251.963618,719.035579,31.487537,654.901943,260.38429,0.68779,0.303943,0.317175,120.936674,79.19364,23.31534,100.0,34.192295,49.392991,13.185813,15.370757,182.071997,0.318596,0.911353,0
51.436,103.365483,342.589227,55.692674,728.135664,194.385108,0.476956,0.631447,0.59876,275.977725,91.122881,16.821964,100.0,36.529385,37.622535,26.091005,10.186811,81.321947,0.2351,0.236887,0
89.965709,324.929392,724.633957,32.142862,1300.678618,163.789848,0.683008,0.523026,0.591399,97.044053,342.432624,30.449904,100.0,19.375926,37.548985,45.202762,5.146686,155.96912,0.28305,1.034254,0
34.356494,244.644872,580.286181,30.757629,1649.913399,86.352148,0.761493,0.455918,0.564937,182.246981,202.560651,27.111217,100.0,58.551704,71.490915,5.0,4.566511,151.972781,0.314743,0.018431,1
64.612015,274.883794,535.88205,57.920999,1495.262352,88.529255,0.433581,0.579769,0.598401,44.261266,307.634677,22.354584,100.0,32.189919,22.228487,47.264318,11.317629,81.577128,0.197726,0.244163,1
169.069002,281.833435,467.728324,29.781705,697.571834,66.590023,0.578272,0.731374,0.706582,181.371456,56.141952,21.472307,100.0,20.969133,45.713964,34.25828,10.982686,172.547285,0.338697,0.072649,0
19.224123,188.425408,218.644323,14.948644,992.127611,227.334062,0.209908,0.644501,0.50736,63.771033,151.930905,18.181959,100.0,24.256442,50.55573,28.874136,4.546365,54.485445,0.179991,0.597856,0
133.799823,292.352425,931.796251,16.930387,508.961063,51.139115,0.99,0.428607,0.514958,104.991529,36.842413,24.494195,100.0,19.824883,55.925496,20.271656,1.985623,198.391204,0.405184,0.22921,0
54.687624,249.731453,454.68143,10.235315,404.224844,155.299129,0.556214,0.51935,0.428998,584.175442,325.494314,32.97606,100.0,29.205597,21.504567,51.084051,9.510855,127.537666,0.311803,0.070993,0
27.645941,235.315419,372.745759,5.031247,326.849547,188.399966,0.246455,0.749463,0.75764,514.339167,307.022483,19.303796,100.0,28.460095,45.310882,27.75452,5.197885,84.661523,0.14301,1.535169,0
29.577705,192.9328,330.725208,28.757011,681.213347,157.764412,0.28797,0.492542,0.512061,34.339889,88.914456,15.745166,100.0,42.827999,31.370805,22.48465,6.112223,139.461911,0.169153,0.73814,1
53.314657,219.064692,520.155291,47.308342,1024.802816,307.774625,0.610647,0.251742,0.37589,181.018244,155.362826,24.714646,100.0,17.954277,37.776172,38.854843,10.433302,137.109977,0.279852,0.885188,0
138.302147,293.643299,367.177855,45.340654,100.0,159.54097,0.47788,0.739787,0.708434,483.121045,454.926929,31.098614,100.0,16.754817,31.938461,51.310756,7.751489,117.229153,0.304507,2.042822,0
89.551413,255.537304,698.336881,6.7682,876.823149,29.819553,0.751899,0.920503,0.898509,162.941373,413.951488,29.760021,100.0,10.0,30.510968,60.0,5.781639,163.583465,0.356656,1.080184,0
17.512649,122.786243,359.846607,36.34906,1658.012562,357.191835,0.421528,0.922611,0.74119,139.265209,224.600134,31.300169,100.0,35.987512,63.702613,5.0,2.455365,96.117021,0.207078,0.360328,0
128.834622,190.479719,307.290195,13.485572,1460.955535,304.194093,0.329304,0.42383,0.444475,183.746113,122.752117,20.903516,100.0,39.462592,55.108805,5.0,4.887967,103.309377,0.262496,1.470531,0
113.626883,152.817652,427.959048,56.759196,607.407962,237.615655,0.57244,0.238889,0.114605,201.598405,69.660961,29.325696,100.0,10.0,16.568114,60.0,10.764536,136.829444,0.271235,0.232218,1
9.376322,40.271258,358.247269,14.205075,201.563545,272.276503,0.318095,0.465613,0.489998,261.81824,437.33334,26.237042,100.0,36.595619,34.365117,32.278414,3.119075,71.850957,0.138359,0.036028,0
26.389819,68.821204,181.93333,39.465157,1129.915153,46.148652,0.259987,0.304965,0.332304,267.303657,882.994785,22.424487,96.928579,24.144747,36.7001,40.58506,5.652253,74.66867,0.137078,0.339669,0
148.75718,348.088517,617.005789,22.94311,100.0,275.729326,0.562441,0.39932,0.533755,395.016696,282.928141,24.174832,100.0,43.407049,60.496978,5.0,6.022883,160.347834,0.197796,1.007217,0
63.525871,321.332543,470.727329,40.285873,1455.077058,74.789619,0.430126,0.488424,0.396442,571.269298,235.035981,28.921616,100.0,53.136631,20.161695,25.999962,0.0,116.329223,0.195091,0.327819,0
128.268332,288.815414,719.331112,27.674223,793.206271,176.031407,0.665531,0.77574,0.764719,44.735516,376.254929,27.433621,100.0,13.150563,27.566467,60.0,11.844736,163.122098,0.290806,1.516045,1
3.970166,124.746652,276.206402,46.780368,1815.65016,64.073804,0.261249,0.41747,0.417857,130.493186,3.806246,27.297489,100.0,25.634597,26.608354,49.07638,1.639466,66.830006,0.115244,1.261637,0
1.840553,22.61974,185.821719,17.687352,100.0,271.362587,0.31292,0.575555,0.598771,30.355647,56.645578,28.033108,98.774704,43.332688,10.0,45.120845,6.372909,75.348746,0.152905,0.60961,0
103.820444,195.95504,214.618587,54.818552,1359.073113,88.536197,0.134816,0.784043,0.765205,300.961795,155.084019,21.567665,100.0,43.403255,10.0,45.399139,8.046873,41.745263,0.1,0.082364,1
37.553246,96.461176,469.687324,32.511531,849.745582,91.155031,0.542336,0.550841,0.607733,19.487837,78.783834,16.050629,100.0,30.36057,42.406421,26.905128,6.530459,96.223716,0.316525,0.128504,0
108.253348,167.149421,321.046639,46.585123,734.474734,39.320046,0.309463,0.543913,0.507937,734.231656,21.449346,19.8529,100.0,42.180644,26.272767,30.775871,6.663202,105.949522,0.106959,1.540515,1
129.507739,239.62144,389.572472,51.735161,215.078267,259.418325,0.434175,0.742287,0.818654,402.437796,1085.988863,29.300032,100.0,37.197035,41.861166,15.903609,6.885543,111.641422,0.168852,0.498558,0
38.197614,197.978378,603.920366,59.935574,1197.873953,106.504067,0.596648,0.787764,0.798478,148.535252,135.450038,15.452576,100.0,42.811419,12.410894,43.233208,2.802378,127.558967,0.291376,0.739727,1
58.694079,160.845711,412.039371,17.317012,1238.068692,186.580805,0.400311,0.476125,0.436334,408.197782,565.900902,24.062155,100.0,43.568482,19.865725,38.026541,9.439864,115.504622,0.139138,2.397906,0
48.240269,431.859492,535.487743,20.779083,1792.563901,119.607681,0.676477,0.473095,0.360486,560.478652,4.362884,24.899945,100.0,30.634546,31.224675,35.843929,7.212487,174.359865,0.323431,0.430002,1
37.614523,155.790549,384.788061,18.77382,1404.025131,278.892453,0.389982,0.356624,0.339836,257.137661,88.651408,28.356995,100.0,41.199561,14.242617,44.954417,5.677631,92.190074,0.158115,0.427142,0
75.796442,93.404358,350.213659,19.457923,603.052336,81.534116,0.468032,0.630201,0.52647,70.821115,16.413844,16.355314,100.0,30.770793,33.187085,32.758621,7.859138,93.036299,0.265534,1.11629,1
119.949873,423.336572,592.517078,37.034461,398.068708,338.70042,0.675278,0.5559,0.556905,227.853919,3.250916,10.48504,100.0,41.619947,32.955387,19.063413,8.861231,172.694961,0.285195,0.763754,0
32.46762,130.485277,667.760293,59.643739,215.754283,115.682391,0.640338,0.49164,0.566448,210.494807,102.385138,20.578123,100.0,23.832499,31.55888,43.742616,1.988144,138.19742,0.28052,1.496272,0
32.312141,289.032467,453.240079,59.465295,1636.612173,37.386584,0.359465,0.529662,0.363135,98.05475,16.62,27.366805,100.0,36.910092,16.024096,47.706435,8.928145,107.387422,0.239954,0.580253,0
38.509612,68.637629,258.931711,33.972528,510.912858,86.509884,0.231877,0.670721,0.679965,414.958088,660.81683,32.338229,100.0,36.66871,56.755501,5.038373,3.226917,93.667621,0.16283,0.006418,0
98.688668,150.201238,345.75841,40.146497,1640.114934,26.618734,0.521774,0.439579,0.363836,37.569681,407.916424,19.986684,100.0,42.437863,18.586286,36.008505,8.912568,101.669308,0.17844,0.09051,1
128.853421,170.697622,475.524604,52.29838,1162.53602,168.745943,0.553451,0.025741,0.075402,340.421177,141.224886,18.965643,100.0,30.768648,35.095282,36.068764,5.885962,125.909468,0.277083,0.617178,1
47.525763,243.31016,339.152208,56.31134,1064.951441,90.090439,0.402165,0.701083,0.659424,88.396043,20.116828,25.473079,100.0,21.64816,35.188855,43.078239,0.0,100.701834,0.20779,1.321168,0
6.786386,236.327101,566.799195,16.212335,746.565844,318.976576,0.525077,0.497037,0.469475,71.203609,260.032494,36.513958,100.0,31.166951,38.427015,32.346873,1.028145,114.00227,0.246384,1.286601,0
23.134545,169.001724,847.165504,34.069795,1230.336457,186.166303,0.99,0.430823,0.430838,104.990049,1475.17408,26.774366,100.0,16.063205,15.765384,60.0,2.600896,179.63721,0.402437,0.161467,0
45.041929,169.931057,229.85992,50.806038,892.264619,84.012642,0.20857,0.613305,0.450982,149.001774,27.573902,27.216648,100.0,27.376474,42.268474,31.758041,11.848291,72.926603,0.107851,0.517029,0
28.515278,47.93884,148.991298,21.676114,715.393354,162.457319,0.240614,0.861188,0.826888,725.760883,54.600442,35.749897,86.83486,14.703847,26.704276,60.0,6.799023,49.63428,0.174997,2.807757,0
17.353508,73.537683,125.975698,29.189497,1248.002393,70.557938,0.25726,0.662969,0.692652,74.077024,71.159521,29.597563,68.671337,32.853221,46.392915,18.611614,15.980171,54.379175,0.137091,0.002126,0
65.993621,129.109868,154.9033,59.209161,828.013945,64.342575,0.101097,0.240634,0.114711,241.032191,89.136745,25.002783,96.171325,44.071639,52.367573,5.0,7.719306,20.0,0.204594,1.054917,0
300.0,324.730721,423.568886,59.177568,500.832611,108.236329,0.384186,0.646728,0.791633,480.740311,126.639701,17.271343,100.0,42.374197,38.675304,15.247998,12.785467,125.943254,0.299881,0.080639,1
24.769958,119.1728,223.317612,54.835875,1199.913388,38.988527,0.244065,0.523028,0.639673,184.833218,378.876747,24.437361,100.0,13.345949,28.761876,54.922369,5.458788,73.393944,0.162111,0.721398,0
76.362231,224.830262,543.941116,48.914659,868.007172,67.913113,0.648541,0.757557,0.687153,196.776039,198.337053,28.337781,100.0,34.755127,63.554314,5.0,6.949116,151.851338,0.348253,0.469068,1
95.088225,276.907978,676.153711,19.802178,1144.455006,337.696874,0.630947,0.659143,0.641004,75.341153,666.780186,17.751526,100.0,59.599987,44.520524,5.0,5.818796,126.782583,0.287858,0.395173,0
100.967925,256.707151,484.561726,22.646754,673.070071,240.048948,0.368259,0.763492,0.807205,601.034446,223.837319,29.605018,100.0,25.858273,25.417471,46.965231,3.070075,104.981196,0.186464,1.940022,0
60.200028,141.031861,510.134637,35.100556,295.439348,331.596959,0.380386,0.781987,0.750608,16.611402,108.017884,23.331115,100.0,37.173087,19.659157,43.543735,4.744088,94.641355,0.213571,0.660806,0
18.358708,85.246026,386.78913,35.842756,1767.536981,92.464899,0.352071,0.938084,0.852774,64.965375,27.568732,22.73124,100.0,45.350273,43.961228,9.031182,2.228117,84.365972,0.15635,1.14864,0
119.410255,204.111733,325.778916,32.802655,1673.305705,308.524801,0.227901,0.127684,0.21222,345.328303,74.754329,18.414555,100.0,15.568427,32.589311,51.077067,6.962269,67.907076,0.116018,2.282743,1
55.138754,147.598287,394.482239,40.016865,1341.892481,130.41821,0.512174,0.724098,0.731103,204.606321,402.295862,26.107748,100.0,36.067195,20.262774,44.541914,12.656434,98.215414,0.359085,0.477195,0
50.484199,90.696456,179.920416,27.457766,706.094657,51.910193,0.333716,0.692469,0.689389,49.640795,245.370047,28.097931,100.0,42.525271,39.241325,16.827806,9.586009,85.104087,0.193463,2.472093,0
20.065678,89.923904,280.218359,46.204579,749.841013,289.694556,0.338891,0.924501,0.9,133.013388,242.548359,17.576086,100.0,28.374741,17.857716,50.93595,17.697479,76.573662,0.224314,0.016902,0
38.509313,98.85834,318.065889,23.345246,1591.163723,21.474047,0.344045,0.475104,0.423566,128.814909,163.690466,27.098708,100.0,15.888546,39.241504,48.619467,4.879468,78.198535,0.23624,0.558587,0
98.417177,378.124891,657.479336,23.187235,723.084981,145.747022,0.733017,0.583296,0.740736,239.237741,587.080762,29.374262,100.0,45.892354,42.205543,17.719427,11.005864,153.362629,0.292354,0.230409,1
55.125263,247.701288,749.576053,11.997428,583.721982,294.953281,0.807158,0.700004,0.65711,7.293836,259.777934,29.048821,100.0,12.504402,24.297249,60.0,2.872606,162.079688,0.292504,0.612565,0
13.935304,161.321523,231.239217,15.379172,1836.117338,222.186573,0.197885,0.355721,0.508409,37.56946,113.480105,25.378824,100.0,10.0,43.288126,46.210267,5.303548,84.398889,0.228428,0.306795,0
109.058629,155.686545,342.510871,51.778648,876.161159,186.50365,0.306283,0.323442,0.326404,137.604798,77.555583,22.065614,100.0,16.281347,25.69218,58.133296,7.163344,93.78561,0.197599,1.218254,1
207.954632,376.35471,823.015247,29.545529,1784.212664,127.308212,0.870217,0.568777,0.653197,31.454243,363.685992,22.419518,100.0,27.405351,37.289478,33.223098,17.778693,190.482645,0.385059,0.245798,1
16.352138,70.975327,185.685487,17.532728,200.804045,27.020099,0.284888,0.506276,0.490549,975.302893,126.521748,15.640294,100.0,14.644508,12.898149,60.0,3.098677,75.963715,0.199905,0.288502,0
59.048059,228.750038,321.211147,46.763761,1159.092441,356.749915,0.433853,0.737605,0.684355,742.878493,561.300421,20.225473,100.0,18.73375,39.177147,44.926469,4.025206,85.350891,0.252231,0.492728,0
60.875315,143.606269,441.086734,35.468962,1935.5413,62.918542,0.385531,0.729958,0.725384,344.88725,312.044933,22.245254,100.0,24.215802,54.812165,19.573623,6.88549,121.065272,0.265164,0.520674,0
15.884077,231.296966,499.83429,6.163581,914.875372,91.911051,0.449693,0.552418,0.604672,295.464623,138.905026,19.149692,100.0,46.603288,13.76363,38.644329,0.679954,142.682186,0.280504,1.31846,1
152.356942,181.416827,234.292085,22.39988,767.997754,84.929674,0.345537,0.503957,0.609229,79.810725,77.42413,24.878008,100.0,37.045482,49.476848,14.625738,15.44901,74.065752,0.200506,1.927453,0
61.964255,226.074455,354.349802,14.735078,316.124041,326.858906,0.333001,0.300907,0.303865,6.749204,27.276537,32.949907,100.0,34.527928,28.727984,40.277947,5.733283,87.998463,0.196879,1.401021,0
122.422742,350.392734,431.379116,41.073007,1441.171527,274.927821,0.314678,0.167982,0.20055,141.716868,22.395247,34.02193,100.0,50.231076,52.082528,5.0,16.021208,107.343785,0.257865,0.093709,0
80.135511,166.389556,247.669843,20.126707,514.935959,164.638728,0.243838,0.361822,0.334902,154.952207,140.749283,20.489388,100.0,50.86487,65.552223,5.0,6.146836,79.901587,0.1,0.363285,0
148.310895,229.894575,485.825894,8.572073,852.59572,343.952292,0.492438,0.851016,0.885468,9.509511,306.012811,34.564005,100.0,21.550142,39.238863,40.483504,7.055067,108.129031,0.257302,0.360752,1
79.23501,180.330994,435.896257,8.021424,282.74886,19.002017,0.640647,0.174253,0.062082,246.133062,349.820688,30.786431,100.0,20.860395,46.531639,33.236312,5.418846,136.603651,0.245861,0.842811,0
42.420955,188.684891,376.241326,36.995001,1678.4473,321.721337,0.33596,0.506423,0.502689,79.669667,419.483376,19.818742,100.0,24.878261,43.758673,32.52237,6.512497,96.603894,0.114488,0.072885,0
92.814326,157.495258,226.563471,6.19479,1477.442655,21.753841,0.28641,0.641505,0.56795,620.460317,551.777925,26.985233,100.0,34.832452,53.258659,14.308284,7.206135,62.649665,0.143149,0.079789,0
29.284827,86.281578,169.676623,51.683566,884.207625,140.807051,0.448518,0.239203,0.279131,272.684386,118.891384,23.864708,100.0,47.542474,34.281057,19.175551,8.146778,91.170512,0.180545,0.832254,0
99.811489,407.07239,648.913473,13.546842,322.925532,19.441756,0.542236,0.834691,0.775887,572.747729,551.119725,11.633062,100.0,20.080284,48.548891,30.776341,2.252154,155.68973,0.298172,0.425066,0
24.722747,103.255531,161.721448,38.361148,1667.953525,359.628837,0.303512,0.631709,0.581795,97.976668,104.712992,16.325712,100.0,31.105813,26.624874,49.375307,5.292285,93.573337,0.1,0.762022,0
57.354441,154.089296,193.081917,29.457842,717.034136,329.180221,0.193022,0.376856,0.431311,494.042478,172.493157,28.250545,100.0,30.511919,55.83893,8.92582,4.209047,74.393503,0.207061,0.760212,1
48.289117,119.816571,255.442001,29.356834,347.39758,210.527624,0.357295,0.283201,0.402999,179.926194,95.168992,14.675954,100.0,48.179397,20.927552,33.579431,3.117872,95.780846,0.185932,1.500228,0
74.889649,229.349354,417.505008,8.948843,100.0,78.424047,0.688343,0.421921,0.32046,36.628399,1334.244495,34.813767,100.0,41.992178,30.439316,26.148116,0.0,142.945319,0.361105,0.030016,0
165.811315,226.110927,270.85767,49.151374,577.017434,99.639981,0.409384,0.23462,0.268216,1361.629823,46.804042,30.004877,100.0,20.291959,27.702683,47.097364,3.993065,100.466588,0.190513,0.526989,1
37.319827,128.284993,377.082674,54.117887,172.680939,161.835612,0.435706,0.043455,0.095143,250.6334,74.163672,28.094772,100.0,41.191041,44.029461,8.687406,5.113424,100.638975,0.195074,1.303151,1
116.749455,316.844316,490.762715,5.605917,588.589582,116.200866,0.422036,0.336148,0.360174,43.845358,29.81927,14.645677,100.0,28.740607,50.179176,20.538146,3.845147,102.698415,0.208653,0.10351,0
151.816975,334.551979,411.808677,14.82323,1272.204367,7.673006,0.432495,0.646615,0.722351,225.781178,156.965539,30.274541,100.0,35.069071,46.460755,24.633713,12.298017,114.960801,0.210216,0.997872,1
114.140036,191.520829,391.578093,54.71473,712.299918,236.252163,0.376306,0.508062,0.457661,190.098434,475.924282,29.762945,100.0,17.752074,29.441926,58.331074,6.142421,96.748992,0.193806,0.362549,0
74.454347,177.507042,208.185729,35.222149,1077.846691,220.834045,0.131902,0.427643,0.42836,146.768783,102.534011,29.400498,100.0,10.0,61.324589,27.027582,0.088525,79.903549,0.1,0.275265,0
71.497359,120.20893,263.890006,13.252177,538.33267,325.551853,0.111415,0.549539,0.545352,26.748977,159.300841,29.641229,100.0,28.640443,56.621217,12.968879,0.0,78.429123,0.113746,0.194628,1
35.227354,138.176241,286.450985,16.153475,932.584533,171.667454,0.260437,0.636282,0.545209,159.700659,244.581517,34.467527,100.0,20.933672,42.221183,35.695321,3.320455,101.837036,0.182779,0.313412,0
11.579766,356.373188,546.101658,41.299243,1860.450411,124.095226,0.561032,0.430709,0.422729,374.845329,150.148148,19.630483,100.0,29.827187,28.195924,42.634795,8.057829,122.548134,0.29848,0.09311,0
63.813445,238.234228,443.881226,44.864925,725.756961,184.146186,0.589231,0.261831,0.135786,289.383711,60.961336,22.814799,100.0,24.498244,16.322913,60.0,10.348719,153.495085,0.346598,1.911515,0
161.304952,209.686994,516.626046,37.968474,1092.214719,70.090197,0.465313,0.783824,0.785408,414.18842,192.958368,18.705976,100.0,32.527036,49.147573,21.223142,7.679215,114.223842,0.24822,2.88893,0
177.411487,202.607761,384.887354,57.423161,117.236386,225.194527,0.446316,0.0,0.033931,433.010028,105.213725,28.685692,100.0,34.745342,32.973337,34.280854,18.013985,98.726375,0.267313,0.15708,0
14.678243,64.097035,120.641192,32.173498,1660.053061,277.211838,0.1,0.4048,0.475726,149.253736,110.473082,22.551879,73.869982,40.149007,53.255686,7.407836,2.235466,37.236348,0.185843,0.090274,0
173.61106,208.996312,301.751178,21.514955,661.396686,55.246217,0.276448,0.560456,0.61864,294.411593,162.29211,15.980987,100.0,40.038047,54.429856,5.0,2.710898,62.130199,0.138244,0.83553,0
96.1165,187.638238,984.276638,31.24781,1425.266825,114.617958,0.691902,0.521048,0.512026,46.561863,24.198219,24.451428,100.0,46.691718,30.889339,16.670502,4.584668,142.323913,0.3533,1.05216,0
87.997188,299.591771,344.113664,24.781646,838.409852,312.408353,0.615909,0.715752,0.593986,117.60515,159.305659,11.959499,100.0,33.104357,38.165906,26.451847,0.952804,154.435527,0.260153,0.482881,0
160.451903,252.797152,844.135936,17.342874,1205.789683,181.99143,0.837315,0.408244,0.393153,137.926088,170.133753,24.433535,100.0,18.121501,37.508412,40.755204,5.263319,153.661831,0.338793,1.562958,0
129.020243,189.942802,728.285652,7.527979,1235.506214,191.461193,0.735684,0.74262,0.760905,29.817569,350.526917,24.726,100.0,43.18244,61.119659,5.0,4.365694,136.934042,0.340903,0.84894,0
24.30175,103.040585,158.601992,24.371687,673.77983,260.066951,0.288334,0.337528,0.361785,126.56029,288.124891,21.326095,100.0,35.116751,32.085206,35.71898,10.412048,69.659718,0.1,0.332747,0
31.549255,175.391324,518.300951,44.127514,1445.953218,208.041413,0.793792,0.559449,0.515813,265.037751,57.644785,30.028133,100.0,40.753958,48.378107,10.198567,1.455303,180.333628,0.343805,0.171322,0
9.87243,124.285868,370.599222,6.014079,520.507568,25.048717,0.371482,0.42783,0.394592,466.332129,195.058225,13.132664,100.0,41.23018,39.101331,17.136522,10.429854,54.713995,0.17146,0.423488,0
84.990361,135.399569,518.301328,29.154818,1288.96711,289.426216,0.442479,0.84252,0.778704,11.864866,679.233777,24.565124,100.0,28.962661,62.713738,5.0,7.180005,108.423325,0.161101,1.141063,1
27.331274,202.441957,298.323264,40.420517,704.897353,332.220973,0.553593,0.567965,0.624261,713.395717,898.666486,25.175832,100.0,28.802298,27.360465,46.062785,12.863322,128.196253,0.307127,0.595394,0
41.068056,83.392103,330.434324,38.572226,1074.778974,19.179804,0.257781,0.99,0.9,7.524217,210.18342,23.731945,100.0,54.519669,21.309603,24.00935,8.869303,74.971487,0.13345,0.283159,0
147.017462,255.773122,368.982839,47.715664,669.003499,43.649912,0.543448,0.364806,0.392366,271.609692,268.093696,31.380512,100.0,17.373643,10.0,60.0,6.432815,94.57724,0.295318,0.389395,1
93.877716,164.428773,242.79347,49.578584,924.987987,252.711073,0.298992,0.254405,0.305232,199.354015,281.033859,20.13299,100.0,26.847142,40.61867,31.189686,6.142391,69.404359,0.222278,0.663175,1
95.784433,182.299747,380.807748,44.14382,362.653149,217.610616,0.467021,0.884721,0.78915,643.612467,614.306233,23.427352,100.0,41.685297,41.787504,22.171224,6.505944,100.195849,0.285546,1.545717,0
258.702407,302.666637,602.884703,10.653873,1023.778492,137.70612,0.468781,0.726853,0.654651,193.481291,188.250943,24.642113,100.0,29.82934,34.507806,38.760207,7.400779,97.15706,0.361204,0.958743,0
0.811842,104.719117,387.227055,31.126234,922.093917,194.129514,0.688501,0.325218,0.376726,262.52355,48.64527,21.642697,100.0,25.634397,52.502036,22.043438,10.206865,162.046989,0.289479,0.464856,0
28.856137,68.725114,427.512344,38.187328,629.923223,253.201884,0.425162,0.644902,0.590674,111.564494,586.600066,14.573977,100.0,41.025845,62.305389,5.0,3.551708,100.571437,0.169374,0.441949,1
48.055607,114.677961,216.500006,18.506132,872.486017,181.611526,0.21389,0.102236,0.136317,96.138924,656.437896,33.086839,100.0,47.315958,25.563996,25.790413,0.0,77.905396,0.261533,0.250775,0
30.756466,113.347693,649.295676,7.34035,967.002238,50.467797,0.706738,0.677959,0.644446,75.022628,72.23567,19.294201,100.0,33.977793,34.328452,30.887691,1.911576,148.569325,0.312717,1.958638,0
121.67948,172.868809,367.492423,17.297468,591.821473,32.19697,0.347872,0.458885,0.440112,38.780339,73.229409,19.408453,100.0,14.640145,10.909744,60.0,4.900611,65.409696,0.191485,0.367635,0
53.075723,289.720213,364.65459,30.019192,835.620712,157.989145,0.452402,0.882574,0.678914,759.082449,189.622881,10.536047,100.0,33.351738,38.931846,25.668385,4.014759,92.615064,0.281728,1.878618,0
21.680428,88.148668,429.994397,27.766168,397.22403,332.238513,0.339397,0.798796,0.687569,248.709682,102.940209,24.340945,100.0,36.616658,27.780749,37.075748,4.327329,96.201008,0.196677,0.654482,0
79.342484,157.72129,334.356753,14.716684,2072.866519,200.800503,0.398764,0.324323,0.238994,146.422463,158.370357,25.042477,100.0,20.56454,31.095755,52.628362,5.648329,78.271087,0.208657,2.339502,0
90.023818,191.286436,290.412816,50.342855,1429.55933,128.959225,0.286534,0.593845,0.5326,716.637581,356.017681,31.525097,100.0,49.070934,35.519304,16.461707,13.441169,87.765629,0.225094,3.245212,1
23.607924,54.116791,178.389316,55.912767,1036.547053,327.134221,0.173299,0.680745,0.781012,424.30894,78.924167,21.747884,100.0,38.132733,45.668331,19.124293,8.245498,35.493949,0.1,1.272644,0
55.318188,75.542821,252.995952,16.074158,1486.056464,139.907576,0.220914,0.288425,0.273623,88.804868,564.347094,25.521827,100.0,21.073591,33.59268,39.169187,0.0,47.541443,0.1,0.56664,0
91.665527,174.345714,212.054395,56.12651,100.0,183.292733,0.368833,0.419438,0.45455,71.853978,41.252597,30.006496,100.0,38.350609,69.395149,5.0,3.279588,91.070086,0.208186,0.145342,0
153.0024,176.816949,646.780193,5.982353,100.0,41.939759,0.614723,0.466766,0.47087,469.344831,148.732771,32.291712,100.0,38.135201,36.100482,26.778466,4.405131,111.805386,0.199683,0.138131,0
33.915243,159.996714,426.25736,55.872936,700.354469,265.46434,0.44393,0.732027,0.725149,35.006826,49.847278,26.241402,100.0,25.109651,14.927645,57.63986,9.039032,67.136159,0.150186,3.071119,0
99.519454,229.821334,424.681299,57.356083,210.717928,252.109065,0.503686,0.596419,0.733605,247.785531,178.568024,21.896258,100.0,17.870753,25.648711,56.288773,9.396041,119.535256,0.339226,0.372587,0
38.822453,164.868444,314.845686,5.662852,781.697238,285.927837,0.481635,0.577023,0.599732,104.974869,95.459077,31.22239,100.0,28.801603,47.273408,27.926432,0.0,145.643779,0.168915,1.480381,0
68.135577,234.347279,604.463315,46.966061,1002.82832,117.068873,0.521468,0.8088,0.798635,483.151596,111.079445,31.376123,100.0,24.928402,47.979098,28.369363,9.096031,131.925041,0.235916,0.089034,0
25.834852,108.24049,595.336718,58.361086,1360.207249,156.979159,0.6281,0.84482,0.77079,230.266105,94.186811,13.606242,100.0,34.969981,37.127222,26.920768,8.665253,106.811144,0.338979,0.427112,0
97.241113,338.357996,406.226803,54.824622,330.868008,60.603016,0.354327,0.275261,0.337951,153.076877,195.574326,26.099462,100.0,28.889925,37.187652,39.432112,12.155451,97.045916,0.251989,0.462663,0
134.883387,252.358553,447.030691,58.389059,1099.815343,347.221755,0.459125,0.622302,0.685529,19.711997,304.728499,29.871447,100.0,37.577516,40.22425,22.272807,7.056859,111.103702,0.260703,0.836391,1
57.391474,285.94167,522.368965,35.267793,907.194847,30.987845,0.650522,0.435532,0.504068,28.741492,506.4407,28.333411,100.0,34.639032,47.847591,22.063565,8.290239,146.670245,0.28138,0.571967,0
51.397373,212.49925,580.464425,9.298588,1073.754655,233.644789,0.358789,0.695629,0.721081,170.1788,97.060078,22.380606,100.0,40.526649,36.626171,21.68552,4.533399,81.188644,0.161923,2.45858,0
47.320779,131.904365,424.443199,51.738406,640.114025,253.892662,0.368489,0.43834,0.528554,211.402743,345.765122,21.126192,100.0,38.674864,17.102113,44.337428,0.214245,106.703667,0.193791,2.865601,0
19.163904,136.027444,382.846828,38.760554,1591.56757,56.785131,0.402287,0.533466,0.427316,202.134857,16.703487,32.268652,100.0,43.309258,25.786326,35.356709,8.070836,84.160354,0.234359,0.728567,0
112.058186,255.167048,437.433106,38.810521,848.245676,131.516354,0.50988,0.73048,0.668408,611.548433,148.84949,25.474081,100.0,22.233703,27.697069,47.135321,7.303881,123.531739,0.189544,1.061407,0
150.22062,169.189124,230.078255,27.948949,1787.091112,15.525564,0.417542,0.668381,0.451177,129.983259,30.472426,22.903214,100.0,43.906117,18.274964,44.926446,9.774365,124.943814,0.254796,0.526002,0
32.125135,63.053037,267.212009,36.451309,504.805673,200.378973,0.157402,0.307787,0.3503,297.264538,39.401277,23.157879,100.0,53.889056,17.521492,26.343489,0.0,46.928867,0.135299,1.548814,0
75.681462,347.246477,502.007851,13.446888,1271.41367,358.177731,0.668255,0.730863,0.662025,150.728526,78.544162,23.996134,100.0,45.789769,42.251679,13.975778,3.753904,186.897245,0.280488,0.958511,0
95.245527,237.407078,304.891892,45.687351,870.16576,154.758584,0.411237,0.497719,0.594799,480.245381,172.695857,23.099631,100.0,15.334662,36.14612,50.133009,4.599982,111.613897,0.253324,0.053969,1
38.214488,234.395672,722.239175,9.125952,736.128792,356.402959,0.68984,0.824213,0.706649,49.663462,142.339953,30.915398,100.0,50.540421,47.827133,5.0,7.863272,138.860486,0.38788,0.259475,0
176.895907,258.485103,451.070586,45.137942,1216.15767,45.441153,0.336506,0.863378,0.880543,212.545431,193.644246,26.629673,100.0,40.698665,64.719001,5.0,8.050825,92.012616,0.205097,0.16479,1
76.793563,308.265195,595.602893,51.693813,750.41326,141.283564,0.549019,0.356755,0.363495,469.963243,1115.277964,26.224334,100.0,43.477433,49.056203,5.0,7.257895,123.886823,0.276814,0.715151,1
14.656514,99.997476,259.874777,30.985777,100.0,324.707389,0.423413,0.722828,0.620793,359.133837,212.577285,22.802831,100.0,22.985646,47.580972,28.832572,3.23502,70.290642,0.207994,0.949934,0
140.120089,281.468523,366.847735,33.04067,100.0,315.610373,0.414463,0.868774,0.771608,88.026109,348.282333,27.473805,100.0,15.737242,13.179282,60.0,8.883544,54.942011,0.141257,1.006564,1
59.311375,312.191258,613.308084,22.171785,1536.21108,116.492968,0.603231,0.231136,0.309533,84.031138,199.384457,18.58892,100.0,48.559332,46.054442,5.0,4.676351,127.81743,0.24617,0.109883,0
44.345017,198.029084,706.558961,58.320222,1515.129229,244.29981,0.603427,0.423506,0.431987,217.191504,156.453509,25.070988,100.0,26.644932,36.246285,35.479712,4.545256,97.963273,0.288777,1.942499,0
105.838728,148.501704,513.085324,45.321846,1843.670473,319.017662,0.609586,0.571536,0.457541,178.191876,347.756322,14.253265,100.0,22.653398,55.583083,19.842541,9.343561,110.726271,0.222722,2.13379,0
39.398541,129.302844,383.157818,25.29437,891.235876,276.075888,0.410713,0.57537,0.604804,76.655215,454.803279,22.513714,100.0,14.429735,16.840901,60.0,4.235329,111.908549,0.190405,0.03251,0
169.117639,289.354645,445.586766,14.614406,253.682599,226.251431,0.455087,0.377215,0.35274,1350.368433,173.450559,20.879854,100.0,12.574289,50.83263,35.561606,5.041323,110.182367,0.181834,0.207957,0
143.666047,291.674066,514.30909,17.076878,690.208079,54.927221,0.527639,0.582865,0.539821,11.001124,760.166638,23.8288,100.0,32.006864,27.553403,39.063144,4.727578,152.689175,0.268126,0.138017,1
185.606316,399.428272,694.37418,30.515726,905.712258,26.280969,0.625693,0.797372,0.684656,5.0,55.515724,21.510415,100.0,42.195146,20.837113,33.898909,11.634258,145.180283,0.330415,0.23169,0
248.930176,397.76411,544.428804,56.841262,396.480888,221.263985,0.481235,0.59414,0.540717,264.967017,659.608349,27.103973,100.0,35.344202,69.375683,5.0,13.117715,145.048264,0.281546,1.022325,1
94.143041,187.130232,479.462804,45.378049,1724.287361,180.09924,0.355591,0.759041,0.77852,305.147445,488.444708,19.910288,100.0,30.42747,38.128731,33.935378,1.697801,89.776545,0.27599,0.032323,0
63.950679,142.902211,307.826382,16.838406,2019.75144,85.693198,0.299705,0.323926,0.480999,242.238225,275.71644,29.215037,100.0,47.020996,35.160305,15.748581,4.143936,72.581069,0.122515,0.003968,0
37.992694,120.196563,148.6221,52.275862,1139.14035,105.397126,0.1,0.393562,0.337279,6.163591,538.698965,33.33147,100.0,48.566719,28.375399,25.499659,12.283965,68.660686,0.159531,1.992693,1
101.169486,168.597139,257.889686,25.801029,894.568127,141.151384,0.367776,0.611043,0.597255,187.990691,18.745572,17.507549,100.0,21.693791,31.892085,46.760038,3.259966,125.002912,0.221146,0.781536,0
244.254061,309.176442,480.269243,51.84472,252.516511,178.387507,0.441465,0.82746,0.68539,725.53031,1.992366,27.716092,100.0,34.120809,30.53703,41.082836,11.820605,110.678437,0.253271,0.243819,1
19.316885,212.705648,416.646334,18.293478,1673.216948,140.493229,0.414919,0.348051,0.301991,555.052202,313.578124,22.38784,100.0,33.406269,33.030448,34.02601,0.0,86.713645,0.299847,3.852386,0
81.944659,190.488097,532.297208,39.026334,938.153405,139.425002,0.548739,0.563827,0.609159,124.035902,30.328657,29.60021,100.0,28.558115,34.607582,38.575068,4.739224,120.603711,0.18415,0.002248,1
14.410247,82.917473,314.816241,55.966877,755.417801,41.663812,0.287375,0.666517,0.766222,22.439486,50.575584,17.491085,100.0,37.14664,32.848052,26.837069,5.05773,76.30041,0.172481,0.560534,0
13.723053,113.035249,160.562421,19.184171,1140.587044,311.612551,0.118978,0.452559,0.466358,16.700655,382.470068,31.238665,100.0,48.400287,19.769347,27.702331,5.641646,57.992846,0.1,1.016498,0
153.777943,225.933329,520.73704,43.110962,607.144236,219.295469,0.564809,0.416468,0.387446,406.025882,303.129992,21.755352,100.0,10.0,37.153579,58.552936,6.273248,129.032417,0.229329,0.753579,1
136.489629,157.990391,308.800572,59.302194,973.437587,52.596786,0.551381,0.882869,0.874492,71.060282,280.425415,22.67254,100.0,34.577988,41.183469,26.981427,15.210836,105.168362,0.262783,0.176512,1
36.203784,186.30507,246.727734,13.282906,178.766575,152.594785,0.400732,0.583927,0.684897,326.760946,289.770143,22.682543,100.0,33.64127,49.301867,13.18735,0.0,129.25993,0.239711,0.785473,0
23.140992,224.689907,517.792901,9.862126,1443.543595,150.017728,0.668111,0.390336,0.613282,276.787544,84.052924,17.291308,100.0,29.309143,54.274182,18.360858,4.004112,129.320267,0.312436,0.27733,0
190.711401,369.351471,692.578438,42.080736,847.794479,216.223516,0.558848,0.346473,0.423031,188.354755,6.413982,28.727656,100.0,40.451236,31.719484,30.054511,3.259076,137.977766,0.189539,2.510414,1
24.931135,196.383899,408.041832,23.685477,1479.40043,219.193062,0.427689,0.302386,0.497527,346.43559,26.387785,20.417887,100.0,29.062147,42.347956,33.42077,4.336929,121.036966,0.217172,3.295283,0
17.58423,57.799447,297.334804,8.918446,799.431911,232.279969,0.332934,0.575974,0.6545,30.089348,302.012203,26.977653,100.0,23.989075,48.78399,24.655427,6.915632,60.013802,0.13798,0.639994,0
25.770924,256.517052,463.497029,31.141809,831.900146,251.245101,0.636815,0.824245,0.804926,170.407412,89.049677,22.447993,100.0,40.763255,27.992631,30.783125,5.681529,140.874309,0.258111,0.411209,0
88.651229,151.265619,438.222745,46.457387,293.841286,37.207457,0.564172,0.461982,0.346294,230.866754,354.522003,22.733591,100.0,18.069081,40.331836,40.073716,2.150778,128.595612,0.23072,2.332399,0
272.838096,307.53813,475.610409,20.681732,1279.878487,109.771992,0.487855,0.518347,0.714157,105.412654,544.725583,30.017478,100.0,24.303522,42.218016,34.135523,17.89606,126.942354,0.337365,1.411021,0
38.533166,49.904176,75.621025,23.427578,462.080023,6.245215,0.1,0.530624,0.612645,73.793021,377.687988,14.992529,81.630608,22.720783,10.0,60.0,8.299354,46.970712,0.1,0.214202,0
152.384679,270.727645,361.17894,51.513467,656.788813,163.670944,0.291121,0.931625,0.9,19.602588,159.009621,10.23299,100.0,50.674669,36.815361,14.654342,7.600749,86.783382,0.157125,0.065435,1
70.874989,305.372616,410.046382,33.603955,900.523593,154.594828,0.511834,0.453571,0.489615,5.0,192.204715,19.773569,100.0,33.622,39.126662,23.077451,6.070084,131.56446,0.257903,0.168946,1
6.871169,220.265288,371.732135,51.350258,960.612092,264.357695,0.383898,0.609553,0.596543,704.677591,278.444055,23.402844,100.0,16.780889,25.925583,57.808983,5.962144,88.504052,0.182434,0.124648,0
39.641222,141.414041,304.805924,29.551422,100.0,60.162101,0.348064,0.613781,0.583604,106.189602,111.832343,22.519353,100.0,34.791575,51.874381,9.141695,0.0,60.931205,0.25091,2.567486,0
137.593294,327.103374,785.0353,57.413634,784.597067,227.338005,0.828643,0.517288,0.550233,120.546845,120.709343,19.439991,100.0,19.603782,64.796172,19.106105,6.052088,166.660921,0.400347,0.510242,1
132.27697,484.772414,675.260539,40.793702,1297.615109,110.409911,0.787152,0.848488,0.752113,359.467782,166.686798,34.040125,100.0,35.130048,42.675093,21.40715,7.751647,186.81072,0.374227,0.904118,0
34.55418,110.160068,349.607874,11.374438,710.830983,137.489931,0.319284,0.462734,0.268415,19.366714,354.759426,31.527693,100.0,17.268971,18.466164,60.0,8.731768,87.28493,0.18759,0.180344,0
111.623294,249.390392,422.005666,53.680114,787.634123,258.94327,0.51787,0.10552,0.190895,42.958505,985.845873,8.008529,100.0,15.149139,33.781086,53.554681,5.407582,141.256015,0.292126,0.059144,1
58.264723,295.740711,502.923656,31.909585,981.203025,25.757297,0.68863,0.642143,0.567989,257.996389,48.919939,19.961524,100.0,39.84866,22.757719,38.015703,4.387793,176.414118,0.313016,0.317616,0
86.03464,121.771518,359.450925,12.790143,837.019784,123.40184,0.548331,0.467784,0.299158,166.416633,194.528677,26.314219,100.0,25.085309,69.533473,5.397371,8.251382,91.838308,0.312732,0.993881,1
158.552263,197.189146,562.70601,13.397957,384.742249,140.876363,0.525218,0.768663,0.652891,125.946879,404.622556,25.952602,100.0,45.839723,28.696621,23.668188,9.086472,103.064755,0.27606,2.202775,0
35.886036,298.159472,658.344892,42.814366,881.826938,257.669752,0.689081,0.478623,0.533747,164.446549,62.127295,19.145416,100.0,10.0,40.056358,49.326188,11.052502,146.111688,0.290416,0.639371,0
46.192757,239.231383,297.860853,7.605488,1397.036585,71.720789,0.428257,0.659164,0.685418,424.901193,581.372393,31.94965,100.0,38.357073,54.81409,5.0,6.145511,112.886554,0.226415,0.576002,0
160.655443,218.811883,326.547636,20.762657,374.412026,341.068678,0.379581,0.31879,0.457396,322.990755,680.37409,18.516984,100.0,26.587695,23.893928,46.503707,8.296899,97.532967,0.250982,1.247691,0
253.442054,297.526976,448.202098,12.688317,712.759055,359.194303,0.456052,0.595603,0.6412,146.852077,237.758623,23.83141,100.0,40.07532,25.7509,35.204963,10.082512,128.69219,0.245582,0.231892,0
125.399032,165.047114,507.485404,29.259259,209.184338,294.807651,0.358317,0.294828,0.338002,186.552369,337.632668,23.537919,100.0,27.36675,56.903987,11.714027,11.928365,95.536767,0.162981,0.865115,0
81.920684,197.630576,420.900111,27.789457,1370.690975,107.896501,0.371257,0.361547,0.324945,56.977705,246.047286,25.45722,100.0,38.722036,56.399853,5.0,3.00048,105.982134,0.30987,1.592007,0
124.552248,183.626938,346.507102,33.703204,853.820897,238.991995,0.324998,0.310099,0.400997,194.016419,118.722852,20.546498,100.0,28.948504,21.977963,49.767825,10.03489,65.16166,0.171637,0.011379,1
39.44091,99.519182,172.031081,20.379998,474.900183,29.933291,0.120089,0.855482,0.849707,180.174895,102.696882,26.90947,100.0,33.073031,21.2515,46.709426,2.183955,49.455675,0.124273,0.632872,0
67.614275,107.420891,410.140789,6.762397,946.1328,313.660554,0.45957,0.159512,0.142846,210.16565,31.480872,18.977304,100.0,46.426045,46.585815,5.0,2.224076,102.437815,0.238423,1.025092,0
13.542068,117.78231,493.734567,38.791236,298.199893,185.757434,0.60633,0.382609,0.419878,105.018945,414.368289,25.999519,100.0,32.634502,46.453227,18.919901,5.477705,125.821696,0.395335,1.602249,0
40.259278,75.971163,169.856808,25.55449,383.252234,63.5181,0.202456,0.875805,0.808737,105.916759,325.998519,20.552178,100.0,25.114972,28.356319,48.990268,4.340161,57.394839,0.144627,0.394575,0
90.210242,242.169424,288.176633,40.823425,169.933235,117.869961,0.12458,0.597968,0.634131,195.812624,105.764752,32.356848,100.0,21.488914,41.883258,38.363773,4.362878,87.244949,0.166093,0.083537,0
75.695545,293.529283,473.533278,10.976683,366.610381,288.267388,0.490666,0.784012,0.757975,127.745347,297.158646,22.519283,100.0,37.371764,19.751496,43.006837,3.548862,123.182145,0.295273,1.838387,0
4.117565,123.461615,306.626752,5.757755,1578.668792,313.281636,0.388031,0.561233,0.665155,381.363551,403.492562,25.035808,100.0,44.35624,45.662419,8.405189,1.817971,73.352955,0.157294,0.410976,0
52.576336,245.013794,688.17303,18.656184,533.440834,187.096819,0.705584,0.760989,0.823268,1117.728046,79.160817,30.518108,100.0,39.35713,41.394811,18.664484,6.341538,133.163614,0.407545,0.637057,0
74.476145,164.337176,286.518403,30.110103,1133.112561,172.91214,0.271426,0.585007,0.508183,5.0,39.60955,25.268032,100.0,51.168372,11.075479,38.896149,5.545783,68.875482,0.183583,0.486119,0
76.792751,129.50158,236.542122,26.673959,481.84929,270.264509,0.180561,0.368204,0.501885,120.180126,23.625091,28.818996,100.0,35.245924,31.62199,32.017694,6.965411,42.785137,0.144187,0.178099,0
17.176506,93.367311,197.24167,49.566641,1279.766873,297.428264,0.356295,0.460313,0.400101,255.11425,8.917854,16.769102,100.0,25.824743,32.389978,43.297096,6.869689,108.861793,0.221609,0.456166,0
113.219602,138.286209,215.225302,25.78107,386.959,275.344852,0.318114,0.369788,0.395985,32.100322,69.030223,27.314504,100.0,47.007489,47.525213,8.312987,3.854452,103.820656,0.299417,0.705438,0
229.100529,291.718324,457.42099,34.174265,919.613964,138.394098,0.420685,0.33788,0.500432,144.241766,432.489383,22.798971,100.0,17.186019,21.002955,60.0,11.069748,103.850426,0.227835,0.015306,1
123.504547,210.183526,524.586193,37.643358,926.425655,231.093274,0.39578,0.61519,0.650775,101.920264,18.349229,29.140803,100.0,23.133776,55.205548,23.347688,0.0,106.721675,0.22945,0.089895,0
67.65384,168.747561,491.823575,6.200727,2063.902668,308.649567,0.540311,0.440589,0.381853,180.744165,326.009009,26.896827,100.0,32.857984,38.338254,27.237342,11.349872,113.011493,0.310064,0.45222,0
193.945022,390.353604,470.26786,33.332336,1215.212644,54.633828,0.409973,0.842947,0.658397,41.225459,313.721137,27.146255,100.0,20.7384,54.245063,23.938691,17.372701,117.025204,0.237361,0.306598,0
39.543968,282.773457,634.388383,23.965719,603.547993,139.729207,0.677499,0.833268,0.684016,79.859264,129.107469,28.214662,100.0,37.941797,15.569875,48.258966,4.979033,139.844712,0.374974,0.533917,0
102.459979,218.428828,410.87621,28.170407,1242.524482,20.382798,0.465028,0.356156,0.430596,296.19388,306.755493,30.168079,100.0,27.248976,41.903236,36.668839,3.5667,120.130745,0.264688,0.203188,0
61.86707,104.487817,139.788463,10.515807,1969.087235,147.195823,0.426511,0.694254,0.630324,439.863471,419.802237,11.624497,92.994475,43.635995,40.248527,15.47473,5.763676,91.754104,0.287112,0.170392,0
195.45298,237.701689,529.521025,48.055131,100.0,278.02155,0.542303,0.262174,0.297999,140.312776,633.773737,19.342652,100.0,37.37614,40.786431,28.978451,4.499414,119.231749,0.302615,0.068189,0
26.843242,90.356845,453.89081,56.832234,478.758979,70.93024,0.685883,0.615124,0.664038,5.0,27.694159,23.893453,100.0,52.840975,43.08704,5.0,11.626818,125.680503,0.328832,0.166274,0
26.776911,82.053482,210.094641,6.224785,781.55122,195.079374,0.286772,0.894041,0.813563,20.533356,114.56822,16.951686,100.0,12.58641,41.925286,48.662908,4.724424,87.22078,0.234622,0.409677,0
163.302183,281.080023,470.648186,38.075502,691.455886,13.170864,0.433358,0.453289,0.435116,24.286005,120.537783,22.568026,100.0,37.196284,10.0,55.918374,5.458518,100.079764,0.27223,0.301171,1
96.911165,141.509918,303.235164,47.011424,733.621651,323.153997,0.252202,0.491948,0.473471,59.02068,361.869442,25.190808,100.0,33.454639,64.168982,6.130902,2.475078,62.905614,0.161449,0.562912,0
172.84439,419.985708,621.430509,20.664417,247.883867,295.20169,0.540513,0.265156,0.399348,9.751101,56.901881,33.490969,100.0,33.342588,27.473698,38.087992,0.0,132.976939,0.234971,5.277505,0
29.481323,205.807984,364.066745,48.315557,1601.978027,188.787309,0.452365,0.570541,0.647844,498.261049,19.127658,28.347662,100.0,27.4113,28.447138,45.693972,7.434175,119.349226,0.249132,0.735077,0
34.999313,236.144667,451.162765,39.779528,188.695701,254.083319,0.496404,0.260923,0.332975,107.521735,528.468509,28.335502,100.0,35.592661,38.904037,26.052223,0.0,142.565706,0.315264,0.231869,0
84.371856,145.587771,169.741711,56.103945,799.893595,37.409819,0.1,0.703428,0.662414,244.210507,40.675467,24.325395,100.0,10.319575,45.569707,43.669401,5.942347,39.153161,0.1,0.453606,0
14.233634,58.817717,182.982219,58.955265,1422.915296,304.275419,0.357551,0.309267,0.250716,205.990976,728.276402,13.641648,100.0,10.0,16.83142,60.0,5.83601,101.203785,0.19806,0.444312,0
79.80939,138.274864,309.651134,7.329036,884.907571,257.494151,0.510894,0.939596,0.800761,460.197157,192.359629,19.664884,100.0,22.853635,14.033879,58.987692,1.889025,127.809453,0.256283,0.305996,0
45.552378,152.054738,422.244641,29.471577,410.302917,43.188263,0.274029,0.336146,0.411433,211.447794,195.573226,14.221566,100.0,10.0,61.563451,28.228823,0.0,61.208056,0.227882,1.211033,0
61.563601,160.07826,184.570234,35.084328,225.662172,353.048143,0.358087,0.567365,0.42663,268.020751,205.49848,27.382861,100.0,36.215691,32.417829,30.137841,5.675451,93.000597,0.150741,0.092868,0
112.711172,343.747742,708.418641,13.070878,785.000402,8.11096,0.870465,0.415913,0.436735,160.712527,496.478033,24.609713,100.0,20.983541,42.737845,35.598494,5.329677,168.251346,0.436567,0.711944,0
117.087598,375.871096,566.33551,23.495721,521.485217,226.263911,0.401779,0.750145,0.743823,434.87997,97.498691,25.269305,100.0,31.11535,21.696412,43.548545,5.535702,112.62034,0.187974,0.015936,1
221.168967,331.781899,677.816974,59.32061,1002.615546,61.831799,0.629418,0.608421,0.617772,102.810179,644.13732,27.022092,100.0,35.064653,63.758567,5.0,18.044761,125.985119,0.30286,0.263423,1
145.856686,176.772144,411.877762,5.892675,199.274426,258.932754,0.365141,0.556116,0.535841,432.50829,627.816922,21.208888,100.0,30.071482,51.309956,19.477156,13.1484,85.916164,0.250956,0.135748,0
7.164531,87.19601,509.8338,29.887936,1306.517868,25.346251,0.630748,0.585474,0.529695,46.69815,194.61269,16.190701,100.0,39.073022,29.028287,29.216744,3.075821,119.181137,0.377586,0.994097,0
29.10646,485.783887,730.76345,51.346004,957.774762,29.196318,0.67968,0.623321,0.540317,917.963338,193.926241,21.396006,100.0,26.55762,62.519084,11.895116,9.216117,155.964926,0.376834,0.039361,0
31.596088,64.134262,112.920345,22.814569,994.918197,167.865027,0.150526,0.690869,0.710421,334.522901,163.742709,26.742402,87.872861,31.04023,48.650811,20.654015,2.024548,55.06602,0.105771,0.529614,0
135.199377,256.316075,534.805427,31.388918,1620.538389,357.843408,0.596711,0.755834,0.748735,129.147051,521.457939,13.736999,100.0,26.120773,50.981226,21.871482,1.115391,152.124798,0.243198,0.049751,1
199.419137,257.591302,460.815589,58.792516,681.102251,99.545846,0.647655,0.251608,0.324496,491.803831,0.6737,25.200294,100.0,42.010673,52.156978,7.576826,12.148929,150.62175,0.401906,0.689495,1
19.849123,349.03043,467.267028,31.118226,537.091653,220.510138,0.491012,0.724751,0.670526,28.817413,362.616163,16.789773,100.0,17.000642,32.040167,53.871133,0.0,109.18622,0.189285,0.788325,0
137.7197,266.445217,475.676103,12.200672,626.118186,186.695667,0.457251,0.399972,0.378689,22.168934,754.939855,27.549178,100.0,35.834972,66.855672,5.0,10.165722,133.63575,0.326722,0.140165,1
67.761412,126.401069,375.182966,7.844682,803.736715,303.163059,0.39047,0.702106,0.764281,350.806901,321.202807,16.344518,100.0,48.600168,66.057016,5.0,3.530764,93.922402,0.265973,1.018844,0
60.090285,131.352892,348.244064,56.997911,854.517553,103.892259,0.461822,0.41805,0.517522,29.121749,237.583037,28.709657,100.0,36.91652,66.670975,5.0,5.747248,89.893664,0.286632,0.056896,0
38.971482,56.59098,116.251578,19.619518,484.651132,199.779977,0.1,0.433479,0.420615,49.633901,173.387495,15.618321,72.240036,25.120403,10.0,60.0,0.0,37.746515,0.153287,0.525234,0
53.213493,173.060117,621.164724,32.723515,100.0,342.224465,0.626346,0.768439,0.663917,691.244091,60.876645,18.306515,100.0,35.387722,38.610156,22.395737,5.073489,150.249889,0.255061,0.577485,0
80.119663,202.527717,507.382228,9.988597,619.5355,119.730891,0.437501,0.665214,0.538321,45.237485,9.205631,28.063771,100.0,24.494692,43.818986,33.794715,2.645337,105.455387,0.217842,1.320268,0
43.256539,75.380653,257.677431,28.301032,1079.912833,158.186009,0.198726,0.796515,0.9,5.0,101.796419,22.946337,100.0,43.673603,32.955065,21.784782,0.0,48.757666,0.244476,0.025939,0
93.244434,243.85868,394.345639,56.155804,968.129153,319.972793,0.240726,0.834456,0.759698,162.8672,891.750637,12.20016,100.0,36.715264,38.195455,26.633056,6.841976,78.535843,0.102617,0.416765,0
60.312925,316.84059,747.176873,32.632715,1499.777235,119.699589,0.683601,0.678758,0.614959,553.236973,547.281365,28.242005,100.0,33.51452,37.54594,24.968557,5.240294,133.345646,0.397357,1.575001,0
54.810135,93.498405,309.025183,58.412433,1877.743272,137.042555,0.470544,0.49819,0.387401,205.228373,1.532051,11.298251,100.0,47.220126,59.567167,5.0,8.84329,87.435202,0.335414,0.244225,0
106.986125,255.301838,318.197765,19.23596,1279.666886,109.482771,0.17213,0.231814,0.19377,121.993073,121.690709,22.933253,100.0,32.488103,57.370273,10.162693,3.414856,80.469694,0.1,0.99038,0
86.246638,237.101642,668.636381,32.749988,1591.260321,291.431295,0.722613,0.081189,0.107939,367.250325,10.734136,36.4443,100.0,15.640159,43.618966,43.170106,5.504552,149.507975,0.381378,3.725363,0
4.479239,115.521645,249.905963,52.274194,1283.387146,334.939309,0.247537,0.294915,0.232041,489.442493,147.179737,24.488712,100.0,32.374839,45.126373,17.291591,3.435002,62.983753,0.261445,2.305861,0
96.351807,212.677651,275.012929,29.65388,1754.949628,227.195597,0.227421,0.466628,0.672776,136.988679,129.341687,21.909305,100.0,28.633713,38.525134,28.950091,4.093116,74.767333,0.258335,0.620871,0
82.502386,151.709899,370.17509,20.371806,1825.426817,224.506847,0.449036,0.683711,0.763036,50.494153,227.311743,23.567082,100.0,31.390775,70.218692,5.0,3.470283,113.560246,0.135228,0.133244,0
152.618777,169.52431,282.519639,52.051145,1375.582585,140.401303,0.471198,0.237464,0.307025,344.766522,75.477666,17.446875,100.0,37.156398,44.136605,18.415229,9.982692,147.102704,0.299465,0.003141,1
85.123753,211.812694,381.419281,26.443921,1253.190073,4.49415,0.574006,0.180751,0.234566,150.839063,261.280121,25.035367,100.0,39.379106,66.020982,5.0,4.07514,83.182146,0.297567,0.872008,1
50.664133,225.209794,466.753415,34.189781,797.383914,62.617536,0.52511,0.469625,0.591231,92.437459,616.106295,37.012199,100.0,19.759313,53.656363,27.793399,3.85493,120.123139,0.333019,0.095441,0
37.607722,84.741679,95.144078,58.708989,879.33136,53.077808,0.173844,0.664416,0.709565,175.065051,106.472473,21.447991,71.531669,31.89934,47.556858,19.021614,10.493927,49.239446,0.167596,1.018909,0
11.401787,70.550038,271.095231,15.256581,731.081334,41.717521,0.369586,0.485753,0.530044,160.818394,23.552475,19.132877,100.0,29.516194,13.808381,54.542771,2.995726,101.230443,0.216414,2.62291,0
66.96981,120.627981,495.316231,21.577035,1210.625805,235.457034,0.768715,0.683002,0.704083,274.158435,40.209186,26.844394,100.0,34.030254,57.824996,13.106716,8.157579,145.02099,0.457985,0.337535,0
31.946416,165.102433,232.614413,6.708828,539.825981,49.085623,0.268454,0.593138,0.570431,323.04923,55.859734,28.46763,100.0,36.284285,10.49655,51.8382,0.0,69.216196,0.187995,1.164699,0
169.328985,289.910003,309.561835,26.551074,804.446895,30.828223,0.476621,0.596654,0.696753,208.678698,5.081408,24.62293,100.0,30.94289,35.061207,28.013431,14.097637,115.93245,0.348129,1.221882,0
69.359648,119.04794,430.648485,16.010089,100.0,137.729342,0.406814,0.622661,0.658883,24.235574,253.960793,22.145254,100.0,18.287719,16.25317,60.0,5.566386,114.02661,0.261742,1.779925,1
23.78901,120.439378,314.667373,42.401921,1761.544947,89.648159,0.284404,0.858532,0.865853,204.677327,286.484871,27.330322,100.0,30.675232,53.766679,13.143653,4.520251,47.59687,0.130298,0.451942,0
7.857157,106.850125,367.459955,14.97268,789.762709,52.509796,0.589231,0.209644,0.357957,573.554113,42.959135,15.201797,100.0,44.518495,31.579581,16.772408,5.73432,122.717544,0.31298,0.095204,0
12.214552,140.463405,276.115914,42.114701,1127.790219,52.606035,0.334964,0.224759,0.230652,38.576784,175.940793,21.069063,100.0,19.441399,48.60545,33.918945,11.151311,90.075084,0.281027,0.035263,0
90.295943,165.39508,379.686673,19.491149,1628.893347,92.234054,0.44519,0.557673,0.538575,452.817168,87.289715,10.130057,100.0,46.670657,10.0,47.066219,1.676519,127.669079,0.192167,0.211921,0
183.23981,390.600982,825.179824,24.536981,1050.146719,193.265915,0.856098,0.648193,0.587549,357.319694,363.390396,23.354839,100.0,13.108626,52.469103,35.443892,0.0,168.280041,0.395432,0.318642,0
105.106678,234.524347,497.648678,24.187336,1622.171851,272.914416,0.433736,0.588182,0.693773,315.493379,229.724133,22.718864,100.0,33.882124,51.508164,14.048317,6.693796,99.626926,0.105838,0.374552,0
61.411078,266.417521,340.669365,44.421346,279.131094,306.999592,0.345742,0.678246,0.690373,154.849088,523.653345,30.305992,100.0,24.909804,21.712943,51.969506,0.0,105.272896,0.157948,0.36175,0
256.88892,384.046339,739.364788,30.658009,2098.688295,270.510426,0.664255,0.443974,0.344792,9.951856,35.36105,18.876461,100.0,31.437128,29.396448,38.530353,6.005186,152.027543,0.24916,1.39715,1
122.659654,257.572774,432.687065,24.871439,1443.555099,226.156773,0.501002,0.0,0.024326,250.946366,101.133239,30.230897,100.0,39.676207,59.56036,5.0,14.532076,96.269452,0.197655,0.204302,0
85.739358,112.566713,140.130176,51.89425,1004.601246,326.744848,0.255774,0.688477,0.689018,121.697891,128.255303,22.742519,100.0,41.9734,42.557313,9.134623,2.843032,83.191872,0.234458,0.61549,1
49.461274,169.912114,268.226054,36.457284,1612.539666,187.105249,0.267941,0.181375,0.303176,202.991135,88.7116,27.836829,100.0,45.733756,51.754994,5.0,0.0,77.484009,0.15319,0.319366,0
189.953793,284.961703,366.989277,16.760695,315.682557,228.008463,0.614718,0.729601,0.763963,254.249318,209.778715,28.630446,100.0,14.591295,10.0,60.0,10.231246,127.858799,0.2727,0.462719,0
53.69154,272.783756,442.057448,54.50502,755.692561,148.183398,0.473011,0.551685,0.616085,154.536961,34.082495,24.287364,100.0,21.963877,35.499946,38.473186,9.656055,102.096708,0.20892,0.382921,0
31.837048,230.991595,592.64987,23.845766,1622.125198,117.858312,0.614031,0.531417,0.501475,148.870349,394.677863,25.647295,100.0,25.315281,54.60319,22.780891,9.475848,139.85239,0.329591,1.070737,0
63.614408,297.672003,600.168752,7.143866,100.0,119.416241,0.744493,0.153448,0.177067,138.762165,164.885904,20.546501,100.0,23.324646,26.480043,54.96514,0.0,142.15048,0.426342,1.204512,0
74.475564,134.770454,250.987803,32.203012,1180.228887,53.394221,0.225847,0.462881,0.56501,124.380094,1500.0,31.192142,100.0,36.283284,27.769386,34.15535,4.31127,73.170465,0.191442,1.739825,0
130.5776,230.724132,477.578428,11.816593,1166.08808,286.775154,0.453854,0.457927,0.336069,85.612391,384.208489,40.0,100.0,40.347639,37.996129,17.537338,8.226022,155.644688,0.28011,0.109681,0
31.118955,279.619692,407.932909,18.115654,1884.612908,19.93251,0.475293,0.664408,0.650164,35.185354,38.272153,15.251202,100.0,11.167982,25.886489,60.0,1.767542,100.958742,0.302067,0.596159,0
36.914213,95.968801,245.325078,46.091098,108.52229,242.886688,0.160961,0.391727,0.31278,368.134757,885.763103,24.409424,100.0,19.575944,60.961203,20.464099,11.111142,79.208793,0.147295,0.072323,0
38.774087,258.810755,485.015159,12.19135,1704.815529,311.205669,0.488518,0.0,0.013452,67.608332,259.27615,22.267951,100.0,29.745175,49.742821,27.922212,1.450443,137.622639,0.166936,0.985245,0
60.844364,265.382552,332.669373,49.381932,620.264628,179.074205,0.587857,0.291158,0.322611,488.017431,25.929025,26.679277,100.0,31.472399,38.121173,28.031416,5.23228,125.93847,0.345387,0.231376,1
24.317212,122.094684,280.852706,56.529901,676.49527,25.272281,0.521623,0.449327,0.369399,209.38787,405.760809,14.327796,100.0,48.956519,71.901807,5.0,4.664833,105.423118,0.250163,0.224828,0
167.868999,457.128226,617.485899,38.359266,288.997807,154.230286,0.714585,0.451225,0.511223,433.194385,32.771362,17.669015,100.0,18.000707,36.348469,45.27477,13.02124,165.279294,0.240139,0.569319,1
12.377912,222.670793,328.531913,44.069756,356.073981,123.561577,0.497527,0.62049,0.620896,358.085534,82.28067,34.356229,100.0,25.551378,46.282664,28.516821,6.420272,122.016757,0.282085,0.00296,0
193.837901,229.930936,474.346906,44.247264,1101.761174,354.794155,0.552533,0.515566,0.520803,33.035798,218.855313,32.786666,100.0,45.879236,23.622467,30.423249,7.9338,126.73239,0.37725,2.844059,1
121.159666,382.372765,628.171834,59.604438,343.834043,248.855473,0.590795,0.274733,0.463769,156.022053,200.461391,14.39111,100.0,25.8569,37.672061,31.444498,5.460847,141.063395,0.351864,0.782872,0
29.274103,127.236119,215.19679,23.784604,1270.142167,259.68953,0.447275,0.71827,0.723771,291.043812,31.394932,35.827683,100.0,39.504085,49.424036,7.370722,4.375283,89.21835,0.161784,0.494025,0
56.767189,189.760257,255.018891,13.95711,568.516977,185.697691,0.221884,0.142915,0.176424,485.291368,40.886466,19.53933,100.0,26.327507,48.886074,27.197372,5.395957,61.255745,0.153499,1.208352,0
34.050856,167.511445,343.927478,33.554198,293.483097,255.389132,0.489185,0.316303,0.329574,136.583293,55.659104,29.022935,100.0,28.585958,23.829989,51.424051,5.644428,122.643411,0.219178,0.34014,0
122.720008,278.64982,374.253266,34.32874,636.095427,260.125552,0.367196,0.628548,0.686107,33.331002,32.635023,23.347655,100.0,37.735277,17.483334,40.775039,7.005448,88.253853,0.145054,0.108474,1
179.754568,431.721352,568.880255,14.785187,1068.353596,23.889197,0.538651,0.424566,0.527678,59.306462,73.248756,25.574242,100.0,28.456755,39.561644,35.620614,8.204548,134.391372,0.262344,0.087745,1
300.0,431.765408,440.827347,38.721018,761.323369,80.138349,0.528569,0.360864,0.425947,222.981378,180.361225,24.946,100.0,23.290633,44.597682,25.126538,9.163596,153.810663,0.257009,0.439989,1
100.056572,193.151215,352.430268,5.77686,917.105059,4.66832,0.602963,0.857858,0.9,112.559665,269.516069,29.810992,100.0,39.179477,10.0,51.596681,5.093339,123.388384,0.23357,0.502956,0
12.802428,61.207576,203.077992,56.021762,1248.103731,183.530666,0.415482,0.699712,0.651157,116.669222,691.630652,21.061401,100.0,21.529032,72.82239,5.0,5.148912,77.641826,0.20513,0.081271,0
27.073241,99.015637,168.493687,19.551585,1441.210726,315.287948,0.277096,0.610536,0.655322,5.0,83.91064,35.346135,100.0,39.752547,43.267102,18.020037,0.0,65.384542,0.163842,0.103092,0
96.263103,297.302292,588.816309,7.175811,744.952346,219.439632,0.606781,0.55618,0.547387,499.127286,119.620127,30.817271,100.0,27.579389,10.0,58.321267,4.56109,168.308278,0.243908,0.193901,0
58.868905,288.447413,427.84789,10.953719,377.888992,180.07471,0.541818,0.38522,0.36913,421.610997,371.934524,22.03871,100.0,21.38375,44.996232,36.018534,3.840987,115.08397,0.179259,0.594475,0
119.906893,198.24628,389.491302,18.213692,938.047239,333.347705,0.567584,0.41944,0.462711,197.071488,141.165882,24.460544,100.0,40.730166,12.46538,45.833825,0.631324,142.976671,0.238087,3.253247,0
86.950161,263.375888,545.197213,20.064839,1135.324793,61.998664,0.387362,0.145368,0.067655,267.804215,465.150933,24.949468,100.0,26.592486,21.810772,49.246609,8.752732,95.098319,0.133706,1.457972,0
29.705504,97.000842,351.556546,6.80455,169.637347,26.857551,0.386122,0.58603,0.616034,348.91773,519.744064,21.783746,100.0,29.280211,45.650131,23.655369,0.90569,93.230777,0.231211,0.066873,0
51.166946,72.216109,126.738268,20.364515,454.695851,330.230065,0.102484,0.558109,0.602996,78.216807,327.141543,22.203799,100.0,10.0,18.073779,60.0,4.372993,34.36148,0.115308,0.150954,0
124.244848,155.513835,352.874754,15.611796,540.406552,325.001432,0.378076,0.952525,0.864135,194.774282,249.504732,29.041703,100.0,18.53693,22.994976,58.231319,2.689441,105.404983,0.275257,0.214847,0
90.854374,303.895776,408.4554,25.824151,796.088906,245.870095,0.321397,0.75453,0.743572,296.696212,366.973266,27.76926,100.0,44.160668,51.846047,5.0,4.90485,78.504602,0.1,2.137896,0
120.913061,143.098103,486.905247,26.184226,519.483048,88.552498,0.333263,0.478303,0.669643,12.042575,73.034991,20.993191,100.0,33.523177,36.420968,32.08771,14.942811,71.597746,0.262644,1.161528,0
18.328151,184.840882,677.459428,23.645426,1253.520363,349.115049,0.543915,0.461056,0.67376,652.218483,161.085782,24.630488,100.0,44.071966,30.947872,22.771228,5.524042,110.242967,0.207934,0.777043,0
31.786584,156.615095,528.932896,23.035814,100.0,275.524687,0.494242,0.797144,0.669669,48.821954,500.7911,18.163552,100.0,30.397081,35.448192,32.217398,2.915145,114.033815,0.248926,0.636579,0
159.22903,380.800295,668.357816,9.93522,110.140651,242.60205,0.726759,0.448221,0.441589,94.911886,68.591389,34.417874,100.0,32.306369,65.405579,10.010652,1.430007,167.289883,0.317431,2.170668,1
19.15128,134.62014,305.166282,6.386272,733.055594,80.248077,0.278001,0.743936,0.757846,115.196352,78.180787,28.757942,100.0,49.770824,51.669984,5.0,0.956218,48.918712,0.109587,0.305529,0
115.596111,260.894325,564.058033,16.116287,812.173598,184.712102,0.492879,0.626542,0.804024,35.786381,67.723195,23.62701,100.0,36.156813,16.023571,41.371266,3.595157,104.132458,0.265582,1.243009,1
16.789458,139.458215,179.188958,46.615719,172.678064,296.127447,0.291882,0.647444,0.659145,101.163378,23.291868,25.178991,100.0,49.58058,62.187262,5.0,6.757508,103.291151,0.184904,0.006568,0
73.541171,207.628255,321.254246,59.494537,596.625579,309.693681,0.401745,0.290494,0.374868,133.978544,70.455591,28.9955,100.0,26.467716,31.351668,41.18374,4.835175,101.139002,0.318538,0.13898,1
44.827765,147.51318,395.056261,56.06894,699.478091,202.114842,0.606016,0.743535,0.768782,33.977327,57.494129,20.895577,100.0,28.748823,36.764822,36.63683,9.516884,94.765699,0.298579,0.009997,0
29.293048,176.472085,333.104265,32.732065,703.351026,188.205784,0.476607,0.501286,0.559557,277.155231,631.100829,24.029271,100.0,23.042822,22.590264,52.316482,3.635454,118.142656,0.23053,0.280482,0
78.370311,163.389466,241.576442,34.250312,975.940742,251.166178,0.20275,0.617659,0.640824,125.881341,173.854766,28.292499,100.0,37.589063,30.685423,33.977999,0.119224,67.473234,0.11278,0.884227,0
153.645628,345.636593,589.116567,22.301986,569.210558,190.169584,0.533692,0.612694,0.597209,521.03197,410.545806,16.835767,100.0,21.60726,41.231113,35.654316,11.143747,139.465645,0.232745,0.127099,0
36.130549,150.137623,567.225968,47.566669,1638.91815,150.365174,0.65679,0.606523,0.5767,5.0,237.763826,27.359627,100.0,50.095219,39.259151,12.120993,4.184013,141.404328,0.199717,0.238815,0
5.788121,188.396624,583.113379,47.061618,1144.10232,30.750844,0.506991,0.463125,0.468351,502.663799,88.456518,39.030925,100.0,13.612356,65.741251,23.903829,1.768654,100.045676,0.225925,4.750116,0
60.311956,120.270614,235.214722,51.43498,496.44324,45.377883,0.267498,0.348084,0.339556,24.663083,109.791254,14.140654,100.0,31.499367,19.907983,46.645619,6.382299,78.306594,0.19756,0.188346,0
28.999609,108.648516,570.902725,54.252752,947.255747,273.699169,0.414222,0.114102,0.256857,102.226782,24.774236,29.505587,100.0,25.151539,35.693966,41.637203,7.568465,106.345874,0.183923,0.067233,1
126.162296,158.103092,288.697847,28.889209,962.007659,8.879063,0.214731,0.312412,0.319126,342.463334,185.084169,16.683217,100.0,34.40375,10.0,52.05974,4.566679,63.275071,0.204407,0.248576,0
44.709005,180.51198,380.976809,47.178156,1507.360737,18.829809,0.549768,0.672567,0.656013,16.045918,231.829934,15.736047,100.0,23.209968,28.893747,48.032388,8.46515,138.716793,0.271093,0.774457,0
37.408136,169.016897,502.182823,49.35193,599.808786,325.671688,0.543575,0.344597,0.350941,720.342822,267.296098,21.657554,100.0,34.011291,54.680261,11.818226,2.199909,92.399658,0.306749,1.038987,0
49.229276,119.882714,143.417132,21.965279,1283.669349,253.438961,0.159004,0.384733,0.265864,59.84631,754.074573,27.194986,100.0,36.02924,62.166225,5.0,8.883274,65.561967,0.120276,0.253737,0
153.58851,259.943436,452.590589,56.108323,920.927238,1.51658,0.435852,0.360268,0.381409,46.231801,29.82032,27.416009,100.0,37.621385,63.51013,5.0,2.840491,94.791496,0.193791,0.085283,1
94.415024,141.953997,235.509034,10.188783,1645.783258,112.335615,0.471713,0.539297,0.645244,24.107943,457.69127,23.305702,100.0,51.008863,31.937901,17.593139,2.393868,71.432089,0.308989,0.192826,0
24.891074,229.381761,371.791583,59.684805,1545.445726,274.794646,0.350341,0.690976,0.691014,255.179858,297.627403,17.591898,100.0,31.051592,33.048819,26.775888,10.5187,75.840764,0.200359,1.370762,0
18.295684,218.449371,551.548014,47.354989,998.489652,150.336288,0.616152,0.835548,0.881489,281.060182,126.163259,23.15157,100.0,28.542577,22.52792,49.393447,3.006752,106.4542,0.352392,0.529671,0
191.908081,294.649075,424.601112,10.1299,768.858689,168.767216,0.548057,0.428376,0.566367,115.537628,31.023433,13.121709,100.0,29.528302,34.904035,30.508779,5.403571,152.859848,0.250396,1.382836,0
36.569889,126.487609,297.53202,41.092631,1153.302955,165.167662,0.497399,0.440561,0.464926,296.331477,644.795494,29.057235,100.0,15.651387,56.889937,25.599496,0.0,95.387533,0.1,1.149146,0
156.93799,183.415993,360.809809,6.879868,809.774986,72.768385,0.321582,0.391598,0.273531,220.777604,64.168248,21.653551,100.0,42.204161,51.334208,8.804186,9.688822,93.094165,0.278904,0.323419,0
58.256198,237.448128,514.515021,47.360282,1740.153553,259.700918,0.397393,0.790088,0.819601,5.0,107.569441,30.643321,100.0,20.884849,29.887278,50.670374,5.980318,94.35656,0.173718,0.941712,1
32.275717,87.114113,407.283429,48.957261,939.235039,37.082279,0.335824,0.501088,0.414426,5.0,80.499059,18.165573,100.0,43.274235,32.822181,28.222364,8.588477,103.819457,0.128786,0.593367,0
34.731509,223.955047,442.565302,38.132564,697.178684,182.610398,0.549284,0.241546,0.184141,70.339129,124.803325,27.228567,100.0,21.953761,33.405812,45.730471,6.417052,116.501926,0.31108,0.024799,0
60.629677,91.695627,230.770629,52.127322,670.192457,61.184098,0.495346,0.446792,0.257442,238.32156,126.627677,13.384338,100.0,13.342436,29.261084,54.963218,0.0,107.434139,0.161283,1.351081,0
5.394518,51.349415,259.034272,10.38358,293.482207,16.751811,0.396758,0.930826,0.894514,222.485398,309.725325,32.094132,100.0,10.0,41.734305,44.252378,0.0,72.38878,0.267436,1.964718,1
33.316862,71.481676,206.233213,20.175811,1178.279564,51.567798,0.209349,0.712323,0.706208,189.915128,211.124696,26.644191,100.0,41.348336,49.848013,12.280763,1.27677,69.032558,0.156438,1.043327,0
242.333891,295.245682,781.431916,27.779764,489.994399,312.960577,0.883,0.723401,0.71625,14.987357,398.693604,21.826911,100.0,45.848518,74.828416,5.0,16.593754,179.062394,0.402096,0.322587,1
293.152336,600.0,771.321871,7.335187,1449.074126,63.413159,0.708714,0.472268,0.44999,349.239614,333.671863,21.381829,100.0,35.822187,38.192054,22.355747,8.043283,194.55004,0.35021,1.525707,0
36.708502,130.936971,497.32427,29.651885,253.532473,100.212915,0.439555,0.35012,0.370912,194.777509,129.855458,22.111605,100.0,20.357937,49.127174,30.583345,11.301831,75.62996,0.178409,0.524753,0
111.054718,272.646102,640.457032,19.58674,963.620724,49.714124,0.611245,0.747577,0.788252,257.866834,427.048185,23.989073,100.0,18.768561,21.837745,60.0,0.065661,145.483565,0.239051,0.053017,0
92.40977,136.622014,355.9137,26.600426,1475.111879,264.796237,0.344414,0.301606,0.264723,105.337922,966.493595,14.437758,100.0,26.659055,39.70685,33.720803,8.126735,86.338888,0.245797,0.00986,0
21.228879,81.470837,318.939958,28.380645,100.0,160.3617,0.300909,0.274129,0.32474,238.883945,197.559089,22.015664,100.0,41.729862,35.510641,21.694639,6.611851,48.225344,0.153601,1.605762,0
112.485748,422.669359,660.723101,53.367645,1909.132772,339.708614,0.78379,0.495688,0.645041,23.726394,154.177884,22.138181,100.0,28.667925,48.659638,20.300929,2.731984,148.708285,0.340179,2.602441,1
48.242137,145.030979,413.506625,19.868753,687.357401,239.15685,0.399903,0.435273,0.540097,324.94719,230.958225,30.106959,100.0,15.493493,45.842335,39.688603,0.0,114.392396,0.226964,0.817745,1
71.096024,188.586441,263.404993,54.155872,970.547691,191.300119,0.165165,0.672489,0.540738,94.032072,227.922855,20.874863,100.0,21.912963,49.023153,23.566289,12.857585,70.890998,0.172549,0.045689,0
129.779419,271.548712,892.533818,28.428403,1185.724613,236.387135,0.917241,0.577014,0.602536,147.916774,266.395709,17.817313,100.0,33.857731,35.785344,25.9612,3.057794,192.208761,0.317088,0.185372,1
51.160835,336.494982,542.267572,23.029425,1263.064528,14.553138,0.465464,0.293139,0.231673,65.315704,268.107227,23.589672,100.0,45.016897,32.512875,19.939866,9.192521,146.710426,0.266557,1.834522,0
50.66257,59.992262,475.725763,32.638163,1036.941969,342.237694,0.412127,0.243312,0.299137,40.728397,500.078361,27.507393,100.0,38.703004,18.762567,40.089691,2.124462,100.27922,0.276914,0.456866,0
103.33575,316.193692,524.613802,27.975881,1398.692292,344.31466,0.616046,0.510147,0.439007,41.74744,278.312507,24.565721,100.0,22.408217,41.333863,34.357437,10.20699,163.985552,0.31837,0.489018,0
160.327223,401.416556,617.909253,19.155477,1159.535356,99.410353,0.55268,0.282478,0.250292,46.511127,5.361279,24.350612,100.0,31.410021,36.418373,34.928525,6.172023,126.040025,0.341955,0.887992,0
98.90568,250.590884,369.532241,32.647363,1780.44057,226.186374,0.368818,0.635057,0.475774,200.419245,238.013718,24.278218,100.0,42.920243,59.884214,5.0,9.739316,100.337308,0.194068,0.08551,0
52.84805,137.401,269.39383,13.349095,1161.163771,72.689488,0.333202,0.48064,0.375311,304.791944,57.299183,23.041349,100.0,31.19276,35.399396,30.510068,6.597544,123.145123,0.11983,1.129693,0
148.170298,276.509758,310.890334,24.356147,1882.31776,197.089846,0.335623,0.509733,0.450878,141.285745,404.773676,20.640377,100.0,14.051218,29.367924,55.648747,12.751526,107.585258,0.224536,0.195279,0
89.484316,131.09736,682.024444,36.118462,1350.53942,277.484126,0.636799,0.142763,0.189862,293.530676,385.575555,19.286501,100.0,24.218656,47.110218,26.233361,11.858184,83.076863,0.303782,0.536635,1
185.521224,203.233455,576.98976,27.737453,100.0,338.335821,0.356147,0.499656,0.593717,192.129544,93.30913,24.164787,100.0,10.0,16.041009,60.0,10.880081,96.928724,0.297751,0.02352,1
221.37714,339.569723,458.189429,50.31518,2205.551339,122.118092,0.472175,0.380392,0.391613,200.793771,6.503372,25.948938,100.0,35.140602,42.629813,23.702365,9.339187,115.757798,0.258808,0.690759,1
97.651839,102.503597,297.60122,19.119697,612.827946,249.661895,0.514307,0.436898,0.435375,260.106614,69.932585,24.394206,100.0,46.242362,28.042326,28.981968,0.0,93.506216,0.303848,1.199589,0
176.201583,245.359564,516.257386,58.337437,1647.772008,257.913761,0.601783,0.593534,0.626249,353.218342,77.38292,13.210429,100.0,48.04769,18.559015,37.004345,9.297613,152.394168,0.274502,1.572017,1
179.997465,226.864112,306.743256,48.159711,913.396722,79.613568,0.323182,0.446967,0.390556,60.092859,1153.93699,29.575048,100.0,31.094431,40.108327,28.807111,8.303371,83.89859,0.195371,0.187959,1
63.469547,147.593665,257.866614,58.217616,1430.545129,226.451567,0.366205,0.367591,0.36139,1067.78515,213.758389,15.756127,100.0,22.062187,10.0,60.0,13.258384,93.909629,0.269856,0.934122,1
179.960109,269.216415,446.671317,51.097511,555.760545,235.951664,0.542407,0.458799,0.458992,189.657599,305.22783,16.07635,100.0,29.435045,47.209297,19.157088,14.96618,117.084795,0.302533,0.526513,0
73.823102,110.73194,544.368942,12.815716,1212.872272,275.067398,0.478508,0.636913,0.514984,314.997013,75.329505,17.719242,100.0,33.426486,39.394844,21.900841,4.734397,107.118858,0.389217,0.002828,0
120.747481,267.01212,383.061018,33.955305,773.404727,359.981013,0.551319,0.469106,0.460734,525.106765,37.607217,21.426973,100.0,45.503312,28.384184,29.051141,9.201789,139.044487,0.320662,0.196811,0
67.926173,299.521735,575.238938,14.348819,1689.501556,14.483653,0.605261,0.755625,0.864045,241.871738,76.388378,23.323817,100.0,35.850838,53.155631,8.974711,11.349587,145.520344,0.295965,1.381416,0
14.963959,56.496048,590.196835,50.002504,1119.334084,72.829816,0.570434,0.732733,0.650819,574.367072,230.805403,29.86441,100.0,13.385385,46.145208,40.744055,2.503386,105.86134,0.293746,1.576885,0
266.781456,305.927041,682.503682,37.128918,1367.971321,52.228235,0.839172,0.381435,0.364674,120.31946,79.542007,29.955507,100.0,40.68953,17.653404,46.084261,11.828587,181.188726,0.408553,0.298902,1
117.155511,216.424898,288.837552,19.489712,100.0,55.596259,0.138679,0.790227,0.812028,190.648187,1.995404,13.572981,100.0,10.831834,47.479755,38.344013,2.800897,92.637965,0.198337,0.733023,0
125.055312,143.376158,278.612182,56.127943,857.21366,163.529518,0.219239,0.551812,0.628289,33.978491,202.517326,13.231087,100.0,33.973367,46.152486,18.837109,11.511742,80.968281,0.149264,1.635402,1
79.777727,180.762267,359.022112,11.335233,1105.275818,316.27316,0.469329,0.851401,0.750505,23.459101,112.909281,30.430878,100.0,50.341682,30.915314,18.854032,2.298387,103.865236,0.159331,0.254213,0
179.033415,391.716983,495.919528,36.012432,1011.807453,161.540377,0.58894,0.99,0.892148,52.472718,318.970325,22.937451,100.0,13.960674,34.44186,47.12362,1.415303,131.248203,0.328289,0.664722,1
62.256788,101.649159,440.877731,44.657231,1380.578607,240.652943,0.639425,0.436057,0.489849,222.30004,69.295434,17.828865,100.0,30.52064,64.253805,7.551269,11.024997,99.589012,0.359065,0.195948,0
33.827505,307.262481,373.727986,8.23667,717.047877,135.539691,0.192071,0.335594,0.311787,86.479617,210.335166,27.496053,100.0,31.144081,44.582216,27.765576,2.645125,54.913092,0.127606,0.58107,0
41.312584,116.333149,234.265697,37.882082,924.393553,115.078794,0.384996,0.498265,0.463145,114.621052,278.544879,30.751063,100.0,31.923551,18.300637,51.710259,10.802296,63.888727,0.287484,0.198634,0
68.285615,151.695261,387.582084,49.874567,1490.613382,300.324667,0.30491,0.410495,0.549978,33.817009,506.509878,26.497267,100.0,40.926052,40.050328,21.000755,11.718858,56.500165,0.231392,1.026495,0
43.614675,107.760795,295.507744,8.714002,100.0,235.997104,0.393072,0.34354,0.347036,745.221192,56.611675,19.359745,100.0,24.440935,13.573665,60.0,4.493678,96.054564,0.234023,0.64543,0
69.195532,243.419862,346.527224,33.173363,1194.675251,126.322304,0.388046,0.633411,0.772707,553.525527,688.194396,11.060664,100.0,39.30852,46.276568,15.39295,0.0,117.45145,0.193589,0.242152,0
21.726996,132.757111,595.855025,19.220645,733.057587,329.097694,0.691467,0.667673,0.669134,82.94236,532.816413,27.115662,100.0,28.949494,29.03568,45.539617,5.12078,129.563933,0.278783,0.39363,0
147.174049,225.507755,309.413132,41.460845,443.840938,179.464163,0.339464,0.688734,0.507693,194.546779,6.946731,23.248011,100.0,33.304525,30.590905,39.284608,6.584965,94.581496,0.230526,0.079592,0
104.091328,158.409329,467.4344,11.527255,1068.272112,67.778909,0.598421,0.44181,0.557742,260.472862,584.552702,18.963415,100.0,16.48709,23.257802,60.0,14.120891,136.546397,0.308574,0.01079,0
245.119552,369.269497,632.031806,56.537829,1513.725648,173.95987,0.554419,0.784569,0.634468,44.676328,682.714302,14.598986,100.0,43.709315,32.764499,20.877071,13.912645,148.731528,0.26057,1.637101,1
34.792611,277.016162,549.869229,54.210072,1419.571916,242.891798,0.559244,0.676573,0.534462,14.82072,231.98086,25.337518,100.0,33.700863,41.817781,16.603908,12.178397,138.231672,0.1937,4.107156,0
117.486777,201.161994,251.772212,15.228593,832.443485,132.160532,0.333285,0.644084,0.64453,93.233721,259.292155,20.692206,100.0,38.437,27.74266,37.776486,6.632399,105.81244,0.228901,1.792837,0
20.717807,129.555118,309.226482,22.779624,1337.870482,303.762505,0.530513,0.850992,0.80978,182.621228,60.831576,24.990552,100.0,44.305408,25.994959,34.676924,9.335074,121.494688,0.30022,0.574703,0
69.522297,96.528367,318.178646,37.319924,1334.033949,191.931833,0.453747,0.468946,0.491619,1090.461562,98.102697,29.463834,100.0,28.827208,39.31151,30.025747,8.56691,84.524241,0.25159,0.129037,0
80.865216,188.734553,432.219208,44.493429,856.314365,168.395321,0.487822,0.452681,0.488456,240.899186,106.011561,19.914689,100.0,29.204447,33.105643,41.063783,5.42522,116.339155,0.246882,1.504159,0
13.067771,420.754189,586.071821,29.346081,553.459724,309.136112,0.662142,0.822059,0.805792,102.421423,14.7212,36.711927,100.0,12.317386,34.160489,47.003459,8.681604,189.334658,0.261235,0.035565,0
163.510234,198.907978,475.675372,13.596023,582.382984,166.65041,0.61294,0.571846,0.633826,509.604416,642.338733,23.332112,100.0,33.896029,27.091691,41.102407,0.379179,128.364364,0.330627,0.90322,0
132.208774,263.67762,435.48434,10.728332,1318.926674,149.187651,0.507615,0.219411,0.181562,107.057243,742.928367,28.520815,100.0,47.042554,22.841248,31.281488,11.600838,133.215437,0.351054,0.217077,0
104.085253,171.377219,270.663487,59.987094,878.926593,37.337902,0.22754,0.216452,0.213132,84.507211,416.788778,20.828319,100.0,31.356155,35.970079,30.686489,14.657343,100.204358,0.11712,0.022302,1
22.237248,47.422062,151.56981,30.044367,376.90889,130.497076,0.291672,0.3008,0.386188,120.869549,544.441969,27.501048,100.0,22.844134,49.58485,33.445106,6.511583,60.749906,0.143568,1.942694,0
38.132001,112.606286,363.616481,52.989246,100.0,142.937388,0.406243,0.742923,0.686161,9.748552,186.592829,18.58617,100.0,41.730118,36.860925,20.601483,4.190382,72.589452,0.20408,2.044829,0
143.783853,492.95259,600.802591,31.53068,1315.915726,65.024035,0.575383,0.688433,0.629577,15.371462,124.101926,27.933237,100.0,16.190557,33.172071,53.415019,2.924847,155.190396,0.346258,1.696607,1
68.952662,198.941474,489.492481,55.72967,626.610789,211.616353,0.437545,0.385674,0.295833,832.29371,148.772199,38.940693,100.0,25.275821,15.146588,60.0,10.619731,97.291313,0.3076,2.58842,1
57.903084,178.244029,285.544121,9.826766,1065.193878,51.783145,0.400646,0.258935,0.29731,164.903473,406.997002,17.473841,100.0,24.597112,30.391234,44.642334,6.181817,98.846772,0.217828,0.970178,0
176.069054,214.647797,291.428109,11.271056,1519.853454,80.528324,0.398914,0.534519,0.452204,269.66902,488.168862,10.039105,100.0,41.773991,29.420104,31.440547,0.0,82.911517,0.219879,0.572472,0
78.494806,279.543911,835.389087,56.12977,245.537762,201.993115,0.714524,0.99,0.863137,105.16511,124.05195,20.337386,100.0,34.50233,39.371517,25.981938,5.817911,137.71491,0.333007,0.558527,0
24.339485,277.560092,688.172123,57.112117,877.43131,96.834083,0.574335,0.738749,0.736374,220.803733,47.287118,25.782017,100.0,25.513275,38.740583,36.707461,0.0,131.372843,0.210048,1.523336,0
142.471439,389.359659,591.373216,22.30946,814.652927,230.280592,0.79183,0.548348,0.538853,216.823277,344.010438,24.539244,100.0,26.368918,75.23066,5.0,6.394788,170.581289,0.278438,0.414304,0
21.127777,213.210835,344.862802,24.534069,1089.871438,248.584728,0.479196,0.913745,0.859452,223.893842,34.236772,21.467961,100.0,33.878469,32.23216,34.278241,1.57056,137.256591,0.268306,0.714906,0
69.444433,119.646154,413.538437,29.884763,1519.579999,108.464548,0.46018,0.270555,0.44381,89.011553,1150.935956,30.446144,100.0,34.204588,50.867392,15.437985,5.505615,90.394588,0.343575,1.70961,1
87.600819,128.378575,759.110966,27.888892,235.274093,31.459565,0.805869,0.519486,0.628775,25.609922,416.359913,21.282679,100.0,33.638361,51.32912,15.369879,1.356328,147.805929,0.490955,0.831024,0
120.893985,136.786462,279.770407,15.452487,1184.898974,176.20266,0.291032,0.706612,0.750671,133.658605,108.392338,29.282518,100.0,24.643374,48.040664,30.782741,11.061904,84.606391,0.170503,0.277173,0
16.160025,60.772807,602.619473,54.410646,1415.761887,33.443431,0.594987,0.533329,0.560612,37.506208,1363.850127,21.733804,100.0,43.836417,38.111104,18.881617,0.0,155.449041,0.248428,0.467081,0
4.084276,130.974432,262.157557,18.931918,806.811468,185.484845,0.324981,0.737261,0.728286,229.275826,277.683917,18.618442,100.0,49.562485,78.492606,5.0,6.67606,78.596921,0.143441,0.133393,0
4.362283,48.435188,107.070673,43.789983,831.276504,261.438423,0.28744,0.640649,0.619269,157.310474,39.278726,24.710195,66.20357,47.57194,24.427616,29.606558,9.150203,82.727992,0.291287,0.622295,0
192.169038,399.675111,594.57345,8.693562,1109.224684,223.318725,0.464055,0.303306,0.413146,316.19706,295.404886,25.020645,100.0,45.446227,45.763488,7.010042,1.779904,123.282904,0.185951,0.708842,0
13.123927,242.036835,291.561588,7.131323,1072.408539,161.376351,0.245802,0.970844,0.878664,74.714638,46.482759,35.189955,100.0,58.161481,49.608496,5.0,0.543574,61.510767,0.166696,0.828189,0
228.007363,448.495924,732.880948,40.955176,1191.176304,340.509077,0.600475,0.422549,0.395899,14.160765,32.804289,26.570338,100.0,24.315408,11.695895,60.0,10.317997,142.995258,0.342925,2.12534,1
153.931636,174.61567,247.094989,23.645872,1180.640263,36.629004,0.395343,0.736301,0.731516,12.463614,691.794809,25.670579,100.0,25.003454,15.423648,60.0,0.0,92.216836,0.218638,0.462216,0
28.996133,149.533491,407.995482,41.050267,409.013847,316.800542,0.436705,0.280379,0.241135,156.915286,609.331977,24.693021,100.0,16.705254,57.762432,26.115825,4.225124,126.369877,0.308582,0.015114,0
6.838847,117.69304,442.769876,10.171166,1395.133249,288.046394,0.384717,0.717624,0.76685,47.030374,616.130568,20.62344,100.0,29.402391,42.813499,29.586665,0.0,102.445418,0.146055,2.053956,0
73.906887,290.43893,801.419629,57.241826,1483.391581,151.105889,0.759055,0.794131,0.813213,5.0,49.971925,22.53588,100.0,18.378182,19.628055,60.0,6.559133,174.434465,0.309362,0.494958,1
43.908419,69.867938,129.129394,46.168296,993.041447,55.032182,0.146579,0.677781,0.764396,5.0,184.785881,20.853342,85.795997,46.569049,57.445694,5.0,3.333355,42.444186,0.106504,0.050574,0
178.186934,288.046237,405.865033,53.194698,152.922347,56.112043,0.301532,0.460039,0.63636,7.299918,131.246322,24.796357,100.0,34.458775,35.154457,29.373375,10.448208,85.275126,0.178947,0.53975,1
86.894659,112.229363,260.974356,12.50588,842.627147,331.850074,0.447863,0.609558,0.628469,47.916214,203.483255,14.783274,100.0,28.41938,53.074405,16.896131,2.969319,84.687243,0.289243,1.726259,0
70.112765,266.093887,534.243179,22.608853,997.202938,84.133679,0.539172,0.657546,0.519577,32.473491,191.461813,13.607455,100.0,20.061817,65.146925,16.64992,6.147423,138.856875,0.161724,0.511087,0
58.176623,66.375614,237.985217,25.258929,327.699881,314.681655,0.430632,0.835004,0.880498,83.225974,87.534091,19.472315,100.0,17.979606,34.912326,45.822988,1.843378,106.328323,0.221849,0.571994,0
120.649003,464.866341,552.563032,34.544496,719.930968,181.186279,0.424801,0.196892,0.321427,49.39293,210.117364,18.796082,100.0,26.304689,10.0,60.0,0.0,144.229903,0.24896,0.166992,1
64.840474,212.987105,343.227022,21.327767,195.315306,166.224469,0.442171,0.532184,0.487005,296.630415,184.644467,25.741074,100.0,49.889324,25.588646,20.890598,3.420869,87.827056,0.279532,1.856479,0
260.334558,359.331993,577.42494,8.334691,1203.646112,223.024056,0.446561,0.357029,0.395326,179.483397,482.459533,20.550631,100.0,44.657189,10.0,45.845166,2.736633,110.249176,0.207463,0.336861,0
12.538006,73.176793,214.885694,25.288311,982.977657,77.41407,0.527191,0.239994,0.205004,148.746578,332.404829,27.148413,100.0,40.388563,23.475112,37.562491,7.343754,137.368075,0.259828,0.296373,0
52.912192,275.978712,742.991009,19.000212,100.0,154.213443,0.558597,0.783709,0.730843,35.72138,632.467492,20.120189,100.0,10.0,60.089922,26.618772,0.0,142.333998,0.284884,0.055835,0
107.845068,134.401739,376.556111,26.225671,1075.732431,337.854398,0.599674,0.703835,0.744357,357.320175,476.525189,37.143311,100.0,30.976216,26.245072,43.991354,10.180511,139.882846,0.321181,1.419825,0
97.194704,105.248394,193.013845,15.832775,871.745526,85.772494,0.262079,0.323007,0.289824,73.549316,314.247787,22.354789,100.0,29.326129,20.176441,44.661578,7.303508,67.845302,0.255427,0.551294,0
259.823179,402.414197,585.557726,19.404301,1158.207141,331.770081,0.57945,0.374998,0.377834,7.380122,322.719768,26.315237,100.0,24.36823,62.75494,13.02252,9.924711,160.19726,0.280931,0.158139,0
35.406067,129.124808,407.639299,39.482379,704.233783,357.915491,0.505427,0.207932,0.365362,92.025236,333.805995,20.085158,100.0,32.643782,34.810379,36.147057,9.953829,102.731136,0.287629,2.59081,0
1.436946,128.146694,356.44853,26.348461,499.2603,18.686588,0.309179,0.390375,0.432341,247.64298,632.149677,21.383193,100.0,22.111065,41.565569,33.794436,0.0,88.795231,0.1,1.169667,0
145.281093,259.413279,395.161981,23.996087,514.577687,191.296484,0.514398,0.495221,0.561602,274.145921,124.573017,26.484195,100.0,26.110698,20.428097,53.296334,6.285512,121.519575,0.248565,0.027961,0
83.644279,240.519,404.761972,34.36481,630.914892,61.854948,0.529882,0.659893,0.780545,145.234892,883.401092,23.973129,100.0,22.490376,57.571133,17.4566,5.782079,122.017705,0.301181,0.449881,0
146.230621,245.591566,425.315829,47.45233,909.412548,223.817132,0.46271,0.116023,0.183807,204.035787,80.240074,28.348631,100.0,25.010269,38.487182,38.622922,6.704743,114.20186,0.298831,0.542564,1
93.511864,167.675738,515.950864,25.837738,973.979233,356.235352,0.563563,0.582827,0.52913,11.116139,4.914419,30.082964,100.0,10.0,50.459827,42.006921,5.666005,88.138933,0.192202,2.696196,0
3.16277,104.981003,388.432584,37.313572,804.640061,322.877122,0.623132,0.557679,0.556558,151.552192,116.784028,36.344718,100.0,32.849106,14.633637,54.171815,3.26948,105.855502,0.29486,2.056689,0
98.247059,272.559073,330.452663,58.141144,688.340226,332.945446,0.446003,0.093154,0.241613,312.888105,12.264152,28.299313,100.0,38.913389,58.591442,5.0,2.44007,131.478822,0.211689,0.932188,0
35.155718,217.947251,670.90399,33.708906,724.298366,76.805933,0.592048,0.805289,0.89416,64.760001,195.257289,24.214528,100.0,23.186654,43.002033,31.832822,6.671479,139.912353,0.348045,0.513153,0
52.950338,183.748783,723.626172,55.038867,2153.862393,195.235056,0.790136,0.58129,0.580075,103.390755,353.403476,21.531528,100.0,44.334657,26.124807,29.2809,4.550012,165.212209,0.279219,1.177211,0
62.99553,74.719038,219.853703,48.651994,514.637424,84.539166,0.233082,0.62189,0.622128,53.837367,20.349592,19.78176,100.0,22.455825,31.05275,43.047538,7.576721,42.506573,0.192316,0.523484,0
21.106948,141.761826,400.612864,8.229527,621.013996,323.792895,0.367366,0.286507,0.312142,111.848044,93.473115,21.520935,100.0,18.585229,29.351038,49.361183,2.768819,81.52142,0.228327,0.292511,1
33.992869,56.17562,830.455369,28.600438,2546.927054,68.815438,0.857152,0.604888,0.544617,342.398667,441.291325,25.289579,100.0,43.574825,41.923771,13.964411,8.168262,171.012348,0.418609,0.537893,0
126.953,315.95428,506.005213,43.407512,1110.506651,55.425208,0.429168,0.711491,0.681971,427.724245,626.06126,30.993937,100.0,26.207769,39.733126,37.655235,14.843536,94.455423,0.237556,1.423965,0
126.801536,299.06663,516.584822,59.269155,210.009667,4.378547,0.543737,0.553304,0.599013,773.464515,5.481955,26.200306,100.0,34.585374,63.300748,5.0,1.810712,120.720968,0.298587,0.780697,1
10.762207,58.705264,355.250544,30.210696,1321.343602,65.50123,0.469338,0.581567,0.635591,34.581385,513.960968,22.281848,100.0,15.922831,10.0,60.0,8.309585,73.692285,0.283851,0.177677,0
84.393076,237.66437,654.874076,10.1032,444.980555,68.314625,0.847614,0.556734,0.572858,261.297673,271.473826,16.797917,100.0,30.267053,47.51328,19.635198,7.005976,179.923744,0.345748,0.521885,1
137.516774,244.668723,287.905836,35.910505,1354.530754,27.896468,0.408553,0.0,0.15363,523.69774,305.950289,19.279804,100.0,28.465637,11.919069,56.062206,8.874579,95.418027,0.215834,0.755205,0
77.572862,133.592428,319.871954,11.961009,794.51886,312.386797,0.224894,0.717333,0.693964,376.955516,365.168817,25.288769,100.0,27.833698,78.181511,5.0,8.131729,85.740038,0.202703,0.234333,0
88.365848,239.61956,655.967043,46.333576,680.102075,280.799211,0.526193,0.508657,0.609175,65.233143,80.707531,27.344307,100.0,28.038501,61.784387,13.627161,13.956965,125.17876,0.276403,0.087975,1
11.851737,277.920929,580.726988,32.922235,1704.582484,91.613339,0.766252,0.711782,0.61502,27.69958,237.371143,29.665304,100.0,34.049001,37.159612,26.475341,1.720603,168.618702,0.247564,0.372723,0
173.279412,245.102965,488.026772,44.788725,1183.200676,281.972773,0.451397,0.295129,0.432087,112.459025,250.006839,29.659059,100.0,33.286435,44.600083,21.140285,22.259116,119.64686,0.162049,2.215453,1
23.245009,155.239509,373.623386,52.8149,1386.494719,151.979237,0.265933,0.629846,0.600277,5.0,204.86492,17.933531,100.0,37.688594,38.95072,23.907044,0.661995,97.936,0.246018,0.7689,1
50.530388,95.628343,499.159269,39.592141,1117.45984,279.187311,0.423808,0.231411,0.39071,331.848667,56.443848,19.823212,100.0,10.173263,27.959487,58.881155,4.270203,102.866715,0.206211,1.456136,0
138.4668,198.949909,479.124862,38.684163,677.777738,116.282755,0.586669,0.78919,0.840841,26.558847,410.818458,29.11294,100.0,48.501079,26.097786,26.946858,10.200743,144.980177,0.175819,0.8782,0
218.3815,321.250159,836.463643,46.501366,1205.67721,203.275522,0.822278,0.544047,0.512405,176.955106,125.785909,30.240371,100.0,29.588517,37.228563,28.407405,8.211328,166.251262,0.341395,0.63967,1
54.347581,108.238977,278.531525,51.335025,1504.607696,137.379795,0.401485,0.625568,0.552178,276.762307,127.064582,23.938667,100.0,26.276083,10.0,60.0,6.071742,80.518793,0.261489,0.467487,0
300.0,350.939309,379.275379,52.797958,967.369022,67.563294,0.419084,0.57422,0.504859,157.827926,474.185047,33.599148,100.0,35.780443,58.871593,5.0,14.934147,95.274037,0.199417,0.275998,1
79.851044,119.17951,492.351242,7.003661,1800.821302,210.827838,0.408213,0.460403,0.405421,93.237926,148.430903,30.874106,100.0,30.000798,65.202496,6.16823,4.916122,100.983704,0.293077,0.360395,0
72.617512,300.832596,458.848024,35.590466,1325.243602,270.299088,0.311296,0.088161,0.024303,234.020005,32.563783,28.048108,100.0,33.283217,33.719633,36.772556,12.774581,90.61285,0.1365,0.519187,0
26.996661,203.753349,402.743352,16.894812,1005.991275,271.118565,0.358873,0.682645,0.612024,108.198728,79.436771,26.077446,100.0,27.872189,60.939503,8.028476,8.900715,92.444822,0.230308,0.27203,0
51.525081,152.159291,379.744221,52.319024,1025.743266,128.264191,0.434959,0.5886,0.633882,90.850896,752.656165,13.762953,100.0,38.290324,29.675875,31.585886,4.439136,100.748504,0.274949,1.543859,0
85.619454,270.82448,404.262838,40.661873,968.618564,186.736237,0.325268,0.59477,0.625832,399.876588,461.878903,18.400433,100.0,14.304493,28.830116,58.554747,7.793932,103.089696,0.208866,0.377885,1
108.949461,304.21962,374.548593,28.112236,274.380607,274.960295,0.516657,0.481786,0.428217,136.05861,321.844533,23.435292,100.0,34.629386,41.113282,23.963624,10.025278,119.399041,0.294678,0.484557,0
105.043421,193.993489,552.317801,15.345733,854.963902,19.619134,0.469463,0.58864,0.501674,102.771222,475.010241,33.69298,100.0,26.395051,46.210718,26.750889,0.0,114.820546,0.333425,0.506767,1
46.70693,89.775175,100.511044,23.646299,1010.593243,25.8798,0.1,0.776267,0.789798,175.969648,102.363128,31.953624,63.395264,12.003089,24.337425,60.0,5.21402,25.677472,0.144474,0.790245,0
190.930225,323.741487,968.242437,43.707773,691.957439,135.440186,0.923072,0.423546,0.468096,400.388331,72.541118,19.778939,100.0,44.150183,43.241204,6.947401,7.815948,200.0,0.311603,0.070605,1
74.633644,304.342224,506.80396,16.239775,1068.838509,80.449776,0.606856,0.640583,0.687812,82.847087,176.71905,29.83325,100.0,27.856743,42.416008,28.993972,4.331695,108.112252,0.290447,0.174855,0
70.642355,237.488781,266.350712,10.147062,910.653745,134.872567,0.475654,0.178796,0.247021,102.097182,170.126272,18.642744,100.0,43.149528,10.0,46.944875,11.566693,98.753973,0.272257,0.228016,0
25.077397,283.652484,675.940678,53.841582,1286.845946,33.751109,0.51337,0.421357,0.385822,408.279749,112.938663,8.286025,100.0,39.996522,33.431016,26.415452,9.347279,135.349582,0.321707,0.369075,0
117.622787,311.158806,353.498501,47.031569,1231.556191,213.122891,0.542843,0.588917,0.500314,212.283875,1.189215,35.574123,100.0,23.864951,34.262403,39.436947,9.596767,141.417288,0.289806,1.582568,0
67.289562,436.714937,566.43736,15.988721,983.576644,241.826582,0.600005,0.549429,0.512693,90.190365,253.196059,10.629179,100.0,44.822782,28.080794,29.683463,1.47378,162.865381,0.304669,0.397344,0
54.99794,193.519807,743.552755,21.077135,216.393554,285.062583,0.669919,0.513942,0.517463,227.935248,1500.0,6.921044,100.0,29.423694,28.131202,43.242349,9.095155,120.186221,0.350613,0.302844,0
17.337953,98.949346,365.004155,58.46386,1795.361369,234.188258,0.478335,0.811505,0.660147,558.524914,92.054867,25.475306,100.0,24.613142,45.58926,19.745747,1.63675,56.556219,0.264849,2.47727,0
18.193392,193.020748,434.064715,43.950147,829.054501,142.697302,0.604494,0.300405,0.301901,161.331612,641.625385,22.092622,100.0,21.087841,12.322468,60.0,4.542186,150.463406,0.246689,0.697663,1
92.952037,328.900195,591.58941,38.57871,859.556773,336.574161,0.434944,0.84633,0.736776,275.529943,205.255658,26.093054,100.0,23.189566,55.236554,21.053538,8.219279,118.333381,0.290975,0.985321,1
211.351722,332.727813,431.983935,21.919567,728.739576,261.479526,0.424093,0.470132,0.557981,78.144969,58.188315,35.131316,100.0,36.074272,35.84662,30.661799,9.441786,125.913347,0.192019,0.283709,0
58.804603,255.196905,277.486986,21.451883,655.794172,189.965248,0.281396,0.394618,0.37792,45.959468,144.650198,29.815298,100.0,23.896692,57.757273,22.29687,3.002981,74.497132,0.1,0.065885,0
58.457225,133.631383,405.685965,7.173799,1672.029024,74.466147,0.507432,0.381627,0.460771,213.435106,78.727434,27.31012,100.0,36.711791,27.824714,35.649983,0.693585,108.951728,0.273579,0.024514,0
118.738547,311.632935,561.346228,45.066503,1593.02216,233.630995,0.723147,0.730349,0.804528,36.696486,286.76754,18.755751,100.0,26.362421,53.450359,17.853609,14.825114,135.456443,0.297355,0.147431,1
168.751458,600.0,777.867397,7.374637,1122.196702,213.019389,0.768527,0.778695,0.843816,11.933203,85.407757,20.992629,100.0,42.457665,46.722681,13.515559,1.298317,190.862029,0.356901,1.669716,0
42.808701,118.559374,575.101982,5.267154,846.249923,245.9988,0.559618,0.304208,0.299322,25.865128,903.743755,27.472743,100.0,27.768104,10.0,60.0,6.767674,128.705837,0.204963,0.040555,1
25.502023,152.578533,478.949954,45.12223,1209.558993,281.204916,0.551644,0.747039,0.784165,260.052975,150.48419,21.402345,100.0,29.937756,34.997997,36.035017,4.300384,85.950625,0.279677,1.515887,0
65.760172,225.502229,305.542073,57.188057,936.898491,329.417863,0.336263,0.605337,0.771012,44.841067,36.070622,28.801369,100.0,30.483484,78.517238,5.0,3.464932,125.691987,0.179547,0.175421,0
103.899184,200.872185,349.858564,46.607668,804.888541,341.660373,0.180425,0.353591,0.388471,62.539146,172.14648,25.339235,100.0,34.018128,51.533085,17.27554,6.190521,46.593834,0.135955,0.621037,1
4.404068,84.040597,212.279471,30.94021,1069.052961,226.866781,0.33214,0.349554,0.399628,65.915777,1034.666358,22.819402,100.0,32.404679,20.323176,44.698779,2.876538,68.889797,0.203132,0.832342,1
48.466799,158.573959,260.132125,31.732489,679.421127,347.744173,0.41968,0.638176,0.778096,113.812843,59.905587,30.733619,100.0,21.472802,30.452794,48.371136,0.377375,93.58284,0.215859,0.464175,0
60.206591,275.94267,698.415396,28.987503,1026.132132,328.112064,0.801023,0.66343,0.627213,80.919616,546.188457,22.536528,100.0,52.943701,51.24407,5.0,10.784675,199.967461,0.324493,1.104245,0
53.522301,81.172131,229.591893,22.855402,1002.110463,0.941169,0.179554,0.577536,0.524323,262.175745,358.218802,15.796338,100.0,39.192483,43.410751,19.109631,5.613832,51.464773,0.1,0.961799,0
15.458524,67.745457,397.977027,33.694282,1201.468011,229.542288,0.498996,0.352236,0.3029,173.122997,25.89029,31.447343,100.0,42.185449,13.75089,43.442903,0.178907,110.721459,0.277453,0.482314,0
48.632733,143.489724,419.765386,28.713303,590.431521,64.248988,0.610077,0.851915,0.715658,5.0,97.608838,24.040938,100.0,44.947105,10.0,44.53408,1.740329,108.422758,0.25839,0.132154,0
61.0626,261.121917,339.47917,37.899233,1255.068176,106.269356,0.641619,0.383924,0.473688,232.318745,26.88968,22.651268,100.0,29.660945,49.370578,22.671711,0.0,134.193472,0.227622,2.096985,0
29.968957,139.432561,561.81606,54.396604,446.844254,107.100072,0.625437,0.568169,0.655962,333.806494,783.082822,23.252771,100.0,41.087608,33.486444,29.574368,7.306712,128.420532,0.274626,2.092054,0
86.137258,151.393559,341.561468,59.725518,613.716674,173.92667,0.488713,0.48923,0.491983,305.042458,4.169244,20.576069,100.0,46.85212,55.101559,5.0,6.330563,80.371908,0.216703,0.318491,0
132.267978,407.87448,556.538796,9.330881,635.53747,3.911824,0.473796,0.802168,0.811693,149.81166,269.865304,39.698625,100.0,47.685502,43.479525,11.293368,0.0,113.632748,0.217845,2.125163,0
135.860095,260.408309,322.018661,26.157591,363.974114,84.886707,0.261376,0.611556,0.60087,14.312289,424.448432,16.217502,100.0,42.298501,24.902671,35.947015,2.809825,76.976603,0.218766,0.642308,0
37.472746,115.976014,222.153217,14.938841,1407.831142,10.483545,0.387563,0.327667,0.26079,45.548885,242.323292,26.1613,100.0,29.579157,37.361619,32.144254,0.942713,97.005775,0.168682,2.118967,0
102.358972,260.438499,349.207516,24.366626,415.473762,234.201084,0.193238,0.325879,0.346345,71.738251,28.422182,25.238697,100.0,46.838871,31.170951,22.612923,2.28833,74.384222,0.234459,0.957399,0
95.784094,248.734167,297.506617,20.811016,550.541831,320.143528,0.368415,0.565533,0.482905,175.881825,37.301196,28.823122,100.0,17.941432,42.619472,39.117772,15.537929,110.416682,0.208309,2.012167,0
245.067155,371.967372,635.346568,14.599542,1527.703855,359.203918,0.783104,0.30362,0.365326,324.07573,122.626657,21.866579,100.0,24.95936,23.619308,51.452994,12.596346,161.348177,0.332948,0.040082,0
102.765788,164.941407,256.788836,47.024183,614.708649,161.480481,0.389529,0.644458,0.685017,257.173866,275.983197,31.437154,100.0,10.0,13.701127,60.0,2.224744,114.072372,0.278792,0.704918,0
107.605348,305.088277,515.751315,32.295881,805.928657,93.6508,0.608996,0.468611,0.557499,59.553333,39.178521,22.00072,100.0,29.288727,35.437659,34.790491,8.892305,151.996049,0.285249,0.006363,1
152.423494,459.115032,854.698161,55.558507,393.9855,307.117295,0.821546,0.0,0.039627,783.180823,169.931723,21.042261,100.0,27.42679,24.272386,47.467475,8.462577,183.712983,0.343437,0.76792,1
20.16353,161.604891,467.92671,6.792584,1316.475604,40.737066,0.456749,0.558494,0.698506,107.20147,96.557802,24.511498,100.0,26.804716,53.118816,17.88566,3.198724,97.249557,0.229878,0.422867,0
73.032079,104.662849,337.297691,8.683791,1323.368122,350.726033,0.602181,0.871022,0.799427,224.862663,84.650387,26.089733,100.0,29.597801,34.174892,28.855842,2.422747,113.271192,0.47632,1.135975,0
220.78357,600.0,631.94527,27.180047,1269.472952,257.341484,0.760518,0.600288,0.512084,46.117318,1255.953655,30.566819,100.0,19.930559,42.179667,37.994879,11.490005,180.159821,0.210458,0.145251,1
224.009724,381.182772,430.180113,9.415253,1168.764914,181.41648,0.550279,0.109673,0.212002,525.305959,716.604824,16.235682,100.0,38.878654,31.96787,33.820967,13.12809,132.749633,0.273162,0.650592,1
48.619503,95.938526,219.511854,19.450128,936.794556,34.794193,0.28937,0.640237,0.565721,170.616001,41.434808,29.525276,100.0,29.55343,40.560276,31.454603,4.606582,71.554108,0.236951,1.346822,0
216.562266,407.423929,652.414741,59.231636,637.811667,6.550537,0.596141,0.0,0.189639,493.1721,277.204126,29.922924,100.0,28.416809,47.709206,23.425166,7.278871,153.439483,0.310175,0.220622,1
55.208059,285.608964,376.153963,16.492778,492.515347,196.031591,0.527694,0.371913,0.454433,142.593366,24.066851,28.411021,100.0,17.252773,41.82314,36.943956,4.226627,140.417574,0.285951,1.945252,0
88.618267,201.206846,289.829513,15.896476,1544.952763,148.986183,0.315667,0.619549,0.656956,193.083544,67.29189,23.620751,100.0,20.770018,11.821264,60.0,8.036401,90.414972,0.232309,0.002901,0
12.635554,35.42955,418.834626,36.550237,1282.402136,303.359218,0.46388,0.96648,0.882182,116.173006,274.924785,21.092279,100.0,21.687581,30.882111,41.956641,8.035876,72.77574,0.280782,1.252765,0
184.689474,315.957358,478.845239,32.389906,553.347886,231.229973,0.568588,0.341468,0.196954,251.37129,389.991397,27.00043,100.0,37.209149,70.675803,5.0,7.279787,134.61931,0.267373,0.01487,1
52.849513,98.976429,150.205561,36.924106,919.915884,155.482685,0.248621,0.660554,0.697604,401.058778,246.861707,25.407493,79.471258,60.0,43.953915,5.0,0.0,77.543751,0.207692,0.005446,0
16.058288,176.689057,425.651002,25.72044,749.942454,81.362542,0.616803,0.673044,0.678518,219.600414,100.997136,15.119352,100.0,34.643992,30.828831,37.871406,8.285742,158.209645,0.301139,1.552374,0
62.350589,126.620027,195.684537,50.47193,335.894647,172.951995,0.134336,0.743712,0.660455,55.406801,101.742294,29.478144,100.0,40.608302,29.830691,22.574859,5.903919,51.910341,0.142307,0.09861,0
2.66236,151.064493,395.778094,12.62193,988.825688,58.67794,0.443145,0.481204,0.301379,5.0,326.013909,19.950937,100.0,41.415863,60.445922,5.0,4.07347,100.774672,0.187852,1.193512,0
114.847233,195.505351,340.389447,28.561596,692.253668,240.124558,0.603137,0.205011,0.109975,39.441589,151.944519,20.160623,100.0,14.099182,46.451662,42.414419,14.269182,127.736781,0.257129,0.436948,0
160.769657,296.322031,494.358946,42.936902,423.731667,218.062466,0.60991,0.512667,0.609479,311.081069,6.437071,30.446302,100.0,44.652639,17.778165,33.618999,10.84377,144.631613,0.266165,1.482714,1
26.331024,220.832257,307.409029,52.753004,160.433723,291.625693,0.341593,0.373201,0.30313,92.093568,576.64338,25.043613,100.0,34.77348,69.980861,5.0,8.573808,81.47434,0.157861,0.16631,0
25.336716,223.44912,362.18163,25.326438,118.09825,161.830538,0.487736,0.376027,0.427709,287.605536,128.235659,23.054111,100.0,43.773034,42.517754,11.882346,3.298273,129.770301,0.195106,0.534725,0
108.60378,166.138513,290.532147,36.226008,714.286936,100.313472,0.342179,0.862302,0.750223,6.95898,402.361103,21.814591,100.0,20.707778,42.142295,33.661109,9.626602,91.636819,0.244233,0.222151,0
118.845098,207.020971,302.512319,8.802697,857.452515,301.102329,0.503773,0.704126,0.653487,54.660643,345.579939,22.591056,100.0,35.007219,61.677509,5.0,0.0,150.492695,0.220517,0.969321,0
39.141977,130.386627,272.553113,14.36755,462.349595,248.758949,0.413795,0.104333,0.18616,31.490419,1137.437473,23.85523,100.0,39.628985,40.603395,12.865808,0.0,94.148844,0.169065,0.193036,0
30.120147,159.853983,191.977224,8.802599,1225.369714,254.415299,0.176529,0.222265,0.133853,783.696765,16.63984,33.919382,100.0,31.022519,44.811617,27.590796,3.686972,74.601851,0.15125,0.898515,0
140.553916,381.52995,675.742451,45.033449,867.226729,190.110446,0.698217,0.492051,0.449734,424.660652,74.453627,12.457076,100.0,19.311089,13.677612,60.0,1.947215,156.327269,0.278896,0.455606,1
14.239383,113.665937,396.963741,20.843298,1188.442655,315.352301,0.479282,0.807823,0.775949,167.278598,149.545764,39.109465,100.0,12.805571,36.57471,48.826699,10.10031,107.669007,0.2776,0.000271,0
46.228524,196.275695,344.626082,44.805991,808.544605,82.002063,0.439743,0.664872,0.662473,343.971126,165.849015,38.072912,100.0,39.766806,17.797351,36.740985,9.971318,114.343282,0.249642,1.180722,0
29.353231,125.252466,276.825423,8.651905,506.441182,144.609129,0.367177,0.384322,0.426215,48.18975,91.458509,21.844022,100.0,38.343731,29.699642,29.11239,9.41718,115.123955,0.23036,0.383731,1
107.338282,171.920256,310.242897,52.440129,957.058786,286.643726,0.420181,0.587114,0.537731,78.651553,24.056818,25.139806,100.0,24.37029,41.994827,35.678691,6.385353,94.477844,0.181993,0.343231,0
31.726574,61.312501,354.998255,50.954161,268.662744,47.865925,0.443651,0.612645,0.436518,5.0,340.108932,25.125003,100.0,40.92957,10.0,51.227042,7.129597,86.382354,0.209184,0.168368,0
154.514444,231.558657,351.162258,9.891081,1169.71926,290.919417,0.326369,0.645896,0.493239,268.070494,252.875182,30.429149,100.0,25.832954,43.192899,28.905386,5.741426,92.538863,0.219779,0.583349,0
44.651435,85.042972,423.419191,6.306608,431.425397,126.934279,0.414259,0.508487,0.523239,112.410542,304.953411,24.846631,100.0,21.109442,51.422141,28.648434,1.794293,64.67052,0.144981,0.077788,0
93.051028,135.440044,198.617528,8.095885,1359.116263,45.181332,0.243408,0.331112,0.499425,639.07416,41.434641,26.318121,100.0,36.620926,10.0,48.59954,0.36259,82.819307,0.181942,1.059807,0
32.322907,169.773211,509.356245,51.94966,730.772127,28.493815,0.542506,0.584947,0.628754,116.319861,434.663878,31.119339,100.0,12.827281,27.130903,59.588354,4.766558,117.47128,0.27093,0.775376,0
79.664725,228.474625,251.744529,17.908692,1431.266758,303.490339,0.288893,0.806653,0.794967,104.176456,159.321861,12.400446,100.0,34.221355,13.771273,47.94793,1.574215,92.984559,0.245045,0.352497,1
36.436619,240.46149,374.977186,35.155032,338.688406,280.301596,0.529019,0.578401,0.555582,320.752007,201.24846,23.077929,100.0,13.320822,46.302642,41.272966,6.832464,116.276685,0.185224,0.754857,0
23.870848,42.647269,340.054704,28.443431,561.11515,103.694884,0.293034,0.591975,0.520098,428.348216,101.609864,25.406013,100.0,19.099915,29.958752,49.428718,1.813524,66.636605,0.157511,0.080256,0
118.329631,300.162698,627.929131,48.753904,1090.467473,41.890388,0.460277,0.330067,0.271975,42.600585,107.033228,22.078617,100.0,27.708448,55.98523,15.308864,12.989952,128.458684,0.247478,0.650333,1
31.439066,38.468644,104.010274,31.889407,1485.248547,89.004393,0.385093,0.576664,0.51739,90.109016,28.855925,13.821294,74.408523,39.667972,17.011564,43.082899,1.197808,88.631743,0.278806,0.476169,0
32.004813,96.905014,350.154671,32.536346,1733.304454,76.675549,0.315881,0.662938,0.713612,100.932738,44.574785,24.283103,100.0,10.0,41.152897,43.283067,3.531493,62.047445,0.228831,0.421189,0
74.153241,170.305628,406.073814,59.400057,920.683082,263.900035,0.5552,0.548225,0.590067,296.336587,111.063057,20.751382,100.0,39.982061,24.630565,35.272494,9.004098,133.187247,0.242316,0.501142,0
84.862965,149.462356,412.124976,13.257126,1818.872815,77.60271,0.511165,0.526532,0.613048,63.970219,335.651026,21.455871,100.0,44.977382,38.265785,20.022799,4.302353,114.796829,0.26813,0.461848,0
22.945294,129.944846,851.666595,50.688717,755.167725,77.795468,0.74569,0.588611,0.567815,134.469086,180.190308,23.967109,100.0,34.618664,32.753058,32.794643,3.2784,140.851416,0.385343,0.25732,0
100.817192,224.628905,994.591816,7.846236,1449.383811,11.616528,0.932106,0.766582,0.697369,95.131911,37.773985,13.882379,100.0,30.002817,49.247376,23.807653,7.688541,175.929884,0.447545,0.363933,0
34.0408,39.138693,432.537341,31.270682,428.909502,214.869488,0.439461,0.553788,0.468266,138.505284,76.984792,22.285031,100.0,31.66831,42.609874,24.436752,3.207515,98.600599,0.294285,0.223688,0
17.09496,169.137149,261.333131,53.748415,1110.100253,248.032637,0.357771,0.349843,0.550504,31.727226,71.712743,19.942171,100.0,16.150593,56.36498,28.151664,10.069116,74.567197,0.150171,0.187677,0
52.09472,124.97256,253.809621,41.586768,100.0,235.256569,0.238995,0.64144,0.603799,37.835359,424.719226,16.31906,100.0,31.380338,36.455555,33.184785,5.36043,51.124951,0.25815,0.517174,0
51.390798,228.747576,432.041313,42.686804,339.204494,204.695696,0.449583,0.364983,0.448346,43.956463,919.34486,27.035561,100.0,35.35123,23.393597,43.104561,8.215908,126.683504,0.191959,0.235339,0
94.480398,276.239881,411.427641,19.482451,1133.338399,347.786982,0.445988,0.789621,0.742405,577.679234,58.002366,16.320161,100.0,60.0,47.812876,5.0,6.975326,118.756412,0.247622,1.912872,1
251.487365,367.316026,459.965768,28.021614,243.780574,170.185864,0.601153,0.600289,0.684183,357.962057,3.741079,27.318658,100.0,46.085347,36.811811,12.89329,3.109398,154.190921,0.262399,0.629123,0
73.097644,271.045293,602.397432,25.161958,1113.474805,309.649143,0.570927,0.82054,0.761779,249.831524,216.367288,29.295829,100.0,30.132635,33.741164,33.774534,12.490405,129.017669,0.276477,0.290994,0
104.730696,157.775804,222.06095,33.679377,1353.22906,232.563568,0.191187,0.645931,0.697724,293.350345,341.966409,23.347752,100.0,20.942517,43.443165,37.066552,0.276682,72.69969,0.130654,0.002552,1
12.199976,77.896824,103.224968,30.422536,649.339904,30.298299,0.13327,0.61162,0.661717,425.431654,11.174104,30.59344,100.0,35.693879,25.863265,39.539742,8.161596,37.258072,0.212532,1.577175,0
159.83689,177.999558,462.450666,22.979409,415.523522,291.631846,0.529786,0.697153,0.632872,759.004204,689.421355,37.92471,100.0,31.320931,66.485187,5.0,5.503619,124.044969,0.203208,0.348566,1
59.738703,215.482045,493.475222,21.801434,662.906692,210.379875,0.342295,0.749534,0.793662,66.522832,675.39725,27.451374,100.0,35.966045,54.8148,17.067765,4.390782,76.597279,0.109477,2.534,0
18.768722,127.190981,178.097239,18.796909,417.09384,235.269237,0.371114,0.544187,0.467483,133.804723,96.605444,22.175026,100.0,20.513289,43.849259,35.919846,0.774534,103.931593,0.158435,0.395969,0
155.434887,250.765705,300.520564,25.077599,849.393221,64.881877,0.357408,0.369462,0.310108,862.733569,256.778269,31.105045,100.0,13.639596,42.092929,45.137768,11.029849,112.891597,0.153389,0.714579,0
61.959097,152.807313,325.21511,13.246781,951.045312,157.496434,0.419754,0.342473,0.351375,12.923134,154.349015,12.384121,100.0,36.217699,38.671258,21.054791,0.962212,93.607626,0.252953,0.08935,1
137.333114,218.478628,432.589598,52.965737,746.994938,317.009691,0.48962,0.46866,0.50494,64.014188,311.110015,38.064329,100.0,26.577488,29.694279,46.555402,4.154179,108.248638,0.241763,2.030989,1
270.643382,313.321769,451.669408,38.116567,1737.17962,77.55523,0.417183,0.163337,0.061239,547.829397,91.142636,24.610221,100.0,31.757431,46.093026,22.424391,16.336864,122.657442,0.243376,0.888708,1
13.894804,49.219154,167.114833,12.358253,540.29809,0.044966,0.133828,0.296626,0.230227,87.552331,87.523499,25.714029,100.0,20.033065,31.222248,48.931548,8.225956,30.323769,0.1408,0.515214,0
32.68799,340.768221,506.037547,43.162263,1595.71659,92.703136,0.460084,0.403267,0.271868,87.423027,2.89356,14.642618,100.0,43.983688,64.270121,5.0,4.922464,113.523741,0.199474,0.099637,0
119.747928,265.644121,535.808252,51.621656,379.380382,175.515282,0.404834,0.412205,0.551627,281.812817,239.920211,29.4969,100.0,17.813645,60.964426,20.714839,3.348962,124.638498,0.18755,3.112103,0
65.548877,158.910453,211.956357,18.064462,936.388785,295.660096,0.314988,0.671151,0.694279,119.081043,107.573742,24.744211,100.0,41.200853,41.529021,20.616623,2.558646,79.117453,0.13399,0.029947,0
3.171381,87.920905,279.583537,13.283033,1491.552704,231.584724,0.321371,0.680881,0.71731,59.123979,109.026352,23.202951,100.0,31.23384,52.801879,19.268088,0.828768,80.861599,0.22775,0.509145,0
47.149665,181.973865,274.645891,5.473949,1465.678576,330.862849,0.180017,0.65787,0.616896,145.003435,354.218005,20.269132,100.0,29.330378,13.92734,56.161905,6.989481,45.266254,0.1,0.157138,0
54.156857,278.452746,943.771866,7.598769,689.871051,164.003195,0.840555,0.692943,0.76887,504.798297,133.621973,18.690875,100.0,33.776243,40.657088,21.258398,9.815718,181.654107,0.269713,0.623694,1
62.025246,179.793783,379.573081,46.923824,1177.53486,140.69348,0.487851,0.163422,0.228073,701.433526,496.810021,19.58053,100.0,29.565683,10.0,58.522913,8.633087,134.135691,0.212036,0.549847,1
31.526449,414.181729,854.981795,59.295248,1110.589542,83.310558,0.956037,0.293853,0.290576,71.29531,114.897183,14.262864,100.0,28.515315,39.656827,35.149682,5.722022,200.0,0.486364,1.405635,0
189.698599,349.535134,610.06887,7.468418,630.030411,78.502494,0.49017,0.0,0.123166,5.0,26.588994,25.217032,100.0,31.564866,25.117194,42.144278,2.354759,147.304289,0.206723,0.229424,0
12.218923,85.379506,629.038559,46.143903,1207.974969,264.999563,0.850822,0.480055,0.640984,5.0,154.388031,33.520527,100.0,26.442313,52.482098,17.324312,7.249564,146.066763,0.36652,0.841451,0
89.196705,123.84429,291.282153,8.952419,1831.246086,28.929284,0.251648,0.532877,0.54209,157.727771,116.024101,26.373291,100.0,35.316465,39.286135,25.821795,7.20341,103.086085,0.110419,0.451677,0
39.554516,256.346806,440.033103,37.567305,1135.850333,87.376891,0.303552,0.876709,0.66438,62.745437,433.970209,19.079304,100.0,46.132694,32.02664,18.611909,0.0,89.991552,0.112171,0.357551,0
36.91525,84.993089,235.716539,46.584141,1183.17819,318.922293,0.476105,0.644716,0.635634,148.693947,65.262532,25.965813,100.0,59.776848,32.290953,5.12669,5.016334,85.544269,0.201244,1.701716,0
171.939754,349.800224,452.17123,24.756242,1236.077489,207.691495,0.380262,0.311188,0.341311,332.14285,848.787909,8.084307,100.0,42.988378,10.0,43.974245,10.435095,87.368637,0.23614,1.496308,1
51.657936,188.486463,244.658918,5.60141,169.511696,16.771539,0.460343,0.771604,0.737093,48.88624,214.51974,34.229642,100.0,39.40108,52.141102,11.391829,1.782828,118.176624,0.150539,1.433608,0
89.597254,117.672273,332.770929,37.735414,1130.112337,253.531817,0.316366,0.584295,0.538024,208.808479,49.240348,20.642992,100.0,10.0,60.057454,33.707602,6.562911,96.680016,0.268301,0.914115,0
125.887919,258.442606,582.274296,59.518455,391.620213,182.405652,0.565623,0.546263,0.556519,140.24665,42.798615,27.080346,100.0,30.287218,50.476803,15.145485,12.518508,104.418225,0.1918,0.23841,1
68.091592,218.562604,379.113977,19.168958,605.05653,307.627822,0.291736,0.389139,0.443232,16.22278,1.40378,23.663344,100.0,24.500325,30.048944,46.066596,4.751863,93.686119,0.139627,0.138958,0
173.670968,255.715017,378.626449,15.42202,1980.970891,245.676194,0.549576,0.320574,0.446045,225.569711,28.621863,27.487748,100.0,15.129788,24.102093,60.0,0.0,124.571937,0.213786,0.373984,1
16.66608,94.909645,526.208652,11.815924,773.369195,1.600772,0.661285,0.84219,0.770142,309.495366,75.305412,37.985044,100.0,43.315054,11.193056,43.401676,7.374331,144.768857,0.281106,0.878225,0
93.953276,179.728602,255.753959,35.539059,529.912948,74.066071,0.251342,0.40894,0.446597,62.276057,1050.781704,11.164195,100.0,13.752278,31.808109,52.01187,8.161048,64.540219,0.246719,0.14227,1
253.376874,466.599691,644.571964,37.80448,1476.291289,92.866932,0.640398,0.540423,0.502485,5.252496,156.372537,25.55038,100.0,22.946353,10.0,60.0,4.210458,172.989041,0.284767,0.651632,1
87.809525,162.843398,449.363465,48.574896,426.161499,252.803624,0.548168,0.162761,0.078229,323.38212,31.924429,25.71232,100.0,12.756889,10.0,60.0,10.770509,147.370676,0.24636,1.118147,1
8.956748,28.842682,119.752957,46.41903,676.290428,183.353104,0.154649,0.606851,0.631402,182.421424,242.583658,21.73076,92.875,30.449524,53.472461,17.872803,1.528229,37.951955,0.163451,0.53119,0
96.575716,205.402977,385.08613,54.089782,1524.526084,269.081099,0.563745,0.369638,0.486871,9.734326,284.554753,19.552355,100.0,44.504334,63.625772,5.0,11.243788,111.751396,0.228378,0.647718,0
195.249921,212.551155,543.919838,49.317498,921.383783,184.632192,0.551747,0.153746,0.171865,127.056857,120.246334,29.732636,100.0,18.538225,28.044817,60.0,4.422127,152.887105,0.27479,0.154902,0
47.703107,177.447732,267.352402,18.59969,119.201477,117.85846,0.275302,0.641969,0.654409,190.969759,156.646172,23.78934,100.0,26.142286,45.539648,31.69559,6.351524,80.547586,0.246725,0.285586,0
47.179445,91.977734,356.952649,35.573257,1171.994807,37.317833,0.245126,0.733731,0.694122,70.3537,82.266508,23.997135,100.0,40.81117,30.103441,24.356019,6.156137,63.366307,0.198965,0.356583,1
116.107426,205.930823,248.388453,21.357658,701.767059,72.943956,0.181759,0.181821,0.227574,13.701826,578.539411,22.192561,100.0,45.837055,56.842354,5.0,1.896624,57.970653,0.158486,0.516161,0
100.531912,145.986911,304.411005,23.138196,1669.925743,144.280829,0.417604,0.774836,0.824672,84.878883,68.954912,23.046356,100.0,32.179008,41.636055,24.090093,5.853876,115.111513,0.239011,0.856888,0
70.187717,333.2555,700.326812,56.25694,596.906526,198.523551,0.718823,0.552016,0.582861,216.184225,129.848352,27.663402,100.0,18.35902,47.862503,33.9982,13.404637,157.943274,0.301645,0.139972,1
33.791625,169.877636,442.181102,42.504275,1425.612987,337.909465,0.557425,0.645411,0.615659,756.65224,88.503969,27.410109,100.0,28.47498,10.0,56.275759,13.08593,117.940861,0.207569,0.784698,0
43.11071,86.38066,468.107128,58.602473,1787.849016,86.299264,0.441606,0.711338,0.639341,187.010802,6.516909,19.338121,100.0,27.307494,36.501581,37.230261,5.506702,87.26173,0.266842,0.547537,1
24.713729,141.855351,160.118475,27.93019,474.528388,239.790578,0.1,0.664991,0.478324,14.83175,699.077612,22.18138,90.561605,25.324901,29.574161,45.867166,8.192472,49.892999,0.11017,0.2162,0
7.676787,44.140453,206.88932,34.559067,803.39349,54.916528,0.226225,0.773021,0.618709,102.262394,119.794617,30.110591,100.0,17.464726,59.928822,21.28066,0.0,63.640689,0.192166,0.304538,0
159.931747,248.752297,345.391887,31.791348,1094.312637,256.951124,0.597376,0.686114,0.696804,51.872812,60.546881,34.093285,100.0,39.881833,29.266477,34.333381,13.086533,153.078174,0.368662,0.113365,1
120.930308,345.020348,513.749459,10.900788,471.327124,4.082716,0.440205,0.651626,0.709131,5.0,145.658968,34.099757,100.0,28.179073,34.016671,39.543258,9.390961,102.947524,0.304152,0.75202,0
111.9467,249.778516,591.407925,18.01861,1035.147473,236.131182,0.599054,0.606224,0.656099,386.929464,207.500216,33.634048,100.0,11.941625,10.0,60.0,12.28616,128.639744,0.288956,0.02397,0
110.34373,158.220075,624.979498,34.02,787.539856,58.758356,0.389876,0.3987,0.503712,283.008946,75.281458,25.192918,100.0,38.316985,40.450729,29.07512,4.592844,120.989403,0.226269,0.995011,1
55.680036,86.563426,690.400298,8.705587,777.466214,64.916801,0.634853,0.615262,0.605319,238.253616,301.110697,30.211327,100.0,50.391208,39.648336,7.225305,1.428891,125.516017,0.250074,0.007861,0
49.343243,200.610657,326.25473,56.230406,924.469196,201.206748,0.335923,0.364732,0.443965,38.940378,403.599648,26.20104,100.0,35.038858,33.369634,33.136615,11.381267,99.972767,0.162571,0.575885,0
18.981202,313.797045,350.84267,11.811403,935.632358,135.148157,0.431401,0.355054,0.44361,7.320359,339.111104,19.569126,100.0,20.71374,58.385853,19.161334,4.190528,111.319511,0.208223,0.099137,0
128.691853,221.438811,249.15072,15.888941,981.940385,169.669854,0.279983,0.787628,0.870907,127.230432,283.882863,23.265746,100.0,55.228761,38.318952,8.584661,5.925865,79.737087,0.196341,1.163118,0
300.0,516.835066,579.741696,47.092667,600.586827,111.199998,0.440922,0.565017,0.49394,141.630809,54.997952,22.767131,100.0,31.684175,27.932966,39.171714,15.603576,150.607735,0.218335,0.413136,1
93.339154,232.860694,552.677969,10.3314,622.414138,343.248138,0.503386,0.591268,0.597875,170.522108,206.170551,29.552497,100.0,40.463963,25.191281,33.247818,7.331592,114.254134,0.264884,0.466164,0
142.777534,292.485571,533.446509,54.515295,840.706206,104.636196,0.533032,0.424235,0.533253,21.832698,89.126969,28.776293,100.0,27.687409,49.987882,19.17346,9.109098,139.44696,0.250137,0.234036,1
143.195151,178.818719,430.298775,44.913553,877.621179,195.137073,0.366137,0.211989,0.141494,194.134146,101.830767,23.382125,100.0,24.805316,12.063331,60.0,12.127509,108.647354,0.169554,0.75088,1
204.428886,292.725871,459.143837,8.774147,680.57533,307.568,0.405186,0.52205,0.426753,21.242091,178.443248,22.639707,100.0,40.015097,27.392272,37.725737,9.173243,87.348435,0.25156,0.176071,0
29.598105,122.716303,248.022917,43.051588,1061.969821,239.105092,0.411338,0.733568,0.770348,27.872065,109.113857,19.912992,100.0,21.330527,35.97204,39.582968,5.267651,95.096766,0.237323,0.440399,0
12.489739,24.179035,451.511102,39.73957,100.0,116.199701,0.421297,0.350919,0.413603,70.791935,221.238184,22.032751,100.0,27.204866,31.432732,35.259782,0.0,84.655878,0.192007,2.179213,0
78.989811,139.471116,157.373888,46.654219,534.766871,198.877206,0.277763,0.558613,0.628402,86.453777,815.228169,23.36578,100.0,30.673705,36.82618,34.561483,5.112727,83.946673,0.194797,1.289767,1
60.217853,126.404718,193.835058,50.550882,760.036087,29.876805,0.247064,0.91174,0.89052,441.46747,40.556069,25.97284,97.960097,45.943745,56.100722,5.0,7.716478,87.868492,0.14154,0.881481,0
300.0,346.998599,626.824056,44.509281,471.942406,196.447105,0.509804,0.592191,0.519266,469.448087,171.483414,24.680176,100.0,16.502417,33.672046,57.578724,6.295265,124.220513,0.301933,0.311845,1
25.120117,110.844142,246.152585,37.239696,1714.599007,155.300072,0.275933,0.409144,0.39566,283.283784,186.693699,19.1773,100.0,43.664522,22.052892,33.915933,0.0,86.661445,0.254094,1.914822,0
250.732757,422.714035,734.551614,22.735483,909.430923,272.856135,0.753467,0.649907,0.757561,163.475396,143.671889,21.081476,100.0,40.493044,62.623407,5.0,3.670202,188.912963,0.317964,0.853724,1
60.737907,236.236161,527.410946,43.350051,988.384839,305.245024,0.721977,0.620533,0.535399,351.808273,551.740138,23.345754,100.0,38.439963,33.565406,29.81411,5.792718,154.262193,0.345801,1.689601,1
22.081403,265.112985,535.345959,57.633437,658.384646,71.861948,0.47782,0.238615,0.242959,24.503488,295.001424,27.040607,100.0,39.676042,44.775323,12.940591,5.768968,122.308839,0.272427,0.529006,0
218.526442,411.139898,671.864113,37.313698,892.11054,29.352926,0.66256,0.579142,0.59522,108.269041,350.612915,21.015666,100.0,19.561178,61.648299,16.643865,4.282511,157.569841,0.304617,1.416374,1
30.069005,153.814592,485.773748,41.538968,292.373268,140.600513,0.603816,0.287293,0.252811,151.153654,197.616579,15.211701,100.0,16.547348,26.482324,59.696594,1.192322,113.722499,0.248772,0.920109,0
143.429983,391.461573,723.548535,29.042042,815.091482,192.294147,0.841069,0.701108,0.617636,177.360993,49.964256,17.317702,100.0,12.004168,66.540002,17.359592,11.843174,196.218219,0.378759,0.201559,0
80.873259,151.25471,332.304805,46.586645,431.495786,135.648701,0.317568,0.449627,0.540718,208.438078,58.641991,25.916375,100.0,27.677465,66.533786,5.0,9.091617,87.384345,0.223129,2.139063,0
250.097114,350.062221,499.293651,59.871707,761.298208,226.282022,0.50882,0.681778,0.789102,565.215164,262.980034,26.787263,100.0,35.316622,26.308025,33.947318,14.131619,135.70017,0.182477,0.073476,1
166.878125,476.446005,705.037664,13.821413,100.0,182.034461,0.810552,0.810433,0.814269,408.449945,3.895121,20.478922,100.0,21.084211,28.836343,47.898211,1.359834,200.0,0.349434,1.137295,0
59.376192,128.022393,519.247576,16.13229,335.998396,337.185372,0.592506,0.643631,0.646524,97.812781,236.012055,18.059733,100.0,38.245538,49.770181,10.943041,6.001105,112.50537,0.337796,0.304988,0
219.333381,228.249467,325.832051,34.669077,1631.963202,147.380804,0.480302,0.549671,0.477484,202.517086,118.781147,15.57462,100.0,30.085904,61.19732,7.927319,7.645922,110.902464,0.294928,0.339841,0
102.677933,134.283126,292.327757,31.475647,1315.198875,29.697902,0.465621,0.689809,0.588381,105.765451,1.021741,15.863924,100.0,31.905349,51.262624,16.157737,0.34441,67.483378,0.176669,0.249345,1
71.783383,163.938742,284.890068,36.436338,1559.519668,108.696608,0.397529,0.383757,0.424,24.749015,96.138622,21.682101,100.0,38.630697,37.339814,26.312938,0.764323,103.173527,0.141175,0.317588,0
79.447658,126.042585,209.66796,7.699073,1593.860635,218.12179,0.292572,0.658375,0.632108,620.506301,189.975841,14.563683,100.0,31.986046,46.559711,20.941197,8.113016,61.609911,0.236956,0.38871,0
147.657776,176.304774,305.823111,27.235205,1236.493712,92.169035,0.292852,0.457204,0.420449,20.018947,178.996225,24.969103,100.0,18.831037,49.404373,29.340462,0.177272,84.117178,0.1,0.1908,0
56.772989,235.318632,295.242069,37.063804,673.565657,96.835843,0.326534,0.701119,0.656575,48.467651,282.110878,27.07091,100.0,49.03463,43.031015,5.0,15.843222,68.562925,0.156056,0.285061,1
43.455874,183.198399,236.000478,37.185524,381.374527,122.246094,0.282814,0.54115,0.670844,546.199914,18.793201,15.813601,100.0,37.860799,30.79035,30.228244,0.0,82.930506,0.22029,1.431956,0
34.514376,47.2037,546.931791,41.153368,1473.372303,268.611041,0.684792,0.849187,0.807452,222.772242,149.182888,17.792414,100.0,19.605292,51.08434,35.077794,9.458235,130.854439,0.383868,0.937411,0
92.32069,295.474084,371.876748,44.611882,932.283987,338.447964,0.433729,0.165669,0.232184,517.18181,509.027232,23.442389,100.0,29.513485,33.811653,37.452685,8.048312,112.424423,0.179084,0.874629,0
36.948397,399.902634,668.570425,40.285096,2147.011408,126.135588,0.686866,0.368329,0.322575,23.827724,478.980824,19.134937,100.0,33.752383,10.0,60.0,8.260684,159.525107,0.333682,0.671751,0
149.289729,208.867643,811.79688,48.463374,717.451012,70.375694,0.690624,0.259723,0.352262,34.212538,905.332256,25.146903,100.0,18.731755,16.196939,58.834317,11.224224,135.202823,0.378866,0.97033,1
55.567048,197.231618,567.729896,39.361835,1886.447927,151.429303,0.703019,0.314657,0.309969,936.630924,388.201822,29.902723,100.0,40.460535,58.762947,5.0,9.771922,166.745336,0.306956,0.605593,1
109.008458,150.876104,412.639361,34.562921,821.604105,126.662289,0.37401,0.581311,0.606082,644.004554,411.616585,22.767667,100.0,19.567026,20.935073,54.02543,6.337052,76.539264,0.186176,0.04936,0
173.872026,286.879969,579.318676,38.340804,1568.024299,356.408969,0.563949,0.698832,0.52846,138.815364,183.948682,13.781303,100.0,50.581572,39.742074,9.279312,9.92636,159.223279,0.361184,0.029628,1
208.759514,353.655928,476.241312,10.565635,1748.345869,166.992573,0.635746,0.688804,0.760553,35.164468,674.467326,25.003921,100.0,42.180758,58.500324,5.0,8.770136,146.802997,0.294249,0.259136,0
84.852647,177.372426,553.532739,20.02361,388.525036,244.542007,0.659164,0.718439,0.796198,158.271224,1500.0,21.962741,100.0,24.404798,40.894683,37.483971,7.245224,159.044346,0.194545,2.132994,0
6.271826,58.774583,587.79622,34.006988,657.500961,328.963704,0.514649,0.732079,0.61496,271.718191,59.553731,27.190165,100.0,20.163712,74.888198,7.165756,4.686644,104.576695,0.266938,0.108084,1
6.872184,74.885355,215.394347,53.014297,383.510387,226.462168,0.175203,0.554438,0.486642,9.868156,504.812014,37.949097,100.0,33.451389,36.501365,32.91416,9.729537,66.137955,0.16855,0.268265,0
146.325016,162.803705,213.618609,42.347836,285.027756,89.776251,0.261203,0.396618,0.377615,203.800684,229.409494,18.24441,98.7949,16.51081,24.880528,57.918513,3.15789,58.545364,0.224895,1.506921,1
27.9838,132.042466,455.510192,9.972444,1233.533425,218.667634,0.429543,0.61919,0.66077,61.565465,45.751579,19.603263,100.0,29.985647,14.963543,53.369463,5.554906,72.149373,0.265686,1.76337,0
53.314348,331.66987,1000.0,37.575122,801.685815,144.675481,0.803259,0.577351,0.672773,227.564542,5.388202,25.721816,100.0,31.662141,10.0,55.54019,3.586354,193.767252,0.381373,2.171025,0
162.720623,194.191289,277.257858,17.195589,926.183162,152.045953,0.26034,0.722826,0.760742,17.506112,197.927422,29.187985,100.0,36.022212,62.754819,5.897725,7.019926,101.346963,0.129215,1.455819,1
43.98743,285.826777,301.782434,45.370911,1178.119567,352.556849,0.1,0.585805,0.632174,504.138915,453.473635,36.2395,100.0,42.683293,20.20304,39.455603,14.789728,52.247304,0.192728,0.472904,0
19.053992,99.312772,258.963982,50.509247,100.0,100.292765,0.410517,0.570494,0.63012,193.640922,31.951372,21.469775,100.0,41.203357,12.259047,45.372509,10.7336,118.367863,0.217024,0.273662,0
54.873619,70.951782,186.841981,37.640095,1543.383002,168.816653,0.342919,0.49347,0.538012,266.606056,57.101287,18.774392,100.0,42.50714,32.298938,25.34862,0.0,49.816372,0.241044,0.043286,1
125.876729,306.04626,514.105188,37.524944,725.452918,57.552136,0.677959,0.50454,0.55281,128.246293,143.742387,19.242251,100.0,36.042999,28.685886,38.342742,5.611275,152.13011,0.36066,0.650518,0
43.185468,148.333117,250.553975,23.622529,1166.200653,64.275912,0.348295,0.694147,0.62052,226.759978,385.08766,21.369255,100.0,33.648585,27.394116,36.854577,1.340768,78.502426,0.232192,1.404176,1
112.956606,151.758375,307.3809,29.543751,1210.35642,217.254393,0.316444,0.349866,0.464743,397.135892,167.68082,22.515859,100.0,24.62965,58.747381,17.422805,9.021026,80.764345,0.171771,0.552163,0
19.745128,74.63671,152.836791,52.525959,1585.39828,270.365655,0.332252,0.685265,0.657175,30.787012,155.958129,25.017804,85.015373,10.205236,41.633398,47.588139,10.462469,96.602282,0.267305,0.198726,0
33.506144,98.730865,127.45912,44.782618,847.571306,229.125555,0.138194,0.571911,0.553795,40.681691,227.145182,24.187711,100.0,33.46235,51.999938,18.352692,1.446065,25.199483,0.133473,0.18541,0
55.582255,144.43708,312.753069,33.586451,100.0,118.542239,0.233188,0.685121,0.693696,126.76077,178.714511,16.326813,100.0,18.524865,74.737348,5.809577,4.313629,72.974964,0.176002,0.592201,1
178.670779,291.39052,572.916114,25.252781,928.563807,21.462542,0.572256,0.794036,0.743953,218.17949,91.934163,14.808817,100.0,33.177549,25.337592,43.566814,8.237878,111.258338,0.320895,0.770117,1
48.401143,164.102952,226.125642,7.770886,1000.353429,169.29499,0.333312,0.52039,0.489317,41.4975,44.628685,23.349482,100.0,10.0,41.735923,45.305088,0.835576,73.832174,0.192484,0.521161,0
42.189107,210.31919,852.793737,12.865407,382.86957,181.537075,0.743679,0.586743,0.581926,767.934632,164.428356,19.423907,100.0,18.539485,15.761252,60.0,3.932379,159.379932,0.39318,2.336222,0
42.351544,144.583971,394.277153,15.616385,973.745327,277.434579,0.330385,0.630174,0.545136,66.844549,905.241513,20.425028,100.0,23.547526,62.649433,10.129845,6.793869,84.4185,0.212813,0.042885,1
112.863418,240.729627,363.449114,25.536095,719.490783,230.504242,0.367247,0.565514,0.765204,37.842743,155.049861,29.284629,100.0,60.0,34.732863,8.203213,8.117456,101.800208,0.189571,0.040136,0
135.254546,240.538648,655.416197,56.927901,228.623025,313.653106,0.698295,0.638359,0.466273,358.497889,1046.350156,27.936669,100.0,23.712433,10.0,60.0,6.765894,128.814989,0.352138,0.337844,1
172.941571,177.314905,509.219245,32.783437,1235.742448,281.873836,0.518293,0.625742,0.535036,102.525544,10.83715,21.807498,100.0,27.096275,16.704518,60.0,14.333758,133.417653,0.211801,1.237619,1
278.284851,311.055633,583.695656,17.916209,618.137425,131.716002,0.859791,0.73483,0.599875,783.914873,51.464839,30.100052,100.0,32.554184,61.852483,7.492705,0.874502,168.297364,0.389461,0.344772,1
92.810925,134.445747,336.710156,10.816258,696.810393,227.599712,0.372597,0.573923,0.64681,33.750576,241.842093,30.502312,100.0,40.585214,10.0,49.808972,0.0,103.723037,0.199565,0.1564,0
37.432088,136.495048,261.870903,23.606804,668.710576,269.023151,0.397655,0.612088,0.609024,306.768771,688.421713,32.201677,100.0,23.916122,36.42068,38.838783,2.230402,91.365065,0.255711,0.971499,0
62.560351,168.299113,401.659652,49.865185,1517.739299,344.476933,0.296536,0.592015,0.569608,41.551308,87.498951,33.345139,100.0,10.4004,45.930074,46.752124,7.872068,95.108045,0.221979,0.132634,0
29.481691,111.076429,312.805704,26.083854,879.541919,152.046779,0.424574,0.185994,0.218102,539.634187,49.379602,22.768619,100.0,14.778239,47.034912,40.06296,0.0,121.888017,0.198718,0.526619,0
79.74825,222.027783,622.957503,47.487819,939.54991,233.381517,0.583279,0.732012,0.719968,207.892331,85.401176,30.654457,100.0,28.202699,78.96455,5.0,16.504746,127.363313,0.243969,0.732342,1
34.620258,191.194383,450.254774,49.148774,679.681923,141.358981,0.481795,0.74878,0.730004,7.753473,173.475863,22.166413,100.0,48.656505,36.750107,12.903731,6.431444,140.340693,0.318035,0.137181,0
172.188696,260.37752,404.467919,11.095142,1131.433411,265.618144,0.612478,0.0,0.089294,251.514087,76.054475,31.282612,100.0,20.807513,22.584667,57.101365,5.929706,147.935011,0.376827,0.616294,1
87.186568,257.284418,399.638701,38.476286,1574.659024,328.317542,0.402466,0.838083,0.78087,39.330463,55.093931,22.577963,100.0,40.429389,23.966831,35.650421,10.384013,110.230454,0.351018,0.268714,0
212.968662,291.457629,391.264828,57.750283,1223.930409,330.921366,0.301774,0.402077,0.351463,121.327033,183.416768,24.113309,100.0,26.32959,56.652726,19.397628,4.68312,76.776232,0.166211,0.401918,1
131.65552,254.127497,463.60487,27.117594,1243.433481,56.551506,0.378854,0.28213,0.338348,93.330164,224.146364,17.979812,100.0,29.756232,10.0,60.0,12.430326,94.553551,0.183722,0.182565,0
122.787261,130.520657,260.664026,7.801925,1203.115103,73.474775,0.338854,0.434556,0.540491,25.981102,507.309477,17.919678,100.0,19.200093,41.750499,36.758646,0.329966,89.537362,0.147417,0.689225,0
18.886056,108.12647,175.779594,55.781648,209.878678,271.774602,0.261279,0.39115,0.382805,64.282766,75.076712,26.444144,88.048682,36.092808,64.286424,5.0,0.771101,65.668738,0.162435,1.981227,1
112.708427,287.447098,600.386645,53.601645,461.940584,227.163559,0.618038,0.646819,0.71436,227.020505,81.022576,29.817211,100.0,38.227886,39.446987,17.382799,8.571331,147.413528,0.220458,1.290255,1
274.14488,374.038346,495.056814,33.71778,797.506303,325.838623,0.392246,0.501204,0.479695,223.332367,18.295806,17.79268,100.0,13.388764,59.077693,27.532081,8.532081,121.360191,0.195318,0.42289,1
49.715156,89.485968,239.602204,35.373922,537.067979,112.968201,0.506297,0.028701,0.092171,431.471847,337.410923,31.954346,100.0,22.746061,10.0,60.0,8.279597,88.365722,0.262702,1.401381,0
153.496279,270.09862,725.060995,16.645761,367.731488,305.287492,0.862753,0.689911,0.570106,66.786504,86.066023,31.281011,100.0,30.590044,58.419254,10.365782,4.897206,168.930582,0.298728,1.124081,1
13.243733,94.538267,438.704249,50.069792,100.0,246.159309,0.485931,0.537464,0.592461,255.05394,117.426321,26.385999,100.0,37.633464,41.281413,21.023517,8.893828,122.602168,0.256384,0.235936,0
25.248289,151.150385,407.672785,32.423002,226.735393,70.364272,0.294409,0.529828,0.60134,323.822134,176.754508,29.698956,100.0,58.06087,29.363313,13.346893,6.935454,71.736521,0.236852,0.256602,0
66.338024,118.895934,326.803843,6.863279,771.737221,45.537973,0.536229,0.307883,0.305965,202.610034,24.126166,20.846667,100.0,24.658494,29.619017,45.774008,5.09525,93.288023,0.285733,0.129077,0
42.832696,128.709218,647.686599,42.565823,865.286817,252.980497,0.764216,0.693255,0.821145,268.805164,615.058232,15.483396,100.0,10.0,65.886156,20.463487,5.628132,134.836646,0.387481,2.553239,0
34.119055,72.056356,225.743397,57.277295,503.473112,57.046145,0.302163,0.2996,0.368865,334.048102,157.831789,20.862368,100.0,25.494363,24.675427,47.762761,4.760785,84.299512,0.145321,0.313736,0
43.031521,108.284835,210.263717,50.603277,939.462606,285.958454,0.398601,0.434579,0.567067,376.130094,1363.27433,31.134988,100.0,35.761664,25.504882,37.982999,5.313718,82.888398,0.140844,0.122701,0
103.406465,213.412242,613.177731,20.245898,683.08318,200.554214,0.571769,0.494365,0.477383,732.765559,171.039755,31.579649,100.0,37.213065,63.835187,5.0,5.676348,106.7632,0.334436,1.596617,0
154.866207,174.098347,430.976526,7.93288,1445.286794,171.672142,0.370304,0.706032,0.631817,39.952481,110.798079,16.901336,100.0,29.666897,42.803589,31.13856,9.2181,87.628376,0.224831,1.519527,0
110.221833,199.289471,284.97229,56.719328,819.187118,99.190453,0.357963,0.41839,0.452764,349.49411,251.118447,16.811619,100.0,20.076858,45.941753,30.551638,8.882988,102.171065,0.197161,0.141236,0
115.126606,146.661958,403.88773,56.53845,1248.165441,354.184414,0.28803,0.76777,0.667424,80.129776,229.201275,18.653891,100.0,35.999942,21.505928,46.511083,5.797672,66.510529,0.178989,0.637974,1
68.773723,145.719166,197.315017,34.282843,1001.606881,259.98016,0.156705,0.584309,0.652325,47.731968,191.501584,12.37053,100.0,33.000551,21.265349,50.966563,8.606124,65.365035,0.1,0.075039,0
24.510849,51.849011,401.938148,40.327458,198.96448,280.102913,0.496035,0.598538,0.635849,24.657243,278.952159,20.336517,100.0,34.588617,66.15537,5.0,3.053729,104.518723,0.269365,0.200761,0
64.309153,397.891329,611.785549,30.443003,854.670912,276.735934,0.644016,0.757235,0.685648,263.897379,127.680513,26.890128,100.0,23.873476,43.347714,30.969904,11.065609,159.295885,0.319604,0.098167,0
81.404389,255.571331,491.40296,28.087095,282.18795,210.245608,0.379526,0.46189,0.404602,104.579132,120.669931,5.967211,100.0,41.278091,37.548122,21.375292,7.628524,88.880177,0.22609,0.830798,0
159.921991,240.875551,486.699956,11.569664,845.939581,338.291583,0.472795,0.918549,0.88204,54.48396,107.445502,23.545322,100.0,34.059452,32.655125,37.994303,11.870914,97.621244,0.222937,1.17281,0
236.976533,477.58924,732.329721,10.321409,527.434591,210.175741,0.588673,0.758842,0.670047,198.454871,490.26333,32.500605,100.0,30.81474,35.423061,30.373103,8.079765,173.077395,0.306563,0.229552,0
96.826549,150.855091,325.153734,17.800268,1090.981517,187.216411,0.327524,0.35648,0.360597,1261.473576,215.782491,29.467197,100.0,43.406265,25.316475,30.039614,7.780977,94.293098,0.210405,0.393083,0
148.133867,354.727949,542.19692,51.015241,228.822831,98.535759,0.50108,0.760923,0.736685,347.910832,642.30207,26.386644,100.0,28.07308,44.15045,28.986673,8.626564,135.655117,0.269715,0.97721,1
4.531018,132.342338,261.268773,13.020777,907.350913,101.424931,0.421301,0.077365,0.131859,253.404279,131.355851,24.648361,100.0,41.723821,27.199592,30.026385,0.158095,101.84629,0.225044,1.85682,0
54.762152,110.766812,319.26527,17.468426,1186.207791,265.278206,0.355696,0.749083,0.595,397.375216,618.293655,30.800788,100.0,25.630118,31.129006,38.185028,6.911966,95.304003,0.200349,0.932133,0
68.503656,213.730792,388.540999,35.173773,1353.797785,120.516272,0.405934,0.763257,0.799266,61.867518,98.013019,27.026006,100.0,19.414086,45.27466,31.846202,3.374899,93.701472,0.208257,0.275706,1
108.069668,287.888463,483.08514,16.832217,517.916121,262.335868,0.471379,0.176069,0.193107,635.091793,189.870232,22.355768,100.0,31.773644,60.4521,5.0,3.025229,134.087739,0.24956,0.040987,0
240.943128,332.538375,395.195938,13.976368,908.875486,342.974433,0.263854,0.688275,0.671507,80.323161,274.613913,29.614179,100.0,10.0,57.559269,31.106103,1.648198,88.344464,0.1,0.795096,0
92.343603,257.847964,370.964742,35.982393,992.073486,158.150677,0.405456,0.693954,0.640581,133.095891,482.359229,15.813622,100.0,35.772074,27.373971,42.259763,11.691989,103.437163,0.223401,0.608277,0
11.174145,166.833776,190.201208,25.24513,1673.56314,35.037231,0.309954,0.268787,0.216237,193.341263,231.146023,28.759869,100.0,43.316769,34.389071,26.449491,2.064213,107.139384,0.177821,0.726045,1
116.162331,234.068876,396.328763,39.438761,159.33497,239.956733,0.460039,0.177822,0.394555,31.635063,210.373166,27.287663,100.0,58.55316,10.619686,30.935064,5.532639,122.191942,0.321797,0.869394,1
51.272959,78.481962,155.531706,55.171294,444.448727,3.428291,0.301463,0.530107,0.388746,357.489267,276.016986,25.202342,97.802159,43.236558,47.751718,10.955081,4.385499,62.94649,0.13116,0.966201,0
107.719774,222.320671,261.822729,13.304622,2302.231246,283.321268,0.396678,0.32123,0.192443,37.757497,149.988378,24.563358,100.0,51.840346,49.551049,5.0,3.561321,109.513854,0.153318,0.344201,0
123.459744,128.73886,337.284419,55.238851,763.451358,189.235122,0.6065,0.715938,0.615748,696.524624,13.427001,34.09396,100.0,35.283043,37.818937,26.321914,5.644838,118.594744,0.258496,0.153996,1
10.185647,99.878006,182.968389,54.636948,100.0,176.303593,0.142649,0.44407,0.432348,51.454108,44.945499,30.498238,96.293973,47.361689,57.980512,5.0,1.092109,51.461585,0.142975,1.588256,1
65.502993,203.87412,317.132723,50.599817,608.724928,204.999178,0.393035,0.651616,0.5518,23.493754,97.204579,32.236037,100.0,34.078432,28.058724,36.896301,9.120052,103.674582,0.205048,1.160634,0
67.578301,108.592606,340.525303,39.720725,100.0,185.907076,0.424125,0.25111,0.230144,533.429216,94.586151,26.926787,100.0,47.599281,39.108039,9.476895,3.449821,69.423406,0.141582,0.713294,0
91.450905,260.257415,565.217821,39.108066,1020.460356,116.559818,0.548455,0.640817,0.620849,519.63993,0.84552,30.891676,100.0,10.0,18.988395,60.0,10.481463,121.564105,0.206354,0.10755,0
36.715066,99.44504,231.531551,40.156696,1304.89238,101.343207,0.233552,0.271742,0.215888,150.207792,48.372459,26.69836,100.0,19.739401,35.396597,42.465369,5.631962,59.990891,0.21745,0.787841,0
27.474129,69.393799,419.346981,42.977255,444.168812,149.507086,0.506322,0.911964,0.868491,294.39038,170.217206,23.144376,100.0,27.903614,29.896208,40.648727,0.0,105.220633,0.355519,0.007788,0
238.171504,390.328272,797.345678,5.906521,664.638039,322.167341,0.818023,0.4522,0.370279,44.965087,328.031388,28.737893,100.0,41.702191,47.220006,12.457837,10.302016,160.937073,0.393555,0.265507,0
84.250897,329.021142,497.640268,57.695092,1361.827078,48.733366,0.417686,0.479436,0.651574,169.702743,1074.743986,22.412695,100.0,39.959086,31.498344,23.762346,7.695337,92.274914,0.217761,1.504012,0
30.47939,135.533348,303.932945,37.208207,100.0,116.915255,0.178583,0.621292,0.628393,9.676474,324.732681,31.080695,100.0,21.651832,56.675296,18.336186,5.211011,62.652444,0.153051,0.124455,0
43.950214,277.039397,385.463067,47.980621,239.214394,69.228154,0.378484,0.593686,0.691361,773.433018,190.502362,16.747321,100.0,16.406781,10.375397,60.0,8.694369,122.088086,0.173635,2.025322,0
245.926851,301.968073,500.343292,25.750501,785.942409,153.769312,0.457948,0.915311,0.840835,37.253531,38.248313,22.526666,100.0,30.546608,46.64571,19.24989,6.156897,123.154968,0.304997,0.01901,0
182.584202,229.758161,535.732214,5.681847,523.832581,48.059431,0.615645,0.237335,0.310315,178.767726,404.61491,19.942512,100.0,26.818899,10.0,60.0,11.556444,173.734589,0.37395,0.62383,0
39.633696,236.430157,625.269505,33.035406,753.066551,273.886421,0.539081,0.287386,0.310021,16.120723,124.536306,38.041241,100.0,27.535162,35.786572,39.239524,3.291915,122.05624,0.231767,0.54454,0
24.900183,163.855362,249.940279,32.895457,268.12484,37.248261,0.294688,0.58268,0.50778,343.06205,780.511541,20.113357,100.0,28.950749,56.533378,13.672706,11.070485,79.176541,0.207264,0.826049,0
26.859318,56.993209,233.673994,29.034411,1007.156743,239.494354,0.127932,0.570753,0.46609,429.010639,628.695507,23.696537,100.0,29.43883,35.876562,32.417593,0.0,33.636295,0.101933,0.160902,0
168.799128,428.14496,699.671943,23.684438,825.383457,96.375717,0.539572,0.705046,0.634414,676.547875,8.952771,11.654085,100.0,42.640155,57.101477,5.0,3.241808,164.707689,0.297102,1.102567,0
48.269837,138.008138,179.34986,18.740435,1174.595247,169.988399,0.175499,0.65278,0.592537,298.359591,250.478568,34.311604,100.0,41.866057,21.658932,31.266374,4.771679,49.318755,0.125818,0.018206,0
15.193865,110.863244,118.267262,34.014968,1000.19975,71.995666,0.175474,0.594224,0.689207,291.404764,475.204703,19.168025,76.362071,27.163101,40.475912,27.985123,5.73871,58.900885,0.103755,0.517919,0
45.218629,328.388063,499.995602,25.640298,1003.345036,262.880525,0.443015,0.715787,0.797158,134.837333,43.610691,33.047921,100.0,27.731905,24.456362,43.674163,4.108376,84.453973,0.246721,0.751666,0
90.677154,328.133381,416.427894,58.346254,176.846323,341.379356,0.468237,0.391891,0.499122,817.168655,167.028341,17.772581,100.0,40.751373,61.254802,5.0,8.453394,143.108618,0.174733,1.387301,0
64.518933,289.892327,368.146101,14.511002,1146.295776,79.828303,0.242798,0.043686,0.128166,238.281391,170.8147,18.191548,100.0,34.999093,24.008846,36.265187,7.851648,97.229398,0.163533,0.012546,0
184.851517,241.055454,333.182283,22.581606,734.566799,343.135155,0.361702,0.530356,0.517701,23.079394,317.636411,29.019651,100.0,42.223891,21.937295,41.356899,6.587895,95.25582,0.194473,0.922944,0
91.571828,209.208237,302.179195,21.167826,816.700846,117.098568,0.336506,0.789967,0.709525,662.40457,244.946779,14.753842,100.0,37.517726,57.875071,5.0,0.962756,88.848393,0.22873,0.675716,1
101.681836,235.748772,464.744584,34.882005,1424.132188,200.82498,0.350248,0.405369,0.325214,5.0,55.168882,26.611817,100.0,31.660576,17.480967,52.093601,12.039363,100.804453,0.212963,0.953781,1
141.595775,185.471497,207.976418,32.460414,540.282222,252.572382,0.299619,0.388567,0.536692,288.779043,3.096993,19.461711,100.0,34.240222,24.313627,40.210726,11.956019,114.29623,0.186244,2.414094,1
136.106347,167.195371,385.170951,40.405726,1575.592164,71.736702,0.210493,0.418914,0.421821,64.805594,5.46856,36.982503,100.0,11.161246,46.396043,42.613911,11.79631,61.427953,0.198321,0.193094,0
45.013305,130.401878,268.821965,57.250097,1622.23765,160.115017,0.259978,0.582825,0.604747,884.298664,13.637838,34.8646,100.0,25.097337,41.160978,32.014919,1.746309,77.329585,0.210351,0.436757,1
25.366611,192.916148,249.108472,20.68716,1276.392219,24.417893,0.390491,0.551278,0.736657,521.655689,820.848109,31.643427,100.0,48.204811,26.319143,24.768934,0.141877,78.816751,0.259125,1.883943,0
85.847919,92.290622,349.173278,43.102436,409.689595,250.939359,0.174291,0.647022,0.580632,217.989352,70.500369,38.02619,100.0,43.459773,35.728031,17.81763,8.730252,70.146219,0.1,0.643771,1
76.613972,177.947519,404.052027,6.377211,100.0,149.981803,0.510545,0.848379,0.78422,277.58603,298.369157,20.322443,100.0,29.207453,66.205164,8.128589,11.026175,132.655436,0.292128,0.174551,0
92.11638,127.072551,226.196667,19.431366,1439.417457,320.992032,0.175673,0.399237,0.447852,179.604929,93.871246,28.730224,100.0,19.783254,21.34776,54.907427,11.098843,46.211566,0.218291,0.075235,0
98.295399,276.678407,523.083593,30.504585,955.692531,98.63708,0.485576,0.687206,0.711968,173.7389,962.621277,18.377788,100.0,39.237465,37.582186,22.688808,5.432203,115.780253,0.167284,1.40268,0
225.575677,346.790074,717.612537,6.704713,527.401265,332.496477,0.850627,0.234423,0.222784,245.383506,80.721979,29.297526,100.0,10.71382,32.878806,60.0,4.311557,200.0,0.31535,0.156298,1
56.533956,90.865739,116.743575,38.97182,1486.781172,50.774344,0.136539,0.544269,0.511165,51.129894,111.571625,26.095654,82.897888,37.270298,53.594025,11.483189,1.36334,52.944831,0.21919,0.83415,0
101.375415,282.22195,361.721611,42.307083,469.22056,218.507928,0.56884,0.054506,0.106402,203.478787,771.990248,16.64701,100.0,32.548044,17.859459,45.874634,5.830365,111.537871,0.300019,0.728056,0
25.252254,145.891324,166.5709,46.070244,687.922371,110.810945,0.211059,0.430767,0.499492,276.740415,156.114066,23.700248,100.0,28.993424,26.707237,48.118753,16.380795,82.765499,0.123133,0.299475,0
34.063244,114.401689,401.219185,33.411598,1162.445182,65.44138,0.432575,0.21814,0.305009,256.232294,354.373432,24.627525,100.0,43.626204,32.207253,25.103302,0.548783,90.763291,0.169335,1.583327,0
72.732861,409.080053,563.622385,38.216957,343.198584,33.817382,0.663305,0.967656,0.848542,420.120834,606.720354,24.439414,100.0,41.943706,26.563542,30.12211,6.020122,144.128758,0.279408,0.839383,0
29.407888,116.224687,244.926067,26.783589,845.259545,236.031321,0.362594,0.751404,0.653839,276.712597,32.858764,34.796316,100.0,40.486998,44.435304,17.463802,0.940319,96.465301,0.103502,1.120439,0
117.872683,181.112228,455.355954,7.268917,1444.568592,83.940456,0.502462,0.532581,0.619972,55.048311,89.746104,17.632106,100.0,49.134074,48.703054,6.125253,6.075811,148.07989,0.272237,0.596369,0
104.795984,250.454129,364.505835,10.497352,1005.555372,206.213188,0.363498,0.252767,0.324431,99.300566,328.270362,19.967348,100.0,25.901601,44.265619,27.615292,0.0,101.31737,0.252064,0.399155,0
40.149728,308.899733,586.406971,41.024776,1523.713168,352.59074,0.443359,0.625299,0.710147,171.489126,79.435425,6.212628,100.0,26.115229,10.0,60.0,0.696791,114.663666,0.303765,0.238865,0
60.126036,67.343942,134.379554,59.755541,1466.801179,113.746255,0.1,0.403453,0.522253,109.130711,127.146506,28.058026,93.826431,32.732005,32.168882,33.582582,3.235268,20.0,0.1,0.396791,0
170.052061,375.242766,547.054228,5.869178,903.869167,12.57994,0.696312,0.943528,0.787444,200.115868,78.574817,28.923399,100.0,51.852926,33.540356,16.282292,1.297981,142.063642,0.351672,0.052877,0
85.038312,235.189532,545.37942,35.667092,100.0,51.416141,0.733516,0.498679,0.557427,107.64169,42.099975,29.295377,100.0,13.913047,19.168818,60.0,2.65174,121.834835,0.340514,0.684824,0
300.0,541.49799,588.046869,46.305481,347.113852,42.955923,0.612798,0.59129,0.530526,6.427762,187.379645,23.778401,100.0,26.177677,23.349287,52.379669,12.241124,152.824526,0.331842,0.39062,1
60.172572,274.22521,367.612887,50.472616,1281.667056,166.78207,0.235102,0.622398,0.649487,206.029445,3.456136,19.575337,100.0,25.200793,65.825571,6.065427,12.068953,70.834786,0.1,0.763821,1
66.283783,196.972009,325.379349,34.98627,124.87429,268.074205,0.299345,0.284683,0.302244,233.296148,151.224006,16.836593,100.0,37.453905,50.385989,17.830128,4.643456,72.034745,0.183211,0.028558,0
72.736674,220.357233,709.592084,39.095379,736.653706,106.719979,0.620964,0.57601,0.599126,58.139838,14.055428,27.387716,100.0,19.41289,18.08965,60.0,2.852999,131.188187,0.242828,2.693177,1
12.974219,118.398429,328.942102,43.319872,1069.240307,52.503398,0.324023,0.694601,0.665201,385.929301,209.273726,19.054857,100.0,32.736459,47.900212,20.158112,6.773358,79.485063,0.139164,0.043765,1
63.721862,311.957073,369.751736,52.243144,1634.785348,230.676036,0.325819,0.608801,0.623589,444.741794,54.356127,13.959496,100.0,50.834702,46.772271,5.0,10.736546,83.576091,0.284548,1.912215,0
61.864953,116.976761,655.657845,11.725925,612.490152,108.424875,0.709369,0.604946,0.545312,129.591551,83.151845,30.227571,100.0,18.404379,24.950311,53.479974,0.0,136.241154,0.411497,0.432779,0
126.084271,230.522899,692.385517,55.940021,578.256145,207.061326,0.713267,0.546061,0.453622,142.011048,175.730372,21.808066,100.0,22.512097,45.331213,32.886331,5.235872,159.335188,0.339312,0.725061,1
175.060007,343.042323,542.749795,6.430957,873.777117,336.163161,0.719344,0.512884,0.56251,671.417438,24.307705,25.01849,100.0,33.393617,30.051153,36.780731,3.379519,177.316552,0.230801,1.119462,1
55.806002,236.91123,871.70466,50.990986,1075.456485,104.884904,0.802034,0.676943,0.660607,495.033564,125.953901,5.0,100.0,42.080875,10.0,50.025379,5.247135,170.825307,0.326885,0.770977,0
6.210985,187.737125,295.792108,9.220723,822.876586,184.496981,0.371442,0.328755,0.459448,401.186544,156.94669,23.745704,100.0,34.084549,30.336616,35.466693,1.432774,114.819083,0.300892,0.184729,0
82.110783,221.383518,362.912652,15.704552,1424.634174,290.452289,0.482589,0.28927,0.331035,112.951526,2.489744,22.586039,100.0,42.542948,20.223601,37.93112,5.170928,92.119118,0.238989,0.725577,0
29.054911,211.426236,291.859532,5.214178,500.428083,249.01852,0.450248,0.243161,0.241702,768.820272,61.622719,35.157189,100.0,42.387246,27.735279,35.300222,1.128139,64.081668,0.179518,0.648961,0
88.011966,235.200077,510.703919,29.489119,960.080467,270.532143,0.410608,0.539606,0.555527,427.70874,101.590296,22.515559,100.0,19.529803,45.763648,34.153183,7.957471,113.13591,0.230632,0.726995,1
86.202964,370.495206,943.416908,23.389757,1122.606355,278.124975,0.942389,0.434529,0.443239,97.473334,143.144669,5.818291,100.0,30.441354,45.780035,18.846997,3.994535,200.0,0.405268,0.29559,0
37.345983,90.854556,428.68702,14.12961,699.883595,194.369767,0.47905,0.542318,0.500987,41.428204,54.463105,22.558764,100.0,10.0,43.733841,49.060904,0.0,78.268074,0.192976,0.736442,0
82.664911,264.567991,350.801376,29.809959,1319.854968,192.982359,0.428461,0.701727,0.643697,49.12686,250.819875,24.04363,100.0,37.804057,42.604696,22.19251,7.811562,106.936246,0.197275,0.036453,0
15.805232,109.452753,223.158714,27.130399,974.479271,258.800249,0.295649,0.212778,0.382856,5.0,412.50339,31.892202,100.0,55.432797,20.718923,19.637781,0.293678,68.378307,0.11447,0.986626,0
92.361856,203.271228,515.01296,47.221357,1294.422857,251.153377,0.709048,0.72766,0.71302,123.131546,235.447706,23.707633,100.0,25.510677,25.093802,45.720915,5.228103,172.087488,0.450216,0.723967,1
135.043956,433.174115,517.016985,54.122167,997.052054,241.220759,0.450381,0.04354,0.068723,43.7053,147.037317,21.337848,100.0,28.529195,56.396831,13.557907,11.705789,138.369585,0.196017,0.538303,1
108.41653,403.864277,574.054614,40.891199,1088.202286,137.568489,0.492946,0.542594,0.581137,230.032029,30.755155,23.092556,100.0,24.265593,66.359546,6.59657,8.570875,131.680947,0.227075,0.145593,0
45.944176,294.130712,337.199124,11.842571,583.804122,298.275352,0.304522,0.620719,0.509042,243.12615,264.517784,40.0,100.0,48.394343,37.752757,12.794856,1.25481,111.844407,0.169331,1.156937,0
127.655331,197.586625,337.619742,21.246494,584.614147,85.03304,0.357957,0.332595,0.473135,175.579346,156.761221,27.145322,100.0,39.077002,42.697494,17.319731,10.775542,96.088556,0.240425,0.722256,0
116.95987,181.483569,380.76901,55.232506,1512.19824,56.063508,0.452985,0.480573,0.484827,155.84351,219.737045,22.185855,100.0,28.735513,71.909232,5.0,12.604233,94.276238,0.140975,0.723875,0
120.989057,155.24035,361.051416,9.880397,1217.755222,124.258399,0.361279,0.280032,0.164911,209.812116,415.914904,30.320081,100.0,16.901638,31.101232,55.809632,0.0,106.796366,0.202552,1.30738,1
190.341129,452.489877,707.204813,27.377071,388.517417,91.379247,0.801755,0.363993,0.358235,434.427397,133.582367,16.835692,100.0,28.918556,40.583988,36.78122,0.0,162.35976,0.367431,0.19298,1
99.31347,144.374474,586.282635,56.837754,990.431712,238.745704,0.59799,0.708688,0.784679,327.058751,219.172413,19.25942,100.0,20.30996,27.348277,48.576278,7.780348,120.126698,0.311255,0.30217,1
26.147412,107.711577,459.241898,57.286566,100.0,83.166426,0.480718,0.194388,0.211699,427.964363,357.407629,20.54232,100.0,30.853274,10.0,59.474629,5.381283,97.831105,0.255969,2.988377,1
30.897317,101.034285,434.118294,27.616175,613.029918,236.336342,0.335976,0.99,0.9,464.558482,303.819388,12.812557,100.0,33.588155,28.45233,41.246046,7.579463,116.830357,0.145019,0.036525,0
99.376808,162.952246,464.961016,41.706829,1380.513838,184.760206,0.677326,0.772882,0.679128,106.22116,700.688287,30.224654,100.0,22.534342,43.945239,37.226764,12.527641,113.858259,0.311677,0.87579,1
62.887636,81.564725,289.089515,30.121008,837.427206,54.882025,0.340981,0.375061,0.416502,50.947782,86.930959,18.983846,100.0,27.708803,12.664743,55.276622,11.394497,63.367562,0.22608,0.098303,0
53.252947,129.226579,301.354203,46.44033,958.956335,93.022655,0.519862,0.833786,0.710996,253.716211,395.476159,24.785882,100.0,42.816756,45.926712,11.261383,14.120925,123.588621,0.264864,0.114881,1
114.409722,231.917714,595.62917,6.736973,100.0,187.821642,0.544058,0.590142,0.539162,187.561594,1076.151022,20.369217,100.0,25.046817,17.229729,60.0,0.501901,112.65243,0.266277,0.651079,0
21.35062,60.284578,369.329593,12.928643,703.873191,263.917909,0.496992,0.223902,0.427288,781.098538,614.823621,26.067385,100.0,49.420351,28.034871,20.03143,8.785845,105.397915,0.325307,0.057001,1
116.131885,172.735313,274.838395,38.780934,1069.136112,143.370592,0.27735,0.653579,0.662071,29.119372,36.861544,36.127962,100.0,37.737841,34.798888,25.598387,0.447088,74.429466,0.217849,0.122375,0
59.767989,297.807675,566.501137,17.790374,1132.644938,83.819751,0.76343,0.620268,0.474252,302.03211,303.962252,21.717996,100.0,35.842529,23.141538,43.81583,0.0,153.252324,0.314046,1.682858,1
94.346525,143.130832,353.309217,41.632876,1381.177856,106.228155,0.51239,0.291967,0.304503,108.851017,126.888704,20.917332,100.0,37.244314,38.415808,22.925475,1.615842,112.912989,0.24423,0.123856,1
23.41906,120.144971,362.680208,24.317261,794.871124,34.242188,0.493232,0.716306,0.594654,370.193363,13.143213,15.931223,100.0,10.0,36.114855,55.701904,4.121515,114.869343,0.272676,0.475852,0
119.564101,221.076656,617.815079,53.765506,817.172094,9.05382,0.552671,0.460165,0.574925,249.378088,137.497445,22.136702,100.0,42.336292,39.054125,23.728855,9.85925,111.722898,0.217989,0.003667,0
152.845168,210.359195,318.06386,50.059266,233.941285,350.326552,0.56102,0.520257,0.624967,155.53579,44.041214,11.814443,100.0,44.903475,61.48852,5.0,7.14061,106.969405,0.276493,0.819069,1
300.0,495.563484,594.904936,32.106079,797.73923,34.707576,0.809467,0.728695,0.638089,37.142273,216.941928,33.282222,100.0,38.031786,24.822282,36.116631,10.839905,186.466097,0.384189,0.246573,1
89.559217,321.459777,544.965756,47.50923,269.212469,44.959444,0.525257,0.853039,0.784871,932.091723,275.913261,19.787033,100.0,16.74408,45.552646,39.684104,7.701595,122.217676,0.210513,0.521242,0
148.916549,179.527701,295.656631,19.912584,100.0,313.547071,0.367474,0.73551,0.7376,201.767981,808.170425,17.899371,100.0,37.037194,25.967731,38.30177,6.504801,101.492487,0.250175,0.503668,0
29.312866,98.344441,150.275534,32.184288,357.410315,238.861885,0.320415,0.685069,0.61556,41.893141,291.595587,22.783884,100.0,20.643042,38.161973,39.720201,0.055077,79.602986,0.233559,0.263044,0
183.094019,237.142925,311.272792,15.861513,1654.342454,156.986111,0.167364,0.17719,0.224603,284.804367,233.540665,28.107293,100.0,39.848407,53.358352,7.089511,7.690645,74.28562,0.1,1.76099,1
17.157909,99.245211,736.245638,52.348739,764.719399,233.648426,0.840396,0.657026,0.747133,899.264966,43.832688,22.348495,100.0,38.741951,53.816039,9.807149,11.507097,155.214827,0.398163,0.019404,0
235.850095,337.495096,535.403567,50.268719,1009.938682,336.594536,0.65746,0.263806,0.232871,32.389833,18.047911,31.116762,100.0,27.983857,30.583322,42.240349,10.155002,143.37217,0.385457,1.27882,1
82.682134,102.619469,376.176308,54.618232,643.251874,35.775832,0.363435,0.680899,0.703852,38.30982,386.072074,21.049599,100.0,34.78203,52.532985,10.043262,1.991871,107.148585,0.20716,0.304809,0
19.04889,120.341012,280.680996,53.261234,100.0,87.73597,0.119347,0.398858,0.365523,184.347441,237.845718,18.899848,100.0,35.376439,42.539159,24.544529,12.668717,54.011935,0.1,2.219091,0
54.544127,67.972168,440.838103,57.777794,1368.056562,309.708145,0.508031,0.739528,0.723013,166.58,191.568547,23.576438,100.0,46.096937,39.94588,13.352009,7.208189,78.682178,0.288232,0.961045,0
147.765013,444.746162,469.096704,17.558493,100.0,281.030164,0.385366,0.644894,0.671706,165.441522,620.482993,22.925425,100.0,37.386339,42.424924,19.250086,5.390883,128.57697,0.188148,1.451285,0
63.888792,281.755237,767.872964,56.250336,622.603662,357.93242,0.593872,0.633688,0.48295,75.118909,186.887786,29.895548,100.0,21.372994,37.620442,36.127497,13.432,116.245427,0.315464,1.067106,0
63.172328,179.822506,375.074632,36.416726,872.69256,113.007173,0.455884,0.44799,0.531006,217.40222,350.197219,29.205538,100.0,12.671796,24.077051,60.0,2.347037,112.24988,0.273115,1.485815,0
137.943656,161.749237,277.117146,28.23723,1015.244822,340.159103,0.467345,0.72102,0.708776,321.342142,79.739058,20.925396,100.0,47.21554,35.781915,18.650107,8.138445,126.24656,0.184566,0.575527,0
68.408938,246.228434,688.69527,35.820564,536.765198,123.727979,0.663498,0.496123,0.503582,96.578567,371.246389,13.860139,100.0,17.586554,60.896774,20.355167,0.0,146.543937,0.323727,0.384749,0
174.958532,249.622636,511.778875,23.84313,100.0,257.433549,0.653526,0.239305,0.214717,191.606953,425.719348,27.766106,100.0,19.324238,28.064931,54.514518,4.581303,175.251737,0.25912,0.730311,0
44.665873,250.84443,426.345783,20.870415,499.453354,317.787461,0.528807,0.78589,0.782157,391.565251,70.47417,16.081135,100.0,27.003879,80.0,5.0,0.0,103.57968,0.201119,0.19027,0
11.690029,196.968078,254.488303,18.272289,525.621006,61.481554,0.178996,0.667754,0.581376,5.0,453.350085,23.29392,100.0,27.195942,25.986647,49.480694,2.379453,79.343992,0.180279,1.295412,1
71.741617,153.157016,333.234924,9.533539,513.453252,74.029916,0.327837,0.350871,0.325858,118.595994,96.453234,27.192127,100.0,14.732694,51.970573,32.285445,6.032518,79.969504,0.19973,0.389074,0
78.844484,174.571205,386.385631,32.311069,1385.029295,209.145113,0.536355,0.453402,0.505455,351.207352,572.654274,35.727748,100.0,32.732657,14.670809,49.753261,4.997753,101.780382,0.140232,1.163874,0
43.128983,98.433115,329.217471,53.826892,293.198611,303.776917,0.323609,0.591299,0.673444,99.358988,8.255688,38.086286,100.0,18.335277,44.678185,35.317169,8.52759,101.452294,0.225751,0.491782,0
92.300656,117.561114,221.419125,39.658358,1050.489637,28.421833,0.370117,0.663769,0.72532,322.986645,364.797082,26.650809,100.0,36.359556,11.416825,53.300411,6.556461,83.811136,0.150704,0.44152,0
14.198381,114.165617,220.591306,33.65366,979.148519,306.317092,0.246488,0.506026,0.571087,345.075885,691.360336,11.192299,100.0,37.424678,52.232807,6.468868,0.13471,68.532414,0.166839,0.724066,0
94.38123,254.80757,327.073158,28.572611,1380.227539,123.523391,0.450138,0.304179,0.249891,129.9091,102.193848,16.757362,100.0,44.147782,38.507965,22.758478,9.646968,112.464818,0.216728,0.08284,0
24.842736,133.463564,246.795688,30.542089,833.434064,146.241581,0.352687,0.36113,0.367737,42.728,906.39233,22.936868,100.0,37.051444,53.921591,10.010042,6.853806,124.714438,0.251414,0.993054,0
18.97913,111.128217,403.479467,16.510254,1295.565484,122.349994,0.418128,0.829647,0.798009,91.019618,25.015032,21.692639,100.0,39.150079,18.765486,45.314133,5.818928,104.334053,0.252076,0.335133,0
77.093414,223.995745,778.56408,50.261473,813.889931,328.132766,0.831085,0.255953,0.366162,363.419438,224.931298,24.718849,100.0,15.763368,41.200053,40.364589,4.451354,184.68753,0.383755,0.861623,1
17.355604,107.395895,264.432499,15.911063,1117.196263,47.085958,0.10878,0.639835,0.665107,146.795487,35.904391,24.827542,100.0,22.95308,47.83774,29.689455,0.0,34.230171,0.146459,0.450186,0
7.339902,124.123131,359.712761,44.414252,148.529456,206.738813,0.297189,0.623763,0.585112,49.375267,277.081519,16.314836,100.0,30.322794,47.697091,20.233184,4.928889,62.84605,0.178357,3.529461,0
104.217021,183.408968,252.304231,46.799176,100.0,53.318909,0.268096,0.606548,0.523347,5.161642,584.013842,27.852533,100.0,41.45366,23.790493,29.33754,11.116608,67.852153,0.216769,0.633229,1
27.816761,126.12364,196.719048,36.617797,1088.773427,334.294067,0.384481,0.398099,0.516927,19.777414,351.765699,18.092301,92.476718,31.46599,40.36685,29.986237,2.97472,83.960889,0.228897,0.366822,0
112.496742,149.319728,508.26362,52.460951,1115.591563,287.255273,0.387407,0.880905,0.75547,153.270555,26.59371,25.01878,100.0,28.997181,29.828647,44.975956,5.321022,77.28091,0.262984,0.789301,1
57.816814,118.802789,138.33189,21.007769,1137.751167,84.174939,0.214113,0.67892,0.563641,202.540808,10.665017,35.654175,96.26,38.440301,41.208209,27.501253,5.719412,59.405099,0.226872,2.030993,0
77.036037,368.454506,632.37928,53.488947,637.533743,107.200177,0.669266,0.606092,0.524674,564.259313,391.104857,17.605941,100.0,10.915442,11.289472,60.0,0.307344,176.249778,0.368788,0.649144,1
149.45877,182.641705,454.137847,45.117575,1644.861126,137.345518,0.510771,0.874159,0.772925,138.340213,679.453963,24.950808,100.0,20.751732,61.712177,16.300363,0.692462,115.860646,0.262049,0.149545,1
99.920378,404.299233,770.135329,48.931241,670.061092,145.950363,0.744756,0.591233,0.621499,939.029981,224.272906,21.431139,100.0,33.957046,28.317363,40.445205,10.363136,142.870095,0.420175,0.395092,1
114.317473,227.905744,472.565205,41.551884,1110.43951,294.243429,0.439622,0.738457,0.802269,67.787406,37.945785,17.532702,100.0,32.377283,45.775985,19.730162,7.839043,130.29135,0.198769,1.157225,1
111.216734,136.023823,190.543252,51.548866,1197.318113,203.232008,0.237295,0.820696,0.813904,246.612226,77.891958,24.770245,100.0,37.193178,19.416907,41.629239,9.548656,45.371889,0.159926,1.134846,0
39.554462,220.667642,639.33621,59.620437,1759.37008,154.061753,0.740912,0.568191,0.544107,268.069419,622.676349,19.062638,100.0,34.9162,11.404053,53.468174,7.13957,171.347628,0.365867,0.438152,0
96.511896,128.136447,256.285431,28.108957,741.48519,259.000076,0.249012,0.250178,0.300193,212.733633,736.31613,29.039097,100.0,36.370281,48.728648,12.148315,0.061814,68.757039,0.153278,2.130352,0
31.448042,201.240902,600.145016,49.765363,573.403547,164.831355,0.394189,0.329804,0.282663,118.260235,1223.449172,28.082808,100.0,25.602456,48.381414,23.380252,2.851087,138.757849,0.262391,0.509784,0
96.67721,232.552701,577.39039,45.951887,150.927308,46.166406,0.637399,0.697969,0.585205,369.364006,112.977012,34.747295,100.0,46.675934,51.625071,6.278031,5.766613,164.150015,0.304528,0.409292,0
55.521216,163.629438,402.247385,29.907859,1676.183503,38.696106,0.591494,0.762779,0.691147,213.82838,1178.054015,28.94608,100.0,20.373235,43.730108,33.269725,6.981864,134.956664,0.204249,0.012865,0
65.525883,190.04673,537.12987,55.982195,1110.705454,117.344405,0.451439,0.52776,0.523981,512.216624,589.010919,28.178462,100.0,29.371366,56.877008,15.481765,5.083478,106.126053,0.174027,0.169767,0
217.521336,346.779735,801.358176,26.693426,1126.530553,217.033286,0.91723,0.143849,0.339084,144.914873,190.279602,11.424027,100.0,32.35369,43.504756,21.634408,10.647397,200.0,0.446754,2.002878,0
107.732749,195.436332,458.667178,36.100625,2458.352121,48.542878,0.541934,0.440709,0.563583,85.27268,612.809952,29.756548,100.0,39.010375,23.249712,37.29171,3.469663,122.966904,0.22152,0.606956,1
42.367825,361.080855,682.854512,10.82683,1062.522371,198.048301,0.56479,0.478911,0.486432,77.090341,69.976102,28.888882,100.0,21.747533,76.470452,5.0,9.249011,149.348237,0.280107,0.682663,1
14.096633,257.552845,351.437979,17.417636,248.839297,97.059472,0.328349,0.791508,0.740139,358.997082,57.919928,19.358157,100.0,31.078621,24.65398,44.614749,3.58952,97.896423,0.171862,1.307703,0
79.008339,255.381559,561.477518,51.238289,802.048213,250.34883,0.502502,0.360928,0.474697,69.066429,222.898961,35.257338,100.0,43.455712,51.483329,5.0,8.605493,110.726907,0.280054,0.423926,1
16.318414,95.654431,187.911231,26.8104,412.608796,10.174572,0.276628,0.462005,0.454334,319.107851,427.405454,29.858129,100.0,31.945219,45.975211,24.759312,5.745642,76.295333,0.174593,0.389081,0
237.028627,310.700924,532.972715,26.674625,702.065803,168.848435,0.534899,0.26468,0.207771,175.742873,84.470386,25.379711,100.0,33.814815,54.978241,11.580024,0.0,119.425071,0.223211,0.550212,0
67.076447,195.878984,312.213655,18.528956,698.705199,18.815094,0.475938,0.579039,0.584229,39.91802,94.875145,28.728459,100.0,27.786933,36.498462,30.604453,5.918103,122.332474,0.172233,0.91094,0
138.838554,213.069085,351.013116,32.038568,606.487804,118.982799,0.483298,0.25606,0.305757,486.872289,399.006631,26.970014,100.0,32.024711,43.380559,27.33159,6.776197,113.782351,0.291059,0.251432,0
20.318703,108.648082,600.357592,49.319933,203.358747,5.607052,0.455775,0.169938,0.288544,294.772412,26.151984,25.227899,100.0,31.678482,27.96627,40.579526,4.15683,91.079987,0.229109,0.839185,0
105.664281,284.238614,476.000605,54.234026,1696.250817,168.875554,0.362704,0.662075,0.600271,76.993313,89.740554,22.817131,100.0,36.517847,47.286133,15.7155,9.357765,92.607189,0.135305,0.206702,1
160.214263,409.800439,630.685566,8.856294,1049.424022,276.125713,0.69751,0.639717,0.692073,13.772042,59.172162,31.729428,100.0,18.439098,17.461574,60.0,4.207822,191.338974,0.335284,0.012645,0
112.249539,243.196725,558.137069,36.61514,787.263983,36.079214,0.522873,0.693909,0.562204,316.517149,826.442574,15.144819,100.0,30.486267,58.319908,6.147738,12.044418,106.342839,0.279357,1.953853,0
131.294648,250.444534,460.849108,30.700035,1278.818915,264.680169,0.474234,0.584824,0.570659,419.460126,85.054554,25.274105,100.0,33.5382,75.618151,5.0,14.097019,120.936229,0.227898,0.359879,0
98.489726,122.169873,424.715958,38.785502,1135.533637,210.310296,0.515664,0.751783,0.722243,91.181958,198.501447,33.204646,100.0,40.80025,55.621626,5.0,7.292481,91.897867,0.255566,1.624234,1
51.287774,224.083734,545.441987,29.600163,1037.845366,181.657898,0.649473,0.804677,0.738064,549.341378,360.807896,24.764804,100.0,39.357082,10.0,47.647844,7.913518,146.471663,0.359347,0.166944,0
32.687119,218.561759,348.841399,26.925465,1242.499036,215.813974,0.273177,0.279842,0.308995,7.751551,197.377972,28.915489,100.0,47.353964,29.489212,25.254188,2.74896,77.820123,0.178541,1.94239,0
37.817594,253.319145,333.116053,30.953439,966.967372,120.922967,0.160988,0.294417,0.256825,266.81034,1.379717,24.031929,100.0,32.253237,53.714908,10.198438,0.093525,70.776002,0.1,1.334128,0
240.943245,600.0,808.380568,37.009952,1235.110728,255.722239,0.775809,0.559067,0.610712,17.852646,13.862844,17.811297,100.0,17.673533,20.129141,60.0,11.670486,190.065244,0.354125,0.156567,1
85.664967,157.508336,296.093053,32.554077,1276.55615,280.679703,0.266195,0.450713,0.514761,157.301483,282.621599,29.651867,100.0,31.182784,16.452463,56.466489,1.522778,44.413971,0.221936,0.09172,0
171.080793,443.151773,782.1225,30.967945,981.359368,280.160592,0.771429,0.454245,0.52716,303.73016,152.952166,33.093732,100.0,14.180022,40.221336,42.99172,5.15036,185.298377,0.283447,0.226807,1
44.64487,299.040019,440.811818,49.980942,789.802753,97.005524,0.465829,0.787819,0.826956,286.315662,302.54484,20.578045,100.0,14.099407,30.35139,55.58523,6.007437,123.901996,0.278766,0.329774,1
125.623338,246.320442,698.736096,46.01064,1665.198901,235.406523,0.596385,0.825849,0.66117,408.951826,1040.742204,27.419727,100.0,25.000603,29.446663,42.803359,7.363844,118.019659,0.284453,0.077877,0
30.502277,62.364816,525.733125,23.775817,661.04923,53.314461,0.755559,0.128652,0.200953,226.316142,219.742691,25.800589,100.0,34.572671,15.661795,45.129148,3.707895,140.487147,0.269594,0.090176,0
59.134818,294.140905,722.021612,49.031741,1095.6568,178.351061,0.715419,0.765513,0.716411,1308.193617,272.57545,21.72137,100.0,20.203155,65.112372,16.526911,10.769183,161.008082,0.375281,0.605655,0
49.258521,327.019217,612.840994,51.950787,1106.954205,0.946534,0.563539,0.764472,0.782631,63.522666,137.381204,31.124673,100.0,46.634153,22.364022,30.847613,10.300099,143.035507,0.237173,0.43866,1
222.145661,263.644051,382.986501,13.442071,595.221074,69.691233,0.435682,0.391853,0.482734,306.876527,851.752963,22.519857,100.0,34.433688,31.108442,34.671087,11.86129,112.68108,0.231917,0.689835,0
35.667967,198.284125,353.450048,37.047535,496.088807,227.424282,0.45342,0.450673,0.387358,479.870405,180.487607,17.652343,100.0,45.637091,44.707155,10.545162,5.707595,97.196466,0.253774,1.824591,0
115.528482,229.961326,512.43134,20.69216,723.07399,314.770142,0.472313,0.627027,0.667301,453.257295,212.998374,21.742911,100.0,51.132222,34.338295,12.026106,0.733363,125.738997,0.249956,0.449365,0
100.448833,210.414223,388.261411,45.654478,653.891573,17.650187,0.662048,0.409509,0.445213,89.174082,290.595525,23.002507,100.0,42.851763,30.331533,23.189045,5.905624,145.345093,0.273477,1.223638,0
22.354032,47.051186,217.392696,18.133193,170.934719,201.079005,0.132525,0.373869,0.287225,14.13392,863.17509,19.867161,100.0,26.707396,53.013592,20.831491,0.743322,20.0,0.185535,0.274407,0
172.376306,403.569178,844.738388,41.927194,574.252459,229.239007,0.672722,0.633456,0.654425,197.439718,276.878628,20.616969,100.0,20.440172,43.869978,40.129541,9.231787,154.487759,0.271356,0.764582,1
186.762636,266.695181,333.360576,19.031856,1033.111492,335.660753,0.223423,0.677161,0.65925,254.12827,191.143216,16.890807,100.0,21.58302,43.172791,36.198637,11.9698,89.968902,0.139139,0.206149,0
85.949428,433.254447,727.114377,33.112907,1532.971792,235.851766,0.718436,0.588622,0.590843,460.916921,84.373495,22.074697,100.0,33.510388,31.249255,30.997477,7.333804,196.689213,0.373207,0.684737,0
75.08173,167.794013,438.663578,57.175556,1177.195668,37.091773,0.52016,0.694208,0.701724,160.175905,31.113596,25.032631,100.0,27.13853,16.988453,60.0,6.79092,117.918495,0.255087,0.139686,0
11.421562,83.520623,301.615379,25.971915,100.0,52.827927,0.323327,0.393386,0.498958,527.039602,768.90311,18.409492,100.0,20.59187,56.311962,19.388825,6.422094,57.601821,0.174154,1.597621,0
19.023996,97.541316,186.958149,53.165617,1220.651857,228.875086,0.305912,0.83627,0.767635,189.684679,20.424626,17.316371,100.0,38.513095,26.402819,29.589318,5.399102,50.459032,0.169811,0.294355,0
57.803088,153.985739,311.166622,59.281952,620.924107,77.623084,0.410147,0.55722,0.539461,238.696959,124.851834,17.739235,100.0,37.602401,16.135829,51.541302,6.396423,98.124468,0.128968,1.133761,1
31.457765,125.632394,341.05921,53.116797,1126.540037,334.189971,0.353824,0.485105,0.420002,260.277136,318.020363,23.034143,100.0,21.853723,32.111218,43.595277,8.803535,83.092856,0.250752,0.905306,0
138.958253,370.698852,451.86459,14.122632,892.93237,331.447392,0.526825,0.309428,0.300202,82.198215,128.633742,20.765626,100.0,25.850458,36.830124,35.833812,7.77964,141.538465,0.201978,1.055302,1
18.216674,111.672581,499.826946,50.081202,803.656187,341.51611,0.505208,0.380682,0.296191,571.659458,81.371778,13.896939,100.0,15.777945,15.363711,60.0,2.816515,90.249044,0.254144,3.10566,1
16.440118,273.457013,473.130231,6.768217,848.882136,105.462939,0.461258,0.828641,0.816512,824.437166,658.293964,16.185248,100.0,32.909556,30.785398,41.30895,0.0,119.947948,0.12472,1.996245,0
107.943741,336.032625,525.546596,26.631604,888.787846,258.101967,0.496864,0.578536,0.46876,119.366601,501.864088,23.279631,100.0,26.967454,37.671107,34.816579,6.751129,126.77315,0.256764,0.796085,0
95.268181,303.483032,608.485606,52.890336,1572.202486,238.685006,0.640517,0.408354,0.480796,90.432623,44.563819,21.516647,100.0,42.77229,17.266057,42.185456,6.220526,132.322465,0.237211,0.86841,0
81.192348,265.485107,764.901784,42.881372,890.169906,12.817361,0.871946,0.459146,0.522394,134.872117,35.793103,23.269208,100.0,31.775677,55.721295,17.938718,4.759886,200.0,0.297193,0.536855,1
125.979456,172.8992,327.14477,34.300724,1442.768067,95.603427,0.25757,0.65738,0.514413,678.335232,325.284979,33.266801,100.0,23.52174,17.126779,55.808535,4.943382,88.832371,0.118432,0.122913,0
41.356984,234.056726,308.422049,26.332521,1369.952933,74.436023,0.314129,0.555352,0.489187,146.096582,65.121789,25.376572,100.0,32.071125,48.321595,20.476418,3.927347,88.558283,0.103753,0.903234,0
51.224817,279.819508,816.806591,49.676332,1233.522774,133.491097,0.810552,0.576974,0.427728,144.053976,199.453548,12.612958,100.0,28.600378,40.391303,29.852873,6.406655,149.338019,0.353027,1.022698,0
93.007516,360.350922,591.442676,44.025712,100.0,343.099338,0.778412,0.344855,0.295821,133.740162,209.548592,19.987963,100.0,23.449285,78.609296,5.0,4.683876,180.126432,0.351063,1.304919,0
85.552096,111.878774,778.429651,30.762293,1458.316328,304.41659,0.804834,0.551284,0.57353,335.557096,331.569726,25.89492,100.0,30.148845,38.929167,33.713657,2.477569,141.659538,0.35192,0.719666,0
34.035652,255.330123,713.004225,54.086639,671.049353,105.632853,0.624783,0.949375,0.79999,82.264654,78.892403,19.741176,100.0,17.172472,15.519336,60.0,0.0,149.210466,0.260843,0.652613,0
155.541731,182.631093,292.046102,17.647141,1257.863641,190.811351,0.255849,0.058875,0.204355,153.119507,63.374043,17.837799,100.0,33.307699,17.682741,50.930458,6.748535,82.749509,0.207592,0.6083,1
23.040471,191.533042,365.323131,14.371533,413.733583,69.215804,0.509034,0.292404,0.228413,67.416619,669.95593,29.242514,100.0,34.146992,32.870609,34.709672,6.023604,100.084293,0.241489,0.83724,0
54.867543,204.563756,224.142273,40.354207,307.462978,99.876237,0.259158,0.497244,0.700436,173.887445,148.329388,21.283375,100.0,43.421438,10.0,45.751378,6.223636,78.868201,0.223483,1.262627,0
24.787542,79.752612,198.704426,58.459689,1888.194368,23.40117,0.145808,0.835273,0.714773,40.371095,198.824803,18.56741,95.361699,33.48836,16.367054,51.106357,0.458177,64.477352,0.1,0.601255,0
300.0,418.961529,483.924503,18.599112,421.508467,231.33834,0.612716,0.614147,0.696358,8.178245,444.271708,18.638036,100.0,20.777534,47.964692,32.937781,6.857416,130.179203,0.301275,0.014081,0
76.708363,179.001805,305.79915,18.731871,1473.05332,236.491479,0.390748,0.611801,0.636297,159.319265,485.522907,33.892985,100.0,10.0,72.606936,24.426202,0.507549,101.59006,0.222577,0.027477,0
29.57411,185.503134,231.318906,12.672437,959.210161,301.860583,0.177206,0.469788,0.547147,39.825735,267.179591,16.94107,100.0,19.562041,36.351602,39.243069,0.0,90.183777,0.1,0.100481,0
49.604407,165.153618,266.969178,52.330996,689.939971,313.758653,0.192891,0.172814,0.125441,265.186663,118.329677,22.575153,100.0,35.253013,21.024806,41.896135,3.438007,49.115132,0.19792,0.093581,0
91.972377,233.762949,357.506806,17.451865,877.585558,57.621384,0.187117,0.7612,0.775983,80.034783,419.030366,22.932651,100.0,45.159724,54.457488,5.0,2.373382,45.323589,0.138034,0.335676,1
138.234937,227.853874,417.215589,32.674819,249.452752,267.494741,0.392396,0.856558,0.745989,295.373785,404.75318,27.921573,100.0,32.802608,58.873619,9.760956,16.370331,142.14676,0.217915,0.376002,0
32.474159,456.0647,511.888816,59.497986,893.12281,48.494748,0.565563,0.471825,0.524547,93.160191,430.760682,18.923559,100.0,22.706843,30.734157,51.024475,4.221997,115.574326,0.291261,0.234252,0
193.528103,337.93907,736.89137,5.66775,358.629843,134.537404,0.822413,0.633456,0.727922,145.015499,138.931389,18.741634,100.0,34.41048,47.987509,20.669209,0.0,175.984736,0.454227,1.222414,0
74.380057,153.478463,273.264221,35.606735,702.278103,185.593166,0.374769,0.764981,0.802649,12.113354,81.338588,28.641745,100.0,10.0,58.88978,30.234191,9.857123,109.415074,0.184959,1.51012,0
108.697368,184.054512,423.980904,33.175897,1362.649782,17.809169,0.329901,0.977997,0.846963,768.465238,47.157245,38.676192,100.0,32.227399,43.285975,26.418764,6.983,108.071427,0.197937,0.113869,0
46.337181,232.513922,348.704101,49.409606,1027.095338,56.434936,0.368028,0.818441,0.734999,90.781899,30.937733,20.394691,100.0,38.40577,26.949529,34.301489,9.482906,102.947579,0.26218,0.907165,1
97.306592,600.0,797.284769,24.540485,158.914751,97.601796,0.92063,0.725143,0.632605,49.536331,11.876777,19.992006,100.0,23.167471,29.633212,47.965782,5.302801,200.0,0.389528,0.092092,0
43.367587,288.232273,472.175521,27.568775,1325.744063,45.915239,0.450139,0.519752,0.56384,19.185923,147.602369,38.710605,100.0,42.65024,18.265444,42.182642,9.826434,112.864288,0.28493,0.686596,0
51.98149,163.016914,573.436756,14.236589,896.450119,336.274658,0.664308,0.586181,0.691757,62.983255,249.203489,21.641783,100.0,47.439346,25.444598,19.14289,4.41832,128.875177,0.30622,1.141531,0
142.053249,165.313265,328.899548,45.744838,628.907366,103.794908,0.444099,0.719446,0.605718,375.197921,160.855429,21.877804,100.0,38.147344,47.962132,13.082122,12.067886,105.182015,0.247268,0.33243,1
104.227143,161.922462,332.285847,48.15899,1273.338152,180.421799,0.458425,0.211674,0.321876,267.313931,0.349641,25.080655,100.0,36.071971,34.458327,26.542633,11.146953,111.040526,0.226589,0.070462,1
56.571246,127.052045,212.065002,12.516483,816.396582,358.752326,0.323375,0.745427,0.74494,246.00757,460.328234,26.440965,100.0,10.0,13.639981,60.0,2.279052,88.021872,0.171755,0.19071,0
136.484216,158.308574,203.542254,26.640139,317.16933,203.991364,0.348684,0.266488,0.3197,117.419578,0.896273,25.480538,100.0,35.29564,43.463057,19.405064,7.545746,73.772828,0.196608,0.435272,0
89.662848,187.458888,417.891167,54.109775,1823.904856,148.138479,0.307052,0.569284,0.563252,75.282051,147.262675,29.771494,100.0,42.600675,55.634522,5.0,12.173501,86.132636,0.140986,1.548121,1
9.131451,180.064484,414.038665,5.1489,891.356279,334.725266,0.603466,0.035651,0.172388,103.712836,260.03967,15.622658,100.0,30.626087,35.15403,38.070373,4.055739,112.659135,0.246206,0.536369,0
65.800783,149.693247,365.500213,21.431749,859.307398,80.099192,0.230017,0.468699,0.400643,96.225455,612.612326,22.630827,100.0,40.960078,36.673281,30.024844,8.684605,67.030782,0.147478,0.236246,0
139.802537,339.536987,686.870793,35.527326,697.447414,64.620267,0.715021,0.585124,0.475484,240.186877,129.737433,30.522167,100.0,33.52758,61.529825,5.519564,17.157216,170.093358,0.326429,0.206367,0
235.852461,310.387871,497.679635,23.375162,1489.98287,192.731173,0.518182,0.332052,0.248476,373.965631,804.045007,10.215522,100.0,32.478301,56.797524,15.576346,7.056513,136.817875,0.287424,1.456452,0
26.823864,61.721533,203.452057,19.962485,637.560746,153.828626,0.210371,0.608973,0.697993,387.831566,42.081228,16.100703,100.0,37.303511,46.739088,13.995435,2.265354,87.05804,0.128977,1.411303,0
133.23528,197.975652,410.371622,30.302062,127.510071,286.914988,0.3513,0.455318,0.420578,26.958495,331.785496,28.244132,100.0,29.929669,60.787852,13.281,0.733595,84.744346,0.271445,1.204226,1
73.958762,132.885904,299.717227,14.983771,560.661169,15.123615,0.409735,0.328289,0.341992,1083.348369,733.494497,24.496631,100.0,23.581097,56.794991,18.239276,0.164337,110.569828,0.158125,0.264697,0
22.348172,49.941034,111.564245,34.129388,1563.3873,222.381297,0.274963,0.473491,0.473544,64.885167,170.443217,20.118375,86.989759,29.203076,36.130943,32.952095,1.578048,96.527729,0.127885,1.06905,0
24.404215,73.193782,443.091797,43.868276,1316.066081,255.844491,0.466321,0.597795,0.465045,600.565234,380.279823,25.885793,100.0,28.112604,44.201433,28.178558,6.54607,131.909567,0.256696,0.113023,0
27.851098,46.240113,163.145044,36.641222,772.492174,349.890034,0.209748,0.162832,0.197645,114.372356,497.728725,26.635047,99.751688,36.184802,39.949617,29.31378,3.796815,71.867437,0.212366,0.195758,0
15.53049,32.581016,207.153621,10.121013,1586.627571,52.474752,0.404223,0.636244,0.581899,786.171704,88.541019,18.66597,100.0,22.16185,69.674479,11.639901,0.301754,62.957998,0.180008,1.649174,0
20.270853,102.832124,228.003466,51.442474,1273.971114,88.647559,0.251632,0.673592,0.813198,198.92352,135.024629,23.540232,100.0,44.773841,44.904028,14.737822,4.828002,53.179045,0.23808,0.192162,0
76.326525,145.805475,553.812889,14.623781,766.705318,335.679563,0.566523,0.750195,0.744438,406.223378,17.491872,16.944579,100.0,35.550987,43.683023,16.489837,2.109182,106.571433,0.31104,1.489923,1
8.869188,376.947418,505.572702,47.06466,817.045072,227.026384,0.509376,0.681003,0.606527,233.440617,389.046363,30.919268,100.0,45.177732,67.950184,5.0,3.817253,136.14103,0.27789,1.8979,0
32.964003,83.615522,531.784434,24.831081,1064.658866,13.697652,0.799096,0.437386,0.449404,7.792378,148.283967,14.636824,100.0,29.223402,40.783345,28.540245,0.0,176.987953,0.378325,0.701662,0
52.462489,130.742508,239.541994,48.051874,484.056525,27.843841,0.219613,0.460788,0.411603,294.588385,357.020271,23.224655,100.0,17.426163,32.657628,54.371299,11.647299,63.908144,0.174063,1.656251,0
33.15729,159.009828,453.331802,16.34501,902.252533,282.758602,0.568475,0.695905,0.760751,191.84272,228.245381,28.757966,100.0,18.452227,10.0,60.0,2.470877,109.799497,0.249995,0.387486,0
17.851117,227.094839,397.040353,15.266416,1054.256682,204.290819,0.267549,0.581724,0.619022,199.323308,590.512221,36.007937,100.0,24.86351,31.143948,38.646745,0.613239,101.295065,0.14422,0.151885,0
72.039245,333.007956,385.635922,32.336422,100.0,203.549573,0.331998,0.805375,0.816149,6.211853,135.850757,22.845423,100.0,20.342703,41.075,37.756456,4.543038,95.903222,0.166669,1.78212,0
32.507658,159.492169,598.29978,6.811481,805.339839,316.751632,0.577634,0.565741,0.60914,28.428865,319.82478,40.0,100.0,14.752007,53.740468,29.502727,0.0,137.894804,0.254113,3.082501,0
35.03205,133.895904,236.351446,17.391354,748.471907,86.795251,0.287803,0.763473,0.691602,429.680842,437.990383,17.181544,100.0,34.055188,37.901259,27.642353,8.039404,71.14172,0.208906,0.409687,1
63.270487,125.174581,270.641237,44.820674,1414.03401,57.755153,0.302603,0.287491,0.200041,276.762454,544.640952,27.528451,100.0,35.714883,24.199434,46.905267,0.501361,91.600583,0.242462,0.043224,0
114.945608,230.761036,457.733963,51.056091,100.0,220.970141,0.479133,0.520073,0.468259,15.877602,96.678261,19.80762,100.0,29.526023,44.364805,25.536645,8.328805,119.005767,0.191949,0.947862,1
40.367338,287.918734,363.67797,9.443195,709.24699,317.672315,0.340224,0.672732,0.875259,253.180338,524.059496,33.836545,100.0,47.429496,10.0,41.382214,9.608423,95.434119,0.149491,0.484172,0
42.30863,155.285179,269.795801,53.514274,659.122676,95.490232,0.458084,0.574173,0.59962,11.373625,156.059713,23.468127,100.0,31.693521,58.775061,6.007992,3.170467,82.848451,0.303019,0.600878,0
21.451119,168.282624,328.877496,48.863446,1380.035482,245.265971,0.279504,0.545498,0.47813,124.518538,42.850975,17.812733,100.0,28.375044,60.931986,13.214705,0.0,79.506503,0.169505,1.218988,0
138.649116,331.350346,380.756452,52.832636,878.226715,54.856451,0.498089,0.634765,0.647852,349.628527,62.580773,31.438896,100.0,28.736385,10.0,60.0,8.111988,108.70594,0.282047,0.610166,0
73.067579,211.618618,424.401336,43.413571,1798.047323,61.88713,0.528503,0.63487,0.652685,335.501177,15.309458,21.369454,100.0,40.245675,24.490951,32.692817,5.567333,126.015728,0.239471,0.375309,0
132.298128,288.54577,357.5264,42.078419,1231.106691,324.543621,0.309114,0.713368,0.638553,1049.32181,10.988672,16.204897,100.0,17.002124,43.655165,41.297084,7.184308,109.344989,0.278163,0.126928,0
148.157382,283.85201,574.274222,33.880128,694.888503,42.467398,0.551434,0.676848,0.597927,642.514156,154.997073,22.072536,100.0,11.82889,66.195459,20.88893,5.01162,139.655145,0.273339,0.084474,1
39.863586,86.441776,460.181038,40.903297,1019.829348,8.764393,0.490905,0.423625,0.375742,117.139293,626.544989,30.054608,100.0,34.336636,37.17167,27.865701,6.340846,101.615797,0.286893,0.245086,0
125.093801,242.875555,545.298385,55.551032,722.965595,278.978561,0.731045,0.292473,0.411547,9.094075,156.04016,23.104957,100.0,34.322917,44.253585,18.350191,11.835044,153.110297,0.376878,2.065793,1
78.980939,206.214098,534.732024,10.52871,1329.698045,130.503437,0.517605,0.785756,0.875274,205.992024,271.757509,21.643629,100.0,38.502216,42.067233,13.644932,1.844738,129.135481,0.175346,0.45419,1
43.203414,355.126929,510.507398,22.367046,233.901143,142.797079,0.896294,0.777095,0.745632,358.759768,96.301203,23.980956,100.0,31.715475,13.166419,57.543142,4.966175,180.84168,0.304777,0.746473,0
37.272228,99.913517,163.038108,8.985024,488.152012,287.948716,0.31537,0.55562,0.722037,197.003348,789.58154,9.566295,100.0,51.353683,32.557306,17.30097,0.155168,80.136282,0.157487,1.090606,0
71.428702,194.557739,557.378426,56.964284,1127.844959,64.776885,0.608122,0.56112,0.429937,93.04822,218.216538,40.0,100.0,41.066175,25.866835,33.978415,15.661028,109.917221,0.290549,0.055852,1
85.629868,167.829341,284.297598,29.489601,1512.878224,234.117699,0.430074,0.674561,0.66367,25.656408,308.902193,23.662947,100.0,10.0,41.766722,47.7994,9.89102,90.323934,0.226296,0.130716,0
6.13298,301.061927,481.282636,42.143946,100.0,112.870198,0.337232,0.664127,0.720451,182.030447,95.556663,29.781156,100.0,16.908344,27.073506,54.314162,12.239654,104.46983,0.244196,0.112576,0
48.924712,274.597881,366.873596,51.261604,1587.235608,37.536646,0.52903,0.259497,0.302021,167.902585,105.313439,32.96765,100.0,11.449275,38.521795,50.3107,9.82928,106.720166,0.212798,1.511236,0
82.794627,204.294088,286.864488,59.505014,829.932436,247.498578,0.211553,0.600351,0.503788,397.506045,8.273481,17.53462,100.0,32.85933,37.16798,32.004211,2.54912,75.152653,0.1,0.757605,0
98.596118,103.085032,326.160663,13.898035,100.0,114.719088,0.464202,0.759844,0.860615,449.892929,146.486086,16.303121,100.0,34.098449,38.490402,28.563349,1.955728,109.671847,0.191933,2.175897,0
62.870362,295.209125,490.689445,48.973193,100.0,311.977478,0.457833,0.632322,0.786162,249.270056,128.842851,33.545291,100.0,50.800772,55.088604,5.0,9.190385,107.668678,0.291915,1.553378,1
96.325072,125.829293,176.325647,53.808259,135.306967,330.852834,0.16995,0.316569,0.39603,57.430889,1364.147313,19.067386,92.212288,23.868099,44.181347,34.835681,6.385521,63.169661,0.173348,2.623294,1
37.329489,56.491556,176.979155,7.688146,890.147572,305.658634,0.427683,0.344626,0.320998,431.113736,41.727111,21.629013,100.0,22.123165,34.093968,43.943855,5.664532,69.490918,0.161055,0.112957,0
94.458591,294.793179,839.308527,46.474981,867.050981,116.046629,0.803447,0.985631,0.857468,815.863466,195.661548,19.408984,100.0,34.783495,45.958384,19.355004,6.332819,176.771618,0.393909,0.458359,0
84.827511,236.036339,504.436894,24.509893,1216.600217,85.169745,0.375666,0.704016,0.606635,262.176037,60.19615,5.97566,100.0,20.663009,29.343574,48.332784,8.550147,93.051248,0.179845,0.136503,0
146.445124,287.955688,399.156026,40.672824,625.256411,321.408231,0.536761,0.291815,0.326725,158.810928,121.152526,22.606432,100.0,29.201885,20.786871,48.624435,15.857155,114.798991,0.194265,2.554689,1
200.56277,265.580645,407.364619,33.272651,345.979727,163.060914,0.324195,0.721134,0.698486,78.868961,182.404593,23.520284,100.0,42.156202,55.180574,5.0,3.531945,89.74768,0.18734,1.280729,1
149.045186,174.028154,366.637263,19.285824,693.456806,254.7863,0.547716,0.521049,0.493213,31.357393,782.299388,30.386351,100.0,40.542904,27.478385,27.971992,0.109266,101.697763,0.262269,0.453677,0
56.558571,62.874465,205.230325,12.437175,916.805143,297.779113,0.272825,0.331861,0.314131,63.312453,251.029201,21.24109,100.0,43.710466,21.815435,33.235431,2.681649,78.704208,0.210088,1.219116,1
22.766637,163.733566,584.684902,11.432098,1015.386397,99.967196,0.469599,0.427354,0.584904,233.908833,4.395525,20.273689,100.0,17.637565,62.307473,18.446649,2.637981,108.709936,0.235137,1.674938,0
32.94129,67.996688,326.044185,10.682757,505.41765,42.875074,0.459271,0.700749,0.725853,264.726987,263.144986,27.183587,100.0,38.1361,52.06634,9.176336,0.944156,111.253388,0.293612,0.824508,0
196.750014,355.376802,658.25043,40.078452,1350.72335,224.937923,0.711632,0.151947,0.088734,15.092791,495.65703,29.327552,100.0,32.104092,35.056533,33.665716,10.750972,135.150685,0.387789,2.147678,1
74.451553,114.196235,437.251533,24.327597,589.301614,212.469212,0.259328,0.987537,0.838282,90.844259,220.224284,16.937731,100.0,58.052258,52.284881,5.0,3.708484,83.716035,0.13887,0.615554,0
87.462853,211.09894,468.056326,16.914839,465.141319,97.272026,0.491506,0.853261,0.821442,62.520546,282.534583,12.027767,100.0,39.914971,30.566982,34.573802,1.64983,90.270688,0.238965,0.02084,1
132.178312,177.121453,457.759982,43.05368,628.804245,210.49442,0.518982,0.628839,0.541406,275.808261,182.824605,37.328277,100.0,32.086431,45.709241,22.100621,8.883325,114.723759,0.306794,0.078733,1
70.88721,259.111022,668.904834,42.776726,1437.420088,284.528612,0.692622,0.245434,0.174809,668.870128,1087.181968,33.314739,100.0,43.315301,38.893056,19.508859,9.417681,185.705828,0.32049,0.434394,0
165.474429,302.269465,591.8678,34.654256,833.601774,126.003954,0.584614,0.82913,0.859524,438.214012,45.080597,19.897596,100.0,38.409921,32.18565,32.226293,8.911334,113.992345,0.331324,0.926602,1
19.973317,135.771729,213.220045,56.42268,552.743248,87.234379,0.355735,0.751557,0.858406,121.699204,620.186989,21.932582,100.0,40.37427,42.14956,22.966865,13.555321,86.913868,0.253014,0.474964,0
102.128727,153.786265,656.155388,26.197783,1363.053875,261.000437,0.714626,0.836266,0.745732,77.904117,300.299684,23.656729,100.0,37.634367,20.086259,42.768717,4.534591,126.710749,0.245088,0.077178,0
240.411494,268.512131,308.659707,50.972463,1971.37427,282.913926,0.365475,0.736109,0.587912,451.317104,377.16767,18.727408,100.0,27.874961,28.871159,40.545607,7.487192,92.807961,0.231813,0.001845,1
175.032196,316.678028,567.416033,9.132667,1004.841317,343.544198,0.558668,0.188087,0.221868,74.925831,303.195435,20.348265,100.0,27.77969,10.0,58.447381,7.576695,120.427278,0.292948,0.642977,1
182.335759,248.777659,454.627937,45.69071,1516.92123,53.130896,0.501245,0.269302,0.173977,136.665267,45.224208,23.146459,100.0,39.744681,32.779015,28.835803,2.192809,80.130288,0.274497,2.062131,1
17.882358,128.17556,262.015189,59.364608,1418.038975,320.135077,0.262343,0.574383,0.562351,74.290721,227.172982,15.340752,100.0,25.187343,42.065812,31.699985,14.009436,79.859356,0.186552,0.321234,0
83.738936,189.24981,513.245136,51.562902,597.180124,275.435572,0.434008,0.51628,0.626663,220.746505,259.256038,37.918163,100.0,33.995838,14.920792,55.997935,13.877465,104.278569,0.245714,0.767246,0
63.945018,164.250427,333.663078,36.88156,913.31709,252.683967,0.271233,0.735416,0.731668,82.535492,157.099826,13.735145,100.0,37.625478,44.09452,16.135714,10.993808,62.942073,0.262737,0.33798,1
32.749725,260.137278,520.289232,39.472134,258.727685,112.699307,0.532245,0.605174,0.65064,19.669254,301.507704,11.249172,100.0,25.810309,10.0,60.0,0.0,144.579836,0.284311,2.014061,0
84.79098,186.665254,256.925424,24.430925,797.528867,7.989462,0.232613,0.548133,0.51271,132.572431,185.185846,29.300307,100.0,37.025454,28.57655,31.207053,3.650981,81.575312,0.136823,0.594124,0
22.996442,68.760272,429.708482,42.371687,586.904815,182.718178,0.449372,0.885584,0.853633,27.364914,66.041397,21.483627,100.0,32.424283,36.41626,38.198357,4.900223,94.331441,0.215604,1.494886,0
96.157174,262.425015,603.468389,47.371746,698.557021,102.876976,0.745958,0.59151,0.643114,105.017184,180.40122,26.420779,100.0,27.919776,37.65193,39.2441,7.5633,166.144704,0.326739,0.646699,0
30.450702,192.703915,382.194563,59.902566,525.052484,104.335567,0.404159,0.132429,0.23707,332.83864,177.912287,23.870085,100.0,40.6027,41.717422,14.646244,9.159325,108.006397,0.283087,1.931015,1
92.501833,153.179557,248.553714,32.08546,756.451596,333.769888,0.325087,0.82365,0.8603,52.304734,18.826285,21.582122,100.0,18.2598,11.472636,60.0,10.301573,83.462643,0.139611,1.985744,0
34.245432,86.224457,462.916033,8.371724,1166.116343,55.068801,0.470608,0.748193,0.624209,1050.206377,100.837208,23.286678,100.0,18.19668,40.656894,39.981685,9.44723,105.881684,0.318992,0.575936,0
53.833285,190.001104,232.619834,37.772187,840.254045,336.323657,0.428378,0.122325,0.21623,92.261621,1297.893087,26.299672,100.0,32.617172,48.881309,13.248623,8.495082,106.839857,0.238634,0.474023,0
49.600567,86.503931,282.718528,11.546328,100.0,181.370416,0.50609,0.707325,0.649356,257.862403,261.748386,30.703721,100.0,19.772947,30.844487,49.041411,2.990069,98.88323,0.148813,4.327683,0
62.882731,200.238269,353.581578,18.462077,526.939718,301.780539,0.353591,0.53612,0.488238,124.350663,156.64025,19.339079,100.0,46.297848,34.143306,21.572035,4.197171,82.359827,0.268339,0.025201,0
68.218903,337.587175,583.343455,23.082895,140.300324,102.091526,0.668622,0.12056,0.164699,20.753901,171.671338,26.701318,100.0,28.456526,14.939662,56.838862,7.739013,143.737307,0.353459,0.154014,0
49.795158,214.603561,365.92285,45.206643,1022.030113,228.211439,0.620149,0.257436,0.324875,17.046811,122.037073,21.088493,100.0,16.771172,51.783973,30.685223,1.13199,120.797843,0.278374,0.151667,0
27.398511,306.529949,636.125621,15.109447,1151.658682,200.371822,0.524643,0.947516,0.9,285.511371,91.111384,21.680796,100.0,30.365667,17.684857,50.776428,2.566117,126.929597,0.272907,0.859556,0
153.571719,264.417957,341.691622,14.116412,1028.274111,332.699792,0.48847,0.73502,0.737261,215.484115,16.892944,18.60507,100.0,51.701739,55.254293,5.0,12.848862,127.355953,0.296381,0.544338,0
70.598177,181.21254,559.816131,7.473033,506.297803,64.547434,0.401772,0.399461,0.439733,687.128951,221.86364,22.122965,100.0,22.400777,73.113115,5.091973,6.450477,111.930097,0.278708,0.624321,0
86.286643,206.344196,379.360742,53.028196,1023.426965,73.64516,0.425419,0.619247,0.581518,316.267529,565.442851,16.510468,100.0,25.292224,30.005894,49.020582,11.626527,107.568923,0.221338,3.073061,1
49.813526,196.694527,326.133631,43.142798,664.942872,341.627184,0.363205,0.297307,0.167225,375.337944,598.080622,17.047883,100.0,38.219067,25.631534,35.056356,6.960884,110.604509,0.274334,0.315009,0
300.0,440.864172,682.780851,7.197056,330.887275,35.267263,0.509662,0.354501,0.255328,154.137358,14.493024,18.406143,100.0,47.558801,35.005549,15.159273,13.481292,123.227877,0.249051,1.404565,0
75.578478,129.14928,447.071249,6.556077,1270.96496,228.485689,0.588934,0.166948,0.156668,564.501331,7.53646,10.309577,100.0,21.125909,53.905324,22.256686,5.933871,137.093563,0.345755,0.595608,0
159.234496,263.11657,425.672538,35.727086,1309.013877,21.803081,0.476585,0.006443,0.276862,56.315284,409.519237,18.178865,100.0,23.750522,23.375002,58.527149,15.481763,132.490038,0.16723,0.081824,1
54.58473,277.043255,450.098029,20.539392,1374.447741,27.716691,0.389858,0.729947,0.749051,29.116228,144.288155,20.855745,100.0,15.044578,10.0,60.0,2.621048,85.020653,0.292682,3.634922,0
105.251093,149.50769,254.232865,37.819949,595.8257,214.973547,0.348956,0.455958,0.536256,339.193142,347.75212,26.01503,100.0,31.87409,56.033689,11.975092,3.854434,69.707982,0.114577,0.315851,0
60.774589,180.676722,220.961994,28.90323,1489.681156,198.492466,0.378201,0.452607,0.468888,310.446589,282.343167,15.492617,100.0,34.781445,38.311867,27.272354,0.0,84.695266,0.172705,3.157631,0
141.256822,286.274036,410.549658,55.782191,653.208874,206.289432,0.272089,0.522818,0.550757,222.359918,211.770173,23.610057,100.0,42.090831,34.290269,22.881693,8.838395,96.622677,0.226345,0.21525,0
45.342216,190.318575,381.49853,20.829496,1226.750661,170.514755,0.109443,0.556483,0.581749,23.783245,420.919445,26.079243,100.0,36.765197,38.812211,21.088904,7.769443,21.332141,0.123232,0.424748,1
24.287135,51.711908,197.315891,42.352995,644.543669,267.249363,0.26352,0.291427,0.205311,53.141635,365.007534,22.195985,100.0,33.215762,24.793427,41.927539,10.099113,68.56819,0.207646,0.785622,0
86.066909,129.30212,275.330237,7.972987,788.008918,357.187873,0.257202,0.168065,0.186283,153.115715,629.231395,24.929373,100.0,34.923055,34.831018,25.848201,4.384509,79.887394,0.110531,0.638844,0
148.158932,365.172834,441.728618,57.572329,100.0,99.281249,0.609318,0.466729,0.488427,78.064808,166.863262,25.074829,100.0,38.632669,42.093134,16.859998,14.736891,175.436684,0.251166,0.195316,1
62.298699,276.99716,363.902348,58.941661,749.043393,116.43828,0.372275,0.719342,0.681215,150.294211,491.087031,21.594646,100.0,19.058699,45.676571,33.784185,8.406294,125.698122,0.195705,0.144461,0
44.281767,151.519635,226.637213,45.649105,945.544983,116.297835,0.323585,0.535185,0.619786,14.278917,232.369879,19.764589,100.0,34.861265,38.411646,29.944189,1.169739,77.353876,0.115334,0.489491,0
19.970204,151.745186,346.191798,30.586686,694.975191,274.776821,0.375565,0.603626,0.630645,166.513671,116.381895,24.771891,100.0,13.787521,10.0,60.0,7.762525,82.180672,0.268063,0.517686,0
149.658907,197.635027,446.032405,17.099639,1778.094034,125.28558,0.324532,0.311709,0.42133,104.195586,136.937758,17.235922,100.0,44.623262,32.672269,19.772659,4.101048,105.361189,0.190122,0.125204,0
31.662558,65.616427,265.428575,49.688399,318.766957,243.625344,0.328666,0.621984,0.572169,135.039848,70.073362,10.247086,100.0,51.903166,38.62577,12.755093,4.030826,94.811268,0.138111,0.298507,0
49.229038,69.320807,326.391877,45.499475,618.209381,160.519521,0.244814,0.705892,0.68737,272.641365,185.426421,19.362071,100.0,25.6446,39.965774,34.013729,11.165006,71.685824,0.16266,0.72769,0
48.287324,81.586684,167.425793,17.207472,447.563695,218.80968,0.104799,0.99,0.83868,326.668479,70.822721,20.310327,100.0,35.53708,30.935933,30.54557,9.177455,25.565661,0.116223,2.716438,0
66.453748,198.131679,382.058503,29.816841,618.111511,298.445534,0.314992,0.520325,0.651019,74.520259,18.367726,24.602925,100.0,40.968867,69.174202,5.0,6.959544,86.483012,0.214688,0.364526,0
104.593938,200.552298,331.43313,30.453942,1415.706531,185.061128,0.263186,0.925155,0.847548,20.850438,366.62713,24.333108,100.0,49.195945,30.646344,20.651852,3.303948,71.078866,0.16598,0.451954,1
257.512048,372.747842,537.568603,50.45258,1639.015897,171.062352,0.535887,0.514232,0.654507,5.0,146.295575,19.832037,100.0,30.627962,44.935902,17.749571,7.138701,119.189735,0.229111,0.21532,1
88.96046,202.805425,256.113428,42.611458,549.603695,96.11085,0.278497,0.128516,0.208181,406.14619,141.411781,24.204095,100.0,24.325525,30.370074,45.779592,8.673469,86.285877,0.166621,0.972022,1
20.093607,62.234226,135.797592,40.374215,538.496229,185.725649,0.243842,0.27718,0.448835,26.43278,13.243146,29.109402,98.806593,37.239408,45.334757,15.365335,5.932169,49.286581,0.270329,1.863646,0
63.750782,201.085474,391.488581,40.740508,321.435676,94.468418,0.275347,0.869899,0.864377,149.146925,813.860965,22.592622,100.0,46.594391,14.118847,36.809202,4.63421,115.581529,0.19341,1.299801,0
89.999279,326.14617,430.460611,19.875854,1553.142693,303.685274,0.440722,0.817638,0.795823,501.504003,170.52178,18.115308,100.0,32.930657,61.945569,5.0,7.265271,103.026215,0.185715,0.388414,0
167.361885,210.104511,319.368954,25.444119,1460.502203,139.99105,0.32333,0.652765,0.678541,304.434828,60.684134,21.256256,100.0,46.9318,43.137451,5.0,8.051574,53.706185,0.243317,0.464521,0
153.814058,255.100543,410.50981,7.511426,847.0091,46.478747,0.469074,0.392173,0.566974,10.503621,67.810832,27.966628,100.0,43.184399,29.294892,26.801517,3.772946,118.733768,0.36086,1.322196,0
61.725994,231.479569,482.78158,48.281762,201.950402,86.38831,0.5353,0.458666,0.501268,261.41091,120.148596,15.03699,100.0,40.162749,31.337119,29.308036,2.178428,146.327982,0.293784,0.800066,0
73.953937,288.212845,601.505549,28.814902,246.668717,192.449328,0.626908,0.650404,0.640068,120.515475,258.919592,27.637618,100.0,31.735386,25.959567,39.804951,5.183684,145.265382,0.296437,0.696831,0
82.492877,230.943838,274.126074,29.10311,985.314725,329.863506,0.23398,0.664067,0.737235,53.494068,52.608319,20.347008,100.0,29.376821,32.077606,37.657375,4.19038,70.215641,0.1,2.411978,0
74.192928,122.036707,248.453992,18.494595,1174.668959,108.202139,0.313655,0.741209,0.743467,453.733465,232.694578,30.185205,100.0,50.961797,37.43483,11.726952,3.301302,63.187519,0.184973,0.000168,0
63.658877,81.506096,288.528959,16.5185,100.0,95.179033,0.293929,0.713921,0.627464,68.994954,703.393704,25.280969,100.0,22.459825,28.779985,50.161966,3.911487,50.551875,0.121204,0.890139,0
204.395655,286.732092,530.743221,37.330206,739.345045,146.361541,0.682552,0.300538,0.346448,147.594829,1319.363648,27.226997,100.0,37.725661,49.521794,14.596515,9.253926,142.138998,0.333584,0.053317,1
37.733082,130.397606,426.569788,17.790416,1709.147945,348.391612,0.473616,0.242296,0.329265,73.65835,961.373459,29.08787,100.0,36.947803,73.325437,5.0,1.549634,88.663425,0.141356,0.386902,0
134.994877,349.444683,577.748342,8.531487,791.245397,304.279083,0.599024,0.574767,0.581238,143.464889,181.626916,30.146186,100.0,35.855569,34.184307,29.133833,8.007317,147.501985,0.318413,0.259192,0
117.434573,193.975538,306.267086,47.212908,1644.819045,53.880462,0.232237,0.830437,0.685192,60.787728,77.519381,28.669337,100.0,20.118652,10.0,60.0,6.43732,71.916753,0.1,1.066127,0
61.688872,103.313429,307.265017,25.705819,1224.523064,220.951183,0.302135,0.529662,0.489256,52.465993,115.601762,17.968477,100.0,32.878493,32.226628,32.926431,6.150191,76.704803,0.190092,1.991139,1
35.54785,92.860564,280.424677,25.912957,357.8602,285.071113,0.36424,0.649257,0.770006,249.513595,210.268381,28.080523,100.0,26.18051,36.086362,41.679502,0.742002,70.478484,0.285448,0.367456,0
70.377082,217.880785,288.519644,28.722505,753.664353,276.483723,0.337369,0.943714,0.83524,221.654262,2.822456,15.52565,100.0,42.288498,49.876894,5.0,3.290557,89.535773,0.151329,0.010518,0
107.955159,214.303523,317.339909,49.827465,835.652881,175.984377,0.360787,0.467071,0.500201,12.157568,439.326103,16.48884,100.0,34.828364,26.426647,42.254797,9.831105,109.938325,0.173148,0.626266,1
1.752003,95.346224,314.433936,22.646029,423.744216,263.459299,0.191899,0.351978,0.370678,155.814219,377.249621,23.086124,100.0,48.357076,26.711361,21.548588,0.0,31.474619,0.165461,0.55971,0
22.824694,240.906734,537.525594,46.691992,415.065989,210.09118,0.475489,0.255899,0.359008,692.982511,379.169112,31.081733,100.0,47.837729,26.300504,27.958803,10.451886,102.630955,0.219175,1.340909,1
4.195054,14.750193,136.075654,56.674966,1653.384296,72.520194,0.188172,0.506367,0.494501,1230.03217,1162.974976,22.950501,100.0,27.667313,17.197559,55.840494,7.874597,44.919224,0.205438,0.778469,0
86.992859,279.308327,823.823993,41.347751,411.31969,20.179311,0.920419,0.631549,0.787881,184.36004,151.569379,18.830137,100.0,47.839087,10.0,47.13172,6.735816,179.145052,0.388251,0.07798,0
83.957337,87.5719,104.129731,28.742459,1439.218038,133.019885,0.1,0.519241,0.609368,335.170259,1071.453399,27.332383,73.791872,25.259275,39.132416,28.298343,7.678256,66.29142,0.16346,0.071252,0
25.553129,211.053008,387.795973,46.128435,681.757761,22.298041,0.325218,0.844051,0.795415,120.786743,72.690151,20.829083,100.0,46.718841,14.59514,36.283132,0.548591,65.167894,0.21774,0.13456,1
33.026801,151.893893,342.175534,30.184355,887.180335,142.204825,0.201028,0.772935,0.7628,382.584666,214.340958,26.36528,100.0,19.120394,32.902763,52.971296,5.87272,21.457545,0.152882,1.894717,1
80.347071,193.841785,526.773411,27.7935,1180.922209,298.396441,0.580298,0.640462,0.700764,607.336611,196.445342,24.417201,100.0,48.402264,48.210765,5.0,0.0,143.853461,0.290226,0.623555,1
13.73412,129.041895,238.856991,33.890574,600.720664,303.945893,0.421644,0.500119,0.51564,1273.831979,57.988384,17.881911,100.0,24.275175,23.108094,54.250054,7.916167,73.855977,0.245365,0.373058,1
112.867693,298.254528,422.146996,22.474728,1183.952157,12.266612,0.494877,0.838502,0.782725,366.107911,388.583669,30.460125,100.0,28.31434,56.075053,13.06859,2.23524,112.09298,0.23419,0.566639,0
56.038955,96.356785,221.882269,10.733762,100.0,25.032768,0.346322,0.346386,0.315754,43.431673,530.193632,13.764622,100.0,30.135631,26.071732,40.560095,6.889494,86.244457,0.259905,0.2273,0
66.612744,225.290086,547.798137,27.81686,1119.853694,241.152152,0.462425,0.880219,0.827249,257.69803,295.336216,18.272956,100.0,25.478053,13.413753,60.0,1.220224,130.741858,0.177645,0.354192,1
71.296517,260.379077,620.110728,11.812128,100.0,179.99953,0.664037,0.570809,0.665851,66.786076,126.585861,27.505866,100.0,47.018364,31.101363,21.699027,4.289339,134.866515,0.392859,1.693429,0
20.499233,118.093295,257.638239,27.574281,786.576637,53.769021,0.241746,0.512997,0.569604,843.427102,864.706937,40.0,100.0,13.264612,43.246007,53.220602,4.276889,58.581339,0.100477,4.420717,0
71.59958,135.890278,228.132747,35.631355,1327.121493,289.990662,0.299888,0.965923,0.811092,112.615972,901.643072,13.059505,100.0,37.668118,50.591165,12.184136,5.992322,60.053994,0.236521,2.703691,1
103.073922,125.206346,219.691816,56.189115,1211.147653,77.938619,0.33698,0.679759,0.711493,153.572252,511.850902,22.912145,100.0,38.655131,43.859195,19.828217,10.349502,83.4184,0.295098,0.599068,0
36.166464,536.352324,597.827736,6.992228,250.794761,28.133732,0.578961,0.520686,0.557453,67.197567,357.413512,9.531269,100.0,20.504881,66.025304,16.634339,0.0,183.025232,0.369078,0.121266,0
32.500434,147.409107,531.051816,39.180212,315.167802,269.82257,0.633411,0.637834,0.628015,51.762155,13.384261,22.791821,100.0,27.061786,40.932598,33.484104,0.0,120.134077,0.199263,0.352836,0
246.592673,265.05313,444.107245,30.175435,555.66398,218.925351,0.461132,0.324755,0.307111,539.984425,100.861195,19.75465,100.0,21.058421,29.366514,52.012493,6.927883,102.04393,0.243707,2.102119,1
29.399738,75.212651,387.528535,6.114362,993.107931,141.999386,0.456762,0.174382,0.254179,129.173874,78.33543,23.901805,100.0,28.484803,36.967734,38.504723,6.922371,93.950374,0.241221,0.03326,0
47.034079,114.545725,264.69631,18.72515,100.0,249.381433,0.514089,0.545036,0.744175,20.905956,111.539759,32.153768,100.0,42.001943,17.045397,40.855953,2.437775,116.915097,0.340831,0.750718,0
179.485359,371.586508,966.592359,11.516689,893.388212,328.097048,0.971352,0.425144,0.450877,218.833848,193.200722,28.867143,100.0,27.839738,51.243536,19.216919,4.260118,200.0,0.351644,1.159044,0
12.647802,58.464251,339.525811,16.923678,1055.714687,12.305679,0.313658,0.43286,0.434404,73.038454,317.299809,21.570381,100.0,35.163266,15.69932,52.08897,10.237242,70.102598,0.18801,0.379561,0
60.328195,125.286906,346.44711,20.101363,758.48141,225.964598,0.346432,0.616995,0.758534,435.258237,120.341154,27.936163,100.0,30.883194,21.294079,52.70336,0.214331,108.124965,0.154133,1.212794,0
101.437996,272.714858,523.352346,27.071848,1162.660484,78.540227,0.632159,0.773125,0.751791,247.237725,131.17398,24.170589,100.0,54.089704,35.683131,8.085994,9.621721,151.236195,0.311961,0.188999,0
63.481286,143.127577,231.146457,34.097167,1011.862079,170.689594,0.400745,0.707826,0.680983,233.639724,226.857068,17.49935,100.0,33.438301,22.667693,48.976533,1.384536,94.571616,0.193021,0.289297,0
10.443047,121.97205,249.188424,5.05445,629.17287,152.633206,0.308164,0.409204,0.33139,69.956741,77.805063,23.407242,100.0,22.57221,43.832687,30.132807,0.0,77.96226,0.196418,0.87793,0
22.787581,53.837197,363.381653,13.902815,100.0,140.39268,0.256166,0.67136,0.759182,422.397681,100.881832,26.585789,100.0,34.647648,42.519418,23.000883,6.487791,32.156853,0.151263,2.033159,0
8.495945,45.741434,228.522336,10.146151,966.706541,68.528196,0.199219,0.807156,0.777766,76.558777,159.286551,40.0,100.0,39.68201,49.486565,6.253723,5.00272,45.324177,0.1,1.008471,0
57.010006,98.646043,359.289063,35.232037,423.462317,288.953977,0.42347,0.734792,0.690658,547.224566,583.736812,31.686865,100.0,26.063759,47.135011,21.243606,2.067377,77.731589,0.277389,2.263023,1
90.217619,190.791728,337.587199,23.099118,610.828688,136.627411,0.444987,0.601304,0.483084,50.864938,0.433723,28.111792,100.0,46.191444,41.493991,11.631167,0.0,101.810373,0.135285,0.29708,0
35.89712,146.558749,312.292443,35.161875,1139.562109,319.390654,0.465926,0.955269,0.887123,718.791254,18.892842,13.090541,100.0,14.195697,36.60968,50.691033,4.290819,91.292344,0.250569,0.7779,1
50.050157,168.724001,534.403758,17.200282,1608.666692,127.680578,0.351024,0.60025,0.515756,390.264743,24.096771,24.978702,100.0,27.313303,49.152285,23.204748,3.27956,68.166444,0.187107,0.411805,0
49.819629,267.357737,470.363763,6.332614,880.969938,302.296804,0.586956,0.410937,0.398749,225.768398,647.260792,32.439418,100.0,32.228572,37.930973,35.456447,10.898906,147.71131,0.318522,1.279757,0
159.130578,223.021902,431.996457,56.77518,1177.032418,196.007879,0.609898,0.405408,0.441552,298.867708,529.861571,27.167608,100.0,42.769968,60.339414,5.0,4.47677,107.905773,0.401871,0.384844,1
79.419826,104.684523,276.611864,10.956947,177.760329,138.825085,0.1,0.871355,0.769775,579.970714,311.739334,30.799833,100.0,47.539441,52.255996,5.0,3.28071,81.554217,0.1,0.108538,0
71.378987,245.92878,381.852004,11.977231,1022.76179,253.451597,0.424043,0.685999,0.787536,414.168903,238.583333,26.975368,100.0,47.276936,33.590824,16.950474,3.681689,91.691819,0.197115,1.851764,0
141.249276,264.316939,417.365841,13.060075,870.047031,283.195665,0.530539,0.667967,0.545923,343.397662,65.436568,30.089723,100.0,33.773849,56.953958,7.983541,5.659402,124.708476,0.254608,0.011382,0
16.553902,183.205092,366.863519,58.970209,1514.61379,173.768684,0.270692,0.482262,0.418924,764.242382,82.48358,13.629494,100.0,44.465193,62.016824,5.0,3.532771,57.683935,0.136987,0.307281,0
78.592367,201.400176,578.941042,38.971313,629.770762,153.151354,0.542159,0.54316,0.570062,317.112244,13.885507,33.826422,100.0,39.324005,71.877245,5.0,4.152848,106.704964,0.304892,0.661869,0
41.558287,110.849358,295.759577,38.565947,779.181191,207.870829,0.407416,0.620095,0.747242,175.137375,1.501356,28.821425,100.0,33.43693,56.127426,9.989353,4.550786,104.20874,0.221,0.249333,0
174.829923,244.104462,578.59417,59.268401,1429.407234,210.658816,0.539532,0.534796,0.540424,693.688678,384.585627,31.042555,100.0,26.512584,20.890184,48.78502,11.230531,113.970343,0.231948,0.044846,1
142.077645,200.213256,294.928731,9.864132,853.983104,153.172518,0.314326,0.742032,0.792838,60.264902,137.907527,24.77871,100.0,34.586791,22.664275,45.841109,9.30819,77.008265,0.138969,2.050148,1
41.522864,282.25975,522.936879,58.597549,345.579309,272.758636,0.566577,0.539125,0.66573,5.0,833.559038,27.197473,100.0,45.929312,21.178931,36.538066,7.868049,147.766659,0.175254,0.141737,1
52.692459,434.742068,473.369658,16.220723,2175.816637,143.899721,0.385384,0.80568,0.851403,205.309108,39.21281,28.382316,100.0,32.967345,54.079318,13.335916,1.735197,149.986061,0.245871,0.902572,0
27.69377,181.27629,287.765015,39.268933,360.703618,163.079403,0.237911,0.633693,0.561449,359.817643,134.609667,22.940343,100.0,27.82981,78.642065,5.0,9.375965,67.568017,0.131426,0.543964,0
126.098829,213.225789,323.116487,28.104596,867.649959,217.914561,0.421489,0.721472,0.722266,331.352438,312.265041,19.217472,100.0,44.730221,43.843453,10.598399,7.827599,75.540198,0.321209,0.773304,1
106.560087,168.400228,297.209513,26.11735,1073.344078,355.265605,0.447522,0.855804,0.875111,180.471396,274.452535,17.314409,100.0,27.171486,38.677243,37.010908,7.110547,98.600503,0.298768,0.951286,1
55.189705,192.774944,526.700486,56.218383,1033.808755,93.847,0.587547,0.419295,0.544755,121.959076,188.740648,23.215633,100.0,38.144822,46.03954,12.775296,3.584196,123.337197,0.271022,0.205956,0
54.686032,86.095367,128.263337,13.207525,805.128148,83.503008,0.345147,0.299569,0.314164,110.433359,1371.902128,18.78634,100.0,36.291809,47.101434,18.253387,8.509179,79.748268,0.194107,0.514028,0
44.624657,194.706232,554.883839,59.838796,807.619815,63.679416,0.613619,0.865074,0.739179,96.107259,106.642908,19.64378,100.0,41.95853,58.25078,5.0,7.095532,140.700086,0.250856,0.757066,0
167.215263,226.171653,264.004432,25.851878,782.534067,248.199917,0.509107,0.478176,0.475163,109.997486,116.591868,32.816467,100.0,40.875251,28.620432,29.149094,10.989983,131.188498,0.249473,0.550982,1
59.371302,64.666314,206.331479,40.68262,342.033071,161.674069,0.281961,0.450377,0.479298,84.849621,325.673924,33.730238,100.0,39.320279,45.315032,14.967731,4.258279,56.378712,0.155435,0.188842,0
46.17084,327.140019,474.129203,58.23487,1975.109607,139.898282,0.528279,0.205332,0.145512,357.556557,183.353293,21.875045,100.0,28.444562,51.085734,20.926731,3.717054,133.442931,0.260669,1.863137,1
117.112732,294.858425,727.694744,8.168058,790.004541,73.472535,0.758861,0.686224,0.58499,306.628058,1499.925723,31.804805,100.0,26.339734,42.046722,27.298697,0.0,165.592079,0.385973,1.736079,0
51.914716,79.997697,352.880025,55.75754,1198.465496,320.809816,0.337145,0.869036,0.758599,153.384515,342.764795,22.866203,100.0,35.57832,12.996529,48.554517,7.094968,105.09523,0.295305,1.068678,0
129.184133,326.984554,848.29606,36.229626,732.673571,159.542293,0.743445,0.323442,0.295891,50.688486,38.973788,21.735891,100.0,34.629678,10.0,53.480039,3.262702,177.578337,0.305977,0.601073,0
194.559428,252.724531,822.44474,43.741828,722.618164,218.769592,0.70907,0.408153,0.539513,1500.0,32.472129,26.211608,100.0,59.235891,15.916066,25.656616,5.42947,141.842716,0.247772,0.258187,1
37.348366,232.398383,564.874312,13.20513,672.278169,40.510648,0.52457,0.740381,0.661019,280.78534,886.948483,19.519511,100.0,35.940825,55.73502,5.0,6.839892,103.243535,0.247571,0.157113,0
97.480618,197.016775,301.036581,34.336309,125.077106,38.869998,0.562956,0.234907,0.266304,243.621151,135.400777,21.977986,100.0,33.037617,63.186826,6.530375,8.31895,117.003046,0.279889,0.518888,0
37.13147,141.654581,374.676801,42.043254,819.68943,24.247635,0.600623,0.612442,0.654562,29.780834,287.641425,32.046789,100.0,25.821433,20.396387,58.388832,1.860048,125.027308,0.315989,0.083279,0
261.202826,372.0344,564.642445,30.093602,696.496173,132.244589,0.547153,0.287069,0.364989,1500.0,81.875193,25.988207,100.0,20.836235,51.026354,25.686427,0.0,135.186199,0.325571,1.375746,1
74.922484,175.147291,295.92939,13.524185,1485.762255,170.239177,0.309487,0.838761,0.795373,28.410729,58.966511,26.277699,100.0,15.464164,10.0,60.0,0.0,70.205446,0.115431,0.181722,0
105.980958,150.586994,471.30911,18.426549,301.649941,88.048134,0.285927,0.435542,0.358979,358.900284,84.084723,22.63208,100.0,20.247932,28.084889,54.636729,13.902081,64.797971,0.19394,1.364822,0
5.093275,286.545212,347.759337,51.991604,611.426411,125.883902,0.296169,0.507607,0.561026,199.75317,2.30807,22.088953,100.0,28.865269,43.910581,26.952249,5.735251,106.811118,0.27754,0.475033,0
44.186377,197.103584,290.938332,6.895905,450.779767,2.253612,0.266364,0.753508,0.702083,270.162998,394.894944,24.683826,100.0,42.680226,51.428614,5.0,0.184198,51.289211,0.190247,0.559823,0
117.54858,153.428283,194.985966,43.987414,1621.265197,126.391847,0.22177,0.432372,0.34443,24.217572,253.842647,28.653899,100.0,36.674985,27.176551,38.827611,10.619916,87.106031,0.101103,0.110467,1
16.398081,81.521203,166.834944,59.966452,465.295778,42.901681,0.184842,0.834345,0.805061,661.63288,108.494098,26.05407,100.0,21.26745,36.311712,46.143708,3.291132,56.330739,0.1,0.425363,0
74.773852,358.401044,458.53208,5.411565,1181.149922,46.218412,0.511228,0.428391,0.428347,334.945878,123.468917,27.645845,100.0,25.377496,36.882847,36.046491,0.0,120.036678,0.249039,2.977012,0
200.796149,228.214822,389.91714,13.857513,1385.080737,1.622195,0.508924,0.750427,0.762617,105.191357,220.003567,13.182595,100.0,30.829437,16.641132,50.705366,8.41136,119.551064,0.335454,0.914417,0
122.393047,271.598678,608.311054,42.077937,826.938544,250.697004,0.544285,0.468747,0.521244,135.700784,226.26904,17.971641,100.0,28.256297,54.805566,18.324534,7.871246,143.116032,0.264337,0.002967,0
100.139527,142.015042,267.90803,8.299496,211.5945,335.262159,0.471414,0.63539,0.574499,34.050195,161.837319,20.316547,100.0,22.646229,41.09011,34.357272,0.0,108.765228,0.206146,0.280978,0
46.533044,103.444939,444.609431,37.438449,217.923071,223.756402,0.512485,0.581389,0.490232,9.882143,265.097089,26.607038,100.0,10.0,25.238556,60.0,3.961665,98.353206,0.199855,1.440189,0
21.54419,121.446734,684.471937,42.620006,1329.882032,34.632739,0.770629,0.643682,0.633155,27.489498,86.262759,26.185595,100.0,20.339591,36.971186,40.893837,0.727011,140.771442,0.450746,1.038809,0
63.078303,203.167196,573.61998,37.348049,269.702991,356.273802,0.543622,0.348004,0.383587,144.159758,1500.0,27.8946,100.0,20.94157,55.58956,20.421403,6.954252,118.347823,0.165326,0.661825,0
109.264467,222.64876,312.261749,25.085159,1096.013306,351.210662,0.420069,0.281503,0.242161,71.240947,320.740362,21.928003,100.0,44.578828,25.121784,26.399698,5.348181,112.067188,0.206389,1.613697,0
27.694298,65.751002,177.352886,43.350526,957.174555,168.564433,0.296101,0.187946,0.260193,240.652726,336.247439,24.642132,100.0,47.400228,19.608455,37.797526,9.375711,46.856822,0.125987,3.46561,0
121.58449,397.336411,739.642548,37.686194,1088.566242,38.832919,0.875455,0.938121,0.837524,521.77637,341.595905,34.628895,100.0,11.388902,20.296948,60.0,2.256372,182.927639,0.377796,0.027583,0
78.074672,242.8248,352.532789,16.420044,1135.792404,259.466151,0.464922,0.981245,0.889935,837.201435,174.192683,24.197951,100.0,40.31088,76.426952,5.0,5.80816,112.846139,0.236887,0.019541,1
32.614027,259.09621,449.197558,35.972455,433.164608,346.128554,0.567189,0.668316,0.628559,166.980987,85.715537,12.84201,100.0,45.424912,52.221502,5.0,2.320063,130.552382,0.320979,0.082417,0
12.056782,108.254786,352.055121,53.504897,412.23591,280.331857,0.346346,0.360814,0.39507,77.530391,84.476699,26.908183,100.0,23.556314,22.347249,58.823605,8.396317,76.767664,0.126341,0.299061,1
16.064574,188.649313,473.912349,41.675831,1257.463567,224.713028,0.622418,0.693373,0.708698,213.513264,42.31004,31.099309,100.0,14.124861,39.799961,46.238409,0.0,133.697276,0.296482,0.163708,0
61.113527,289.230839,497.368837,30.948533,585.327695,219.899485,0.395148,0.39075,0.529962,148.826259,148.393677,30.849834,100.0,50.062313,42.05367,12.396914,10.018936,77.986141,0.132882,2.618216,0
151.602512,283.087289,356.324146,22.687126,100.0,352.050521,0.345572,0.471792,0.533075,683.239553,586.658565,22.034221,100.0,29.942883,38.920868,28.733782,10.442591,73.234394,0.113636,1.817696,0
33.063221,161.676888,298.200038,9.723742,1224.377649,26.322961,0.3816,0.498986,0.440199,67.380991,362.579791,22.440657,100.0,46.040847,28.868889,32.266678,3.664886,114.680474,0.196904,0.049813,0
166.177528,313.580986,683.656652,18.454492,381.869356,53.840167,0.565838,0.585269,0.647125,5.0,254.352557,28.539048,100.0,32.940907,15.676198,47.862677,13.314944,135.426955,0.300046,2.4941,1
10.355625,157.151359,337.651702,5.615271,1133.567939,299.09212,0.294686,0.839729,0.648766,32.926973,215.126894,24.850328,100.0,48.21791,26.386386,27.065019,0.165442,77.256248,0.218991,1.097693,0
69.878257,203.573505,692.945192,59.264425,1596.410925,52.240709,0.596735,0.560041,0.599757,171.283179,172.189467,27.283842,100.0,37.097766,29.781013,25.729315,12.988435,103.164587,0.314162,0.903654,0
64.308071,252.001301,467.675685,17.236524,908.381229,137.986735,0.535391,0.370822,0.445039,64.045644,114.044675,20.557087,100.0,28.048587,51.242321,19.326443,7.111387,94.221045,0.264947,0.784176,0
90.79528,185.60933,283.250381,49.818177,1397.882916,101.339732,0.324867,0.706298,0.679329,171.92736,595.843528,26.188498,100.0,26.705357,40.727902,32.356891,6.473462,92.816698,0.208989,0.588329,0
77.066117,340.309289,602.478082,14.275468,976.89884,87.640098,0.70848,0.509132,0.478578,17.717198,707.632476,20.77158,100.0,25.629982,46.900524,27.471378,10.808064,179.695367,0.306102,0.110779,0
46.002948,59.739884,441.631387,20.598063,1693.714664,9.259902,0.663446,0.689959,0.58074,113.666,248.055408,22.716554,100.0,29.789025,19.983423,48.767726,5.484164,111.153868,0.265574,0.187428,0
46.316824,216.392829,414.324147,28.005253,368.946446,203.850455,0.479219,0.63516,0.65566,71.080235,379.208586,17.506276,100.0,31.266546,33.983516,35.968022,3.458335,117.570816,0.203388,0.985803,0
131.934202,385.325318,585.317791,22.842312,895.89251,144.446228,0.546372,0.543614,0.614688,67.580839,295.014344,19.122888,100.0,36.054802,54.858534,7.511863,9.735966,156.692599,0.25917,0.128311,1
72.903781,137.297429,369.399594,48.909295,1236.580803,198.572477,0.450823,0.65857,0.705219,390.841662,241.368277,15.392858,100.0,27.672089,17.603696,59.06274,5.248611,96.403377,0.198173,0.195416,1
4.682616,82.529869,331.763031,57.673137,804.794121,109.622954,0.292428,0.357151,0.260888,32.384122,171.35178,14.580316,100.0,51.356055,65.048388,5.0,1.239335,90.637259,0.265269,0.046798,0
50.111593,316.869264,430.733027,53.141197,1476.109498,338.925908,0.459757,0.315489,0.184204,167.418828,46.576157,18.357122,100.0,49.789154,39.816754,6.388489,7.920066,115.009206,0.208453,0.191174,1
54.009981,223.181575,266.21844,13.446783,683.98023,212.884989,0.572511,0.569105,0.616816,13.220195,502.43199,26.535448,100.0,35.172051,48.361096,17.672028,4.996408,131.948382,0.182899,2.05248,0
53.750643,231.10069,502.008224,47.717877,1934.685576,346.034537,0.506397,0.251653,0.263645,36.420719,292.974404,25.418778,100.0,52.398468,10.0,37.428629,6.504688,145.329961,0.291955,0.902249,0
118.207161,209.160613,390.754021,13.13708,1961.098752,126.002144,0.462406,0.882209,0.771571,152.142362,201.779973,29.000524,100.0,48.105312,49.555761,5.0,5.239936,120.985481,0.278144,2.232867,0
40.200935,125.518797,360.004159,55.235961,1041.035998,0.824233,0.389851,0.600783,0.541955,58.354129,278.699061,21.240517,100.0,28.812327,24.094326,51.654174,4.358086,88.843966,0.220656,0.973269,0
82.225515,173.420115,333.519037,33.483322,1176.30059,281.255603,0.342533,0.751623,0.798704,87.902254,171.732913,14.92169,100.0,37.317085,39.195934,20.43686,2.679883,79.258355,0.200581,0.610726,0
203.240345,286.948632,523.928654,23.50096,1495.835718,297.856388,0.59343,0.756059,0.851016,231.255002,286.584541,26.102405,100.0,31.470038,18.851258,50.013169,12.393843,153.930296,0.274947,2.339273,1
152.380438,244.644353,335.827452,13.636402,306.401301,21.133223,0.258362,0.372097,0.426226,230.216799,12.506977,23.873017,100.0,48.006969,54.07748,5.0,6.92365,92.064236,0.15542,0.722023,0
36.990813,194.225033,334.169559,5.6495,243.999993,225.132922,0.367425,0.527234,0.461389,485.182975,120.94759,23.16273,100.0,22.614412,21.115446,56.320483,3.176538,104.520163,0.198713,0.09903,0
74.594032,155.952133,244.171049,18.637085,1528.209457,237.966432,0.171801,0.559275,0.680825,122.258314,10.180359,17.452524,100.0,16.53774,45.564348,40.245682,0.0,63.511269,0.141215,0.139124,0
1.723026,43.946093,186.148945,55.271103,1036.994236,52.464192,0.412674,0.341969,0.327864,302.416064,142.419329,21.775654,100.0,31.918469,43.808064,26.883537,8.554195,98.965678,0.211759,0.164344,0
104.707692,349.626606,413.788285,48.849421,786.747377,198.908839,0.550441,0.733466,0.76488,61.316157,182.433898,28.040681,100.0,22.750463,42.356465,35.460458,4.82492,123.688902,0.178705,1.557725,1
19.926009,83.830646,371.651382,58.338654,905.561651,87.551597,0.339087,0.549394,0.610114,189.779766,3.429065,16.757769,100.0,23.051284,35.131144,38.949122,4.039438,68.302096,0.14374,0.034469,0
66.508373,144.293842,566.98129,10.541884,100.0,5.922613,0.396351,0.564618,0.605726,87.091671,50.133553,12.969808,100.0,30.147055,46.823884,23.331411,6.224982,80.156893,0.226735,0.099013,0
59.375893,89.943294,157.264408,37.569831,804.718843,312.087993,0.282712,0.673183,0.605335,138.080508,1279.56864,24.853635,100.0,27.26157,37.090019,39.170867,2.758623,80.542836,0.122599,0.301638,0
146.785123,276.628747,459.67748,19.143276,523.47663,177.010262,0.486354,0.464051,0.423605,307.989948,187.801563,19.128406,100.0,28.920909,33.768424,36.916861,6.494607,110.500345,0.204492,0.312518,0
82.725352,144.846796,304.986981,34.861794,1359.035817,281.411676,0.583616,0.594588,0.513946,124.644419,360.652911,28.428672,100.0,29.822387,49.836522,15.947126,6.471553,110.102926,0.318183,3.405525,0
59.002261,99.770048,533.0095,22.625019,1397.515389,260.241492,0.693232,0.49543,0.562667,33.221356,139.428773,21.96729,100.0,35.174078,70.838601,5.0,5.373652,135.97862,0.236405,0.431783,0
110.123527,309.554236,500.836348,20.590605,1188.340117,357.733894,0.589226,0.564693,0.701144,744.460939,441.298408,17.701484,100.0,24.944727,37.556876,36.106469,6.286332,124.107883,0.231293,0.138625,0
164.096123,480.371558,839.572128,36.561492,1097.729324,157.663225,0.760812,0.512296,0.499754,572.027157,53.831763,24.841763,100.0,25.976881,16.736203,59.924298,9.420089,189.469664,0.374154,2.393779,1
2.947575,72.887457,349.014866,15.082499,151.326626,153.918218,0.370503,0.284262,0.287501,405.970697,123.289251,23.760603,100.0,41.762349,33.618384,22.966871,6.383781,74.341531,0.168784,0.508006,0
38.992026,209.604904,428.146552,30.802339,1195.32154,101.432004,0.494135,0.410106,0.451507,214.471888,702.006172,23.769231,100.0,45.11829,48.217203,8.198424,5.726683,136.009061,0.245833,0.277627,0
207.382371,344.21714,467.29189,40.794675,1214.698973,225.052997,0.532701,0.384339,0.544909,135.923117,218.250752,17.492613,100.0,51.823873,32.341756,15.040066,15.661829,154.635214,0.131227,0.62018,1
279.120335,398.957569,618.174934,12.050014,1522.596327,175.0005,0.554682,0.374093,0.30735,40.92929,534.494478,31.219145,100.0,32.552373,14.992815,50.585951,8.375068,168.081173,0.320068,1.127896,0
32.406974,71.542441,158.540216,56.182685,1959.104906,262.354004,0.1,0.179392,0.417661,386.816083,163.257074,20.399445,88.554727,44.549678,42.080502,14.835547,6.314688,25.482213,0.160496,0.267542,0
130.274284,258.367067,397.634702,32.814858,100.0,128.344211,0.630812,0.819288,0.764579,211.595057,197.241344,32.593457,100.0,28.744943,34.803328,34.0711,16.128833,136.379411,0.297713,0.086573,0
32.320417,207.776999,246.020976,50.074038,705.761587,47.104107,0.312504,0.756009,0.704942,83.440828,222.830895,13.678801,100.0,37.233666,27.956104,29.584324,2.948449,103.477544,0.130953,0.452779,0
24.177645,397.244828,793.20795,40.964799,528.866681,310.476763,0.816646,0.681675,0.635606,43.80588,267.514215,29.171857,100.0,33.240763,42.43484,26.483115,2.712767,200.0,0.440962,1.283929,0
60.963624,76.810649,278.818901,44.050052,986.253594,298.096899,0.251253,0.549228,0.556759,149.821064,61.184052,26.983979,100.0,51.28249,52.394943,5.0,4.796131,42.25849,0.279539,0.438205,1
141.602219,310.724482,699.793065,44.387202,906.700929,126.360067,0.831444,0.609274,0.793485,162.902682,348.217601,22.181924,100.0,25.273848,31.377768,44.197424,14.73428,185.736106,0.452947,0.223426,1
54.699911,174.394807,370.704353,53.130494,782.958963,248.526618,0.519107,0.442181,0.572932,242.558647,141.44951,13.998493,100.0,23.082999,51.00967,26.63855,8.738704,118.221845,0.302896,1.485975,0
140.234261,233.1786,439.613315,38.748299,1413.802181,177.265046,0.479719,0.372696,0.441835,209.362913,286.376915,24.317359,100.0,32.605008,39.736497,29.695631,11.167851,119.922506,0.253554,1.358066,0
149.849544,396.261244,662.162459,20.301943,349.292894,273.949955,0.683849,0.862243,0.716672,127.761819,328.411274,12.863486,100.0,10.852682,21.92585,60.0,5.642442,146.51426,0.299031,0.250527,1
44.558147,113.39579,286.958952,10.47303,379.439266,140.447653,0.372413,0.576461,0.502373,92.755762,0.76928,21.224874,100.0,32.849715,10.0,58.607173,0.001798,81.148677,0.275187,0.902615,0
43.403659,355.428832,514.551128,38.343784,387.887364,192.830125,0.547187,0.342992,0.359888,429.963098,80.401175,28.687335,100.0,10.0,41.675101,50.181106,1.431474,152.506659,0.263308,0.291718,0
55.958924,69.722886,214.358515,8.649404,719.836206,20.813797,0.337995,0.847909,0.899351,49.315075,37.491209,22.770944,100.0,22.4294,37.095042,43.20445,2.308935,92.142287,0.1,1.340646,0
68.548782,151.354222,243.038886,18.27114,285.704892,62.967593,0.344242,0.288461,0.280225,157.772778,83.07122,22.758784,100.0,31.974432,26.580581,39.820441,8.653204,90.463219,0.199587,2.080577,0
61.952138,263.835954,408.996173,8.338895,875.714256,281.435619,0.430056,0.591004,0.525652,5.0,566.120421,32.227598,100.0,13.898417,28.519221,55.723511,3.054805,129.745593,0.219868,0.063052,0
73.813153,198.087819,536.359592,35.188817,817.254903,137.363574,0.439048,0.708367,0.686688,529.828434,15.486373,24.749404,100.0,34.837783,19.293367,47.655941,7.411334,119.47287,0.199365,1.489664,0
47.499512,109.554312,245.672566,13.818597,506.742443,12.637953,0.306288,0.176572,0.290213,145.573418,47.277083,34.239728,100.0,10.0,42.264147,42.619708,0.0,101.441263,0.227634,0.043854,0
21.915086,93.919312,643.654364,38.572403,1336.883127,60.349063,0.722132,0.482338,0.369894,139.307237,222.379218,21.970764,100.0,31.217071,21.144565,43.830591,3.288953,146.852786,0.297994,0.013912,0
241.56357,392.136006,434.038034,48.497582,870.249736,148.175292,0.536148,0.503458,0.46732,248.169592,154.492442,30.063364,100.0,40.116363,33.613056,21.257325,8.377041,182.706772,0.277098,0.485304,1
38.956132,94.538548,441.9387,50.20344,1431.323682,258.448719,0.606889,0.512651,0.555497,189.541089,4.111758,23.046696,100.0,44.856285,30.381875,28.081571,6.97193,116.051827,0.168992,0.075249,0
11.591829,282.526182,437.335313,22.024893,802.475074,130.854615,0.613558,0.514001,0.488137,10.901481,18.169555,26.024571,100.0,48.837821,13.978586,40.436038,10.11314,170.995054,0.241902,4.63236,0
116.622126,219.019709,465.457737,35.192499,887.902556,268.266872,0.565802,0.907768,0.812985,90.161249,266.51186,18.996731,100.0,22.323168,47.762699,32.385261,10.913154,111.994629,0.261597,0.068319,0
26.342599,121.569158,218.171306,35.965592,618.608798,308.901811,0.30419,0.430501,0.402017,127.698024,175.486422,25.451108,100.0,27.534798,35.253368,37.345642,2.819001,76.344295,0.1,0.196467,0
108.099629,246.931314,297.6419,31.008795,896.47673,122.809181,0.387346,0.45641,0.423452,474.544663,29.942259,25.844515,100.0,24.385068,76.134532,5.0,1.132447,113.638665,0.166691,1.104077,0
37.380023,68.165984,374.399099,41.031264,1256.115653,288.135206,0.360802,0.58435,0.464021,470.935257,200.722821,24.702457,100.0,41.417574,24.203984,33.691354,7.011182,41.179356,0.24182,0.724834,0
273.976078,398.688219,787.64547,16.554792,694.332884,45.67704,0.849426,0.133823,0.186038,165.669064,334.480947,13.546048,100.0,34.285268,66.609408,5.0,10.122715,179.116865,0.354804,0.053718,1
182.748911,592.03686,777.51064,58.858378,1159.205981,149.502069,0.893252,0.272925,0.351755,79.659133,18.754012,30.118193,100.0,31.882613,38.878579,31.321373,11.038179,200.0,0.462432,0.098856,1
58.103003,158.304255,294.467624,10.39439,493.626519,35.122463,0.45446,0.565554,0.603115,585.319346,222.293129,25.803973,100.0,31.310225,30.409618,34.937858,1.55262,126.452338,0.253815,1.514336,0
100.295835,221.891843,398.103575,50.607163,1279.525283,18.910076,0.494024,0.626631,0.559231,37.797371,190.168028,26.601677,100.0,38.252155,22.22087,41.668494,10.469541,94.021528,0.188409,0.016169,1
85.435658,269.030062,444.986293,37.675279,610.047086,23.229856,0.454173,0.694515,0.617866,45.780875,430.675599,33.031473,100.0,22.592656,16.671583,60.0,5.356511,91.084665,0.304972,0.04494,0
36.13289,302.559952,455.344691,18.467011,1325.839937,37.71073,0.451446,0.213904,0.200984,28.794315,334.522125,23.509939,100.0,40.720056,27.709284,34.01536,0.0,95.365485,0.270076,1.143246,0
113.533739,237.264925,436.174308,46.012125,930.488271,300.861332,0.45477,0.732866,0.80063,20.873064,329.328455,28.037463,100.0,35.627942,26.174301,33.732277,12.89027,99.2523,0.251796,0.111611,1
73.329002,165.018621,419.96605,9.646449,1660.476867,195.723765,0.383954,0.226721,0.084309,8.955841,488.455697,28.586762,100.0,43.507643,31.269364,27.444697,5.214476,93.870721,0.263431,0.973929,0
81.778156,279.01263,520.249015,47.592981,322.966137,341.059748,0.569679,0.625636,0.71854,19.288845,651.263944,22.308247,100.0,28.053043,26.273188,45.437663,11.710688,146.397407,0.230579,1.557029,0
106.643605,161.682712,279.882526,37.449187,161.911613,193.680108,0.1,0.713754,0.7504,95.999246,11.417649,24.002636,100.0,32.567331,52.288624,19.825193,10.059508,67.37578,0.126258,0.445796,1
63.362845,325.27551,480.231917,11.091268,591.891377,226.33608,0.454318,0.475356,0.531698,324.902095,868.869502,19.229178,100.0,44.058894,20.632863,34.923665,6.989379,148.479855,0.199722,0.356594,0
31.953597,247.366327,330.497332,9.372806,207.694526,66.414226,0.387737,0.60614,0.521243,95.357185,84.223636,9.272985,100.0,19.329089,26.058046,57.919335,12.097411,123.707613,0.252069,1.623132,0
100.304196,293.677818,530.452287,46.295998,208.632553,194.609167,0.80105,0.422019,0.436189,250.342521,83.482799,19.465908,100.0,45.377629,33.855188,25.158966,10.402147,134.54969,0.299614,1.824241,0
121.036933,264.15693,366.562079,21.111475,1210.77538,138.708918,0.41202,0.72924,0.597618,27.338355,46.273326,15.692743,100.0,29.156564,24.754704,48.523933,0.781539,101.162841,0.230225,1.041554,0
121.49978,288.552925,312.856389,53.911602,897.910603,335.316723,0.370056,0.494659,0.430598,779.044339,70.661102,14.964883,100.0,40.613967,52.992241,5.0,4.337951,83.710963,0.263538,0.248201,1
123.419958,290.356575,417.423017,46.914016,660.159512,336.211638,0.371457,0.361721,0.436189,233.12666,169.106065,19.732097,100.0,40.949585,23.110738,37.3872,6.736432,140.52333,0.194496,2.579776,0
90.886151,223.940521,468.160595,43.400463,706.518701,71.459501,0.66989,0.206255,0.231601,433.094551,108.709552,38.160448,100.0,30.047751,32.705762,34.829882,1.0136,137.398303,0.378964,0.432105,0
12.417486,81.700153,334.634079,20.323333,601.381168,223.247111,0.3031,0.63552,0.678233,127.537325,5.990698,16.983624,100.0,32.369781,31.520463,34.428747,0.0,62.786366,0.1547,1.960645,0
282.51903,452.941347,796.297465,43.991949,1725.184584,229.743289,0.980133,0.834535,0.723823,215.097392,0.042793,27.039264,100.0,17.12593,31.65863,54.7039,16.871296,200.0,0.363124,0.63413,1
120.38058,158.606702,764.384388,57.148123,532.247146,202.512629,0.675733,0.825347,0.757658,77.697479,93.917244,12.692729,100.0,12.297565,71.949926,15.895256,11.872278,133.693697,0.32915,1.46291,1
49.896199,95.330015,276.017759,10.035791,238.933051,44.758695,0.428778,0.6507,0.777594,1278.154445,151.666077,25.743599,100.0,33.176584,57.735391,8.67109,6.714942,110.828835,0.223411,2.463104,0
133.743422,404.890789,564.347841,22.938945,1298.025309,235.445515,0.574026,0.529888,0.487882,158.414647,153.676234,28.022822,100.0,44.930763,45.652425,14.373294,3.836626,137.76038,0.339194,2.072092,0
23.427757,67.937965,264.284419,17.906975,792.122188,287.670703,0.268404,0.550187,0.555212,22.587818,83.658728,17.280893,100.0,30.039577,42.167068,32.002236,0.0,81.794886,0.131154,0.170771,0
108.613269,340.693281,480.248645,26.628757,1919.386844,124.281372,0.60917,0.392523,0.494547,193.767158,75.913002,20.065611,100.0,10.0,67.030875,19.74016,4.918865,107.800267,0.340759,0.042533,0
54.461764,97.540633,173.727186,45.828296,636.897181,185.238613,0.380518,0.026262,0.092408,954.178247,287.596271,18.365387,100.0,26.795481,34.649062,38.886488,10.040453,125.364822,0.216047,0.607269,0
24.787846,121.084861,192.638879,31.083342,1322.99209,41.878061,0.24519,0.626187,0.643467,537.579266,52.502999,26.953383,100.0,26.535526,32.699327,39.591078,3.621363,80.354542,0.213799,0.251417,1
24.374748,128.213579,295.901941,36.390183,1441.098665,335.047936,0.349098,0.322852,0.499922,45.86276,105.637069,25.68931,100.0,28.108341,36.282125,34.890315,7.724357,90.696471,0.161866,2.055758,0
96.196852,124.625176,535.033717,22.278519,639.332084,39.433627,0.513518,0.366807,0.3491,33.212843,710.109779,28.751179,100.0,20.760224,35.343167,47.048007,12.060822,102.345759,0.241577,0.140659,0
105.105691,261.985955,395.045829,12.77091,528.539616,75.015758,0.458195,0.69148,0.684683,89.164754,251.079768,23.016747,100.0,24.025591,42.24298,35.777111,3.769239,114.687451,0.243121,0.516668,1
29.970628,63.322936,343.752807,19.681351,1270.683265,107.452251,0.282724,0.522278,0.542613,20.910684,373.475198,14.759723,100.0,15.541523,38.446742,41.262463,0.0,68.201785,0.237494,1.441703,0
55.119612,90.529082,456.337576,52.282417,1187.445959,297.284486,0.218549,0.468842,0.465955,171.462955,228.634615,17.287946,100.0,54.632621,10.0,38.751437,13.821487,59.147091,0.180898,0.240114,0
89.042008,121.048808,399.054061,38.132933,194.69495,252.236131,0.252173,0.388826,0.4069,76.986596,275.601677,15.795617,100.0,50.409777,41.516454,6.707549,8.449023,74.537997,0.1,1.031632,0
43.741351,57.193174,354.710071,25.789377,335.782182,2.525198,0.379397,0.402451,0.492369,281.19388,389.478097,18.784272,100.0,21.452009,44.953253,34.914893,0.757275,80.963432,0.170397,3.08965,0
250.576037,441.350852,517.6074,48.444829,100.0,66.082157,0.432978,0.320446,0.371691,240.680037,135.375748,20.432704,100.0,32.54279,44.746498,24.783069,8.09275,128.401639,0.225245,0.78858,1
97.121987,168.713206,320.485175,8.545159,1197.693427,270.054425,0.360653,0.613172,0.675334,429.474385,50.553495,21.130556,100.0,25.437493,26.799544,50.03043,8.751153,85.101216,0.169615,0.042352,0
63.493327,149.634726,205.252453,18.96401,769.086403,145.380417,0.223217,0.510297,0.459912,91.367857,47.613001,23.042554,100.0,30.268998,15.136968,52.906821,3.606107,66.587071,0.242606,1.230136,0
148.633426,243.966975,360.668162,17.655673,818.92479,9.436872,0.335931,0.050847,0.136086,48.497898,52.245933,12.710508,100.0,36.380042,55.700788,9.253206,2.22059,98.645695,0.162174,0.51312,0
103.375258,177.729062,248.37084,59.195051,100.0,347.010076,0.246231,0.46454,0.508747,298.184376,1.691822,28.818572,100.0,34.099672,31.993601,36.489683,3.595544,77.136717,0.106933,2.638795,0
89.669728,131.075492,376.600889,43.835422,350.948823,54.443849,0.516831,0.567165,0.565039,193.104858,460.142488,25.619325,100.0,42.807099,30.265049,26.544934,9.741201,109.676357,0.234025,0.807942,1
98.509963,166.545005,237.044915,38.978227,661.020544,183.76799,0.325016,0.452943,0.574872,138.323295,34.223051,21.652035,100.0,26.385778,27.940486,44.31672,9.000102,81.624464,0.223509,0.211233,1
122.624791,217.478458,289.084269,5.274173,563.8372,89.393795,0.502217,0.469823,0.506282,42.16552,90.446115,20.62624,100.0,32.143443,45.600302,19.253667,11.565293,125.869534,0.239433,0.855297,1
40.170402,79.326032,252.388895,15.13705,958.918038,265.488955,0.324857,0.64449,0.642656,56.292465,253.559385,20.79544,100.0,10.0,52.163315,43.26045,0.0,67.26011,0.272468,0.829016,0
8.919932,79.088694,118.695711,39.954771,1191.734063,279.621396,0.1,0.791772,0.779423,497.264024,250.448364,21.721121,87.440773,33.760779,44.026188,18.631485,4.931362,20.0,0.1,1.406804,0
157.615537,366.877388,939.360766,25.884563,2034.806285,142.999345,0.794076,0.780935,0.753898,130.720413,340.071492,26.596355,100.0,10.0,43.476641,43.755124,3.941716,174.637555,0.345049,0.477732,0
73.542312,141.16443,290.711883,55.835421,889.991485,237.041864,0.358618,0.678923,0.740783,75.366687,119.628592,22.97893,100.0,18.085104,31.701668,50.927911,1.489447,101.63793,0.335239,0.506113,0
47.211319,187.197152,547.636659,47.059832,1457.701332,327.26649,0.589689,0.751143,0.839535,90.307406,40.585344,25.617278,100.0,45.986161,30.530304,20.51872,5.334239,134.955803,0.314694,2.880363,0
31.82233,185.997937,260.58978,29.606124,485.013612,293.331283,0.262902,0.455017,0.493365,730.885099,46.760383,24.413213,100.0,46.120578,31.399105,27.894904,5.844686,90.405681,0.135229,0.801199,0
27.958685,49.578918,270.876911,46.223324,100.0,149.363178,0.250671,0.578716,0.56409,308.945391,81.866062,20.327958,100.0,20.930922,43.860164,31.579666,9.57188,56.70204,0.1,0.046093,0
79.915296,236.647801,488.062528,58.647238,723.849177,158.931379,0.454056,0.686119,0.710259,171.904555,118.170686,14.270425,100.0,50.876524,28.814976,20.88409,14.695915,118.591166,0.192344,0.921687,0
68.041399,259.964242,347.361345,30.353945,101.139141,319.276179,0.380811,0.401202,0.491441,342.813348,136.397723,32.179214,100.0,39.971854,46.554016,16.259806,1.275565,134.47218,0.213055,1.882464,0
150.026985,293.937752,583.87678,40.338924,907.336584,12.374208,0.591394,0.475722,0.299429,230.185197,118.272764,27.638531,100.0,37.283746,47.635433,11.491108,9.101117,120.569849,0.343126,0.566818,1
107.010175,186.360234,300.78353,55.526554,509.772938,8.212166,0.245878,0.49472,0.558837,276.459456,56.738354,31.651154,100.0,19.230181,48.315993,30.063237,6.034381,83.091011,0.110605,0.74465,1
121.061801,152.626236,285.104538,18.677106,100.0,74.086323,0.366964,0.216972,0.323953,474.100003,315.246136,20.947494,100.0,52.021765,31.112583,17.237848,0.615358,85.043315,0.151506,3.491627,0
144.500827,293.314982,380.181586,53.760685,1768.012573,297.943792,0.446857,0.272176,0.32856,116.332988,18.604812,25.975216,100.0,40.029795,23.999667,34.017911,13.628456,136.059341,0.229063,0.067061,1
83.254863,154.032215,453.255667,10.364959,631.219143,55.156748,0.474272,0.832997,0.763931,80.150052,170.251667,20.286456,100.0,23.270712,38.004892,39.999968,8.388193,106.632095,0.333505,1.932325,0
199.97987,288.531047,506.903054,40.664649,100.0,102.700543,0.461768,0.340347,0.294788,47.146774,291.446035,27.913533,100.0,10.0,30.200867,59.149624,10.784865,114.097547,0.298484,1.829202,1
38.28125,91.73665,301.067255,48.056099,1349.085895,226.464728,0.423064,0.731982,0.589245,187.231816,307.957508,33.395595,100.0,19.196485,27.930548,53.209389,7.924012,71.811721,0.137493,0.111274,0
142.364719,238.03264,443.437385,38.803342,535.692819,66.327412,0.609284,0.603674,0.684606,33.691649,25.729517,33.08533,100.0,33.731757,33.474969,34.849289,6.249646,121.286655,0.285967,0.311486,0
8.760865,100.333554,314.486895,32.254414,1445.083017,109.121883,0.32249,0.804995,0.829186,1161.177975,164.803366,24.20289,100.0,29.649905,47.348321,20.391049,5.375989,73.034149,0.214516,0.17238,0
9.363112,52.908088,163.363835,38.95409,533.302833,168.088582,0.17601,0.418955,0.337913,143.063856,285.52251,28.407283,93.689361,48.460239,24.226779,27.338148,5.153093,65.809842,0.138122,1.405157,0
22.782815,158.422156,434.475525,13.341504,629.551155,82.119342,0.515896,0.452766,0.536721,65.537543,2.814899,27.091828,100.0,20.24674,64.673105,14.402833,2.059841,136.502677,0.203024,0.339549,0
63.7442,334.393096,432.795776,16.856389,1072.415855,357.268926,0.350818,0.701094,0.608335,1125.234006,117.871139,24.822517,100.0,35.378617,46.177982,15.729903,7.305175,104.211362,0.249722,1.342013,1
7.546291,209.666443,417.336858,19.844464,1196.60969,58.840566,0.32708,0.174865,0.17209,257.845302,269.671634,26.571519,100.0,43.520441,30.504911,28.41593,0.725015,85.094594,0.227837,1.674403,1
62.015351,347.453039,510.781955,37.877864,1284.241869,305.977358,0.46928,0.406601,0.470485,69.782353,175.885896,19.361567,100.0,17.518392,49.340551,28.177632,9.872292,130.655791,0.314388,2.168242,0
49.623083,117.236364,244.396032,29.304559,855.129431,169.235939,0.338685,0.611516,0.748797,183.952647,507.584633,14.770302,100.0,38.72421,23.743836,33.466044,9.909505,85.853444,0.207195,0.830071,0
265.707989,313.975555,480.313319,18.446171,1164.308361,46.484525,0.420222,0.941783,0.9,94.560227,75.368362,26.586866,100.0,31.827451,40.452468,29.771577,11.790487,111.998606,0.204692,0.852155,0
16.992269,35.258844,244.415633,53.554513,1272.814303,42.655017,0.305878,0.334266,0.21616,160.599192,253.179571,17.417499,100.0,25.944415,44.886099,24.947545,6.273455,69.060227,0.209129,1.957191,0
77.164869,159.252961,434.586895,25.565701,1000.284569,180.10658,0.268465,0.302006,0.274803,212.9571,741.042128,18.910677,100.0,10.0,48.378508,46.764226,4.314502,80.691106,0.133903,0.345937,1
105.188855,195.903868,383.055017,29.531745,828.670943,127.267262,0.487276,0.763802,0.732076,415.357028,120.559256,21.351274,100.0,37.002728,35.67929,22.92003,4.57884,130.527417,0.293928,0.032393,0
190.653067,296.483256,617.081952,27.533559,177.352526,84.456828,0.768565,0.693017,0.671928,236.288079,365.476842,33.021208,100.0,24.581803,20.693168,59.283161,9.610956,154.538786,0.433985,0.075468,1
119.052304,160.813103,275.918953,15.006863,1199.587078,345.218089,0.243544,0.909521,0.835736,244.243962,59.533,23.591923,100.0,27.813694,37.776429,37.145698,1.985375,53.33235,0.11247,0.071011,0
158.95934,278.66447,427.780318,45.239486,921.08685,166.816707,0.508024,0.601904,0.503783,497.141593,896.063933,18.704513,100.0,47.413254,57.48977,5.0,4.761841,126.966789,0.217445,0.207934,1
85.866611,186.242927,435.278947,29.665204,693.192074,334.371953,0.449181,0.315501,0.54626,341.638469,111.433482,16.598599,100.0,31.65512,27.184081,41.266934,1.996794,92.449651,0.31676,0.704222,0
34.715106,155.843239,230.705297,5.894141,1538.883182,59.039901,0.306716,0.525053,0.550647,316.69319,45.209362,22.931247,100.0,34.674615,26.656372,34.419419,1.217842,103.037551,0.228524,0.459667,0
15.03643,154.891569,813.778399,58.020754,186.083184,66.047784,0.767122,0.206777,0.256247,72.482136,556.388415,22.703162,100.0,53.464074,34.109666,9.951623,2.345178,156.126013,0.349044,3.640953,0
127.096114,180.594457,476.858105,49.866999,1722.018158,214.569969,0.474979,0.903517,0.888419,106.298579,401.128957,16.988471,100.0,33.861611,47.017644,17.711136,3.461387,107.468432,0.171626,0.790831,1
47.536997,156.748417,235.923136,44.795764,888.863361,97.155231,0.217221,0.542371,0.574085,110.122907,15.542328,24.799364,100.0,23.236058,20.397528,50.166449,2.934029,67.76558,0.142993,0.285165,0
6.033104,204.26085,693.780341,52.800053,1058.759089,66.577628,0.580426,0.129198,0.093579,44.895898,111.150063,14.134004,100.0,45.944259,28.128135,23.774391,4.938129,133.706795,0.268555,0.109623,0
51.740464,184.920151,300.998481,54.874399,702.477943,34.086739,0.465788,0.630001,0.603288,130.256475,404.870459,17.532255,100.0,32.77231,21.638397,44.855515,5.456804,117.768541,0.215352,2.24009,0
67.658947,170.163801,634.091814,23.561934,100.0,27.457441,0.471072,0.020419,0.173704,8.618747,2.409133,32.171501,100.0,26.344702,59.784974,13.155024,5.765864,145.127032,0.252772,0.073943,1
175.949139,235.388011,517.719966,38.602727,830.195051,271.140619,0.538193,0.607164,0.781289,11.126715,705.971292,16.978152,100.0,22.13003,22.986793,50.622671,12.626483,108.526558,0.175178,0.359515,1
55.656672,139.562111,202.844372,38.48443,1067.372453,101.578733,0.266006,0.613548,0.553043,22.981888,111.431597,23.183183,100.0,28.850513,39.824385,29.848205,6.678622,88.597055,0.179031,0.023217,1
68.099705,98.233902,193.31557,19.701482,1238.112723,352.230895,0.259626,0.289791,0.356278,398.873354,116.216032,26.29392,80.039737,42.438344,27.261458,30.830908,0.187203,102.696636,0.184926,1.133429,0
69.001406,241.673472,311.509279,17.207374,800.983401,65.923606,0.43127,0.814379,0.676884,82.67551,180.862559,34.903045,100.0,25.854883,44.076374,32.231088,8.503654,114.78421,0.207862,0.329837,0
139.967267,199.744159,347.223485,11.264899,100.0,127.600794,0.358066,0.807837,0.739648,30.642113,305.815295,33.121981,100.0,33.844027,53.118561,20.545826,5.346651,94.943365,0.266122,0.573684,0
35.621634,83.008033,401.583554,41.262281,129.169328,134.967103,0.506646,0.47463,0.61764,26.405851,183.078915,27.888573,100.0,22.756921,35.160656,45.410705,6.280283,99.041761,0.217182,0.080212,1
94.755524,128.978276,557.506703,47.950545,1926.009812,180.055005,0.772468,0.350529,0.414318,879.438294,21.035347,17.523462,100.0,47.66598,50.030765,5.0,8.721082,147.764223,0.374813,0.121988,0
43.792058,99.855003,185.842843,46.852414,353.732008,313.428913,0.242745,0.302356,0.283182,231.431249,295.941629,18.238973,100.0,16.84668,47.146849,34.384947,6.769893,66.062049,0.231841,0.661901,0
173.068987,242.707455,320.102841,22.395146,1613.524729,300.517276,0.16889,0.810302,0.846002,133.689,22.486993,21.111838,100.0,21.212186,41.73474,38.15487,14.589828,87.50518,0.170529,0.211265,0
201.797631,426.297157,655.338906,16.289292,432.956631,3.584279,0.642783,0.604636,0.618494,59.948327,55.460238,38.600534,100.0,24.74255,51.94886,27.110646,7.137388,178.260859,0.237535,1.315373,0
77.457089,136.21349,201.201397,29.94878,808.772045,147.331824,0.246946,0.021751,0.110391,238.382148,289.768197,26.96035,100.0,17.027982,73.827786,14.367814,9.469299,63.242355,0.256014,1.786295,0
89.646209,347.685499,663.162464,35.07474,1212.60413,298.057223,0.70389,0.795621,0.767983,69.894926,26.959444,23.642746,100.0,37.788599,57.669957,5.0,6.300285,180.096171,0.32104,0.17379,0
56.78194,282.921278,549.720106,55.549792,489.902777,0.071211,0.367855,0.778878,0.777309,278.550695,51.031596,25.10416,100.0,39.495944,12.505912,50.964387,7.179372,106.510582,0.254014,0.407547,0
9.315594,229.83291,419.071291,53.115273,1696.107568,192.110246,0.48866,0.439275,0.378822,123.775009,310.316405,32.151504,100.0,39.103042,15.900859,41.125435,4.215402,120.107042,0.261499,0.124235,0
69.497477,219.729248,527.465923,55.383208,937.864179,93.411224,0.506203,0.873821,0.877686,219.003595,616.978799,20.323927,100.0,39.570385,36.478811,23.100538,1.090315,132.30405,0.317115,2.007987,0
64.339261,88.046953,389.682004,51.764431,1130.425423,148.596678,0.511503,0.240846,0.291145,216.543642,270.10972,24.416931,100.0,15.636821,10.0,60.0,9.122667,102.673929,0.304893,0.347204,0
50.640283,255.069833,349.213877,58.051966,766.196496,151.309692,0.344986,0.581092,0.57013,106.43184,251.870163,22.599386,100.0,34.831481,35.528385,27.137009,9.680158,99.619685,0.185674,0.951354,1
55.8532,82.448057,158.108414,30.6025,1229.360144,141.031599,0.321191,0.608475,0.579443,213.268557,943.628438,19.627268,98.043215,47.154473,13.636028,37.768794,0.0,81.983988,0.175975,0.316645,0
95.731393,139.080851,313.560446,7.611042,1689.39637,321.102044,0.215454,0.296243,0.296088,78.921521,749.79385,22.468839,100.0,28.259651,40.463702,37.037025,4.271662,88.622245,0.182879,0.125953,1
89.811695,159.173135,471.408804,9.595912,834.357031,193.126899,0.502476,0.800835,0.702581,329.417098,232.778784,26.072936,100.0,43.853789,44.063358,16.92198,4.833634,83.372853,0.237116,0.325262,0
57.13619,117.55227,208.016692,26.465188,1764.856395,325.348821,0.179631,0.201163,0.288022,59.707807,462.301558,25.724937,100.0,30.253932,35.479601,35.642506,4.728639,61.820808,0.190752,0.178248,0
184.238834,362.978748,442.19321,19.17279,594.202096,261.627267,0.427053,0.505205,0.432517,65.126802,305.608103,32.342859,100.0,30.632565,32.315632,31.49446,9.23479,105.805511,0.302928,0.386575,1
7.496989,171.49726,254.010822,14.346733,1282.04802,126.403226,0.587918,0.224954,0.322506,1011.614922,31.806886,20.222488,100.0,18.708934,26.556314,49.799377,1.118399,144.247151,0.306747,0.867514,0
37.300034,129.687269,264.325574,57.426208,1144.557168,177.682925,0.22972,0.912455,0.860217,90.258835,51.158036,25.3764,100.0,26.752639,39.386395,34.245458,7.188295,50.64774,0.142287,0.262075,0
126.952829,275.683074,292.329794,15.748077,365.708964,140.349074,0.311221,0.459395,0.623795,49.134549,66.737287,16.799273,100.0,46.118897,18.474196,36.804761,12.747307,111.346439,0.232891,0.906536,0
11.38531,123.266523,223.883619,57.76586,1006.904852,298.28674,0.175927,0.838836,0.86276,78.558152,11.580215,23.512093,100.0,24.988037,23.380217,52.409903,0.0,50.884712,0.204016,0.367274,0
7.298784,106.894763,347.763969,46.846136,903.682969,67.535212,0.3649,0.810908,0.734609,432.319268,40.087611,14.728222,100.0,52.851238,44.606742,5.0,7.03297,116.054811,0.19165,0.41117,0
36.86371,112.276087,423.44418,40.252012,473.403912,337.108422,0.444931,0.361302,0.394462,85.961702,26.622386,26.814407,100.0,30.197451,32.244453,37.379426,3.918088,83.861242,0.193566,0.793665,1
65.057009,118.745902,693.416491,42.181043,1079.001217,208.952818,0.615947,0.535262,0.543588,471.929416,675.386347,34.848464,100.0,46.84079,30.365091,25.887615,4.059943,127.34483,0.242691,1.425299,0
45.242188,52.248565,222.118132,23.231088,973.144773,220.232863,0.446437,0.788494,0.767433,183.223574,691.82101,30.155743,100.0,32.11382,53.108838,14.287069,9.494004,99.617821,0.190617,0.172823,0
79.808728,255.486361,376.307693,40.553487,863.706526,186.048504,0.535378,0.536419,0.723406,760.539259,109.819367,21.62621,100.0,10.0,37.13086,50.127946,6.619128,123.471468,0.277124,1.751499,1
8.213681,65.552212,568.176134,15.268067,865.711265,199.618732,0.488269,0.552523,0.529961,170.37858,195.523655,29.811161,100.0,24.009814,30.260399,45.979652,2.004121,79.802258,0.298551,0.332263,0
33.427223,95.164045,278.386191,56.573799,854.994871,240.36315,0.418299,0.641087,0.718753,518.091276,878.36714,15.054423,100.0,24.057993,48.637142,28.731612,6.835602,97.959731,0.158421,1.345587,1
112.548629,166.882592,353.551407,21.598634,716.150189,235.812692,0.35251,0.919151,0.845347,351.464548,308.558855,26.593498,100.0,24.412716,23.469537,51.033471,1.386724,63.196223,0.242251,1.616848,0
95.130771,216.496704,595.681635,19.035258,969.917048,77.092952,0.483398,0.44065,0.450597,28.096143,87.851358,39.213301,100.0,18.192277,10.0,60.0,10.257855,119.128096,0.293513,0.739323,0
39.752605,181.605964,233.337322,44.113954,578.042894,209.678458,0.226551,0.85922,0.839758,51.776184,168.663262,26.538153,100.0,21.142157,59.746076,18.565768,7.764408,75.027465,0.245656,0.221145,0
75.429094,139.615756,332.348382,41.104679,2228.404746,127.665519,0.2569,0.802283,0.9,35.183343,132.728305,22.360164,100.0,38.708348,18.918397,38.035764,3.662348,64.525426,0.150364,0.967119,1
63.93423,166.292477,236.281094,29.821441,195.333377,229.33091,0.394958,0.726744,0.665732,77.836751,506.236818,21.949399,100.0,60.0,64.484161,5.0,3.263457,58.82038,0.298728,0.281612,1
65.491396,132.964124,173.376947,39.784543,607.631961,197.220449,0.159731,0.421968,0.427539,1500.0,209.147797,25.610602,93.375844,34.246408,28.919756,39.850531,6.15511,25.273667,0.145969,0.275382,1
84.936649,260.860756,355.800055,13.772119,647.128948,64.684776,0.531243,0.288735,0.412897,328.156026,74.738277,23.669086,100.0,28.156088,10.0,60.0,8.129587,112.244574,0.249445,0.649014,0
210.353174,339.377169,787.210094,42.033057,1920.246707,264.50421,0.783216,0.532551,0.577181,173.385198,534.643968,21.067204,100.0,10.0,22.943798,60.0,6.103341,167.734707,0.315005,3.675082,1
213.604153,227.923311,279.944627,19.883588,239.932675,164.524841,0.297595,0.686973,0.637334,216.391396,801.093965,23.000098,100.0,53.77541,43.824896,5.0,4.953518,94.393476,0.177216,1.485668,1
11.696691,150.039657,284.388196,20.005979,1112.961149,198.518959,0.29152,0.375206,0.368575,89.681432,340.954259,13.925103,100.0,43.721049,62.791439,5.0,5.429605,80.942237,0.130023,0.128741,0
54.453121,161.934479,455.865199,13.919896,1024.197033,242.151431,0.66275,0.553364,0.500763,280.500251,85.944232,28.318842,100.0,26.974914,52.220157,22.586236,1.594673,115.274119,0.297424,0.057741,0
21.584221,71.957259,171.244489,23.280742,1066.801152,235.033839,0.246588,0.257416,0.290732,86.822579,118.358707,30.361414,91.052086,35.414075,54.105351,7.15648,2.273015,86.627124,0.133619,0.171083,1
90.635444,135.52126,704.702677,23.218808,1518.171581,269.614375,0.648564,0.858108,0.765534,109.50159,8.039496,28.06998,100.0,26.805959,17.677992,55.362355,6.684287,148.478408,0.216863,0.525877,0
57.086418,219.886618,398.479986,29.979846,1507.91468,74.430622,0.524052,0.491753,0.383306,296.586652,42.405477,21.79676,100.0,19.059624,51.036049,23.258256,0.0,118.557675,0.28656,1.265674,1
144.004401,313.866193,361.520879,15.473073,674.521587,39.740844,0.465848,0.121587,0.266233,72.376109,125.035144,26.063212,100.0,27.632737,34.120996,38.404705,9.563464,134.771304,0.261341,0.670189,0
67.804111,179.606109,273.20876,15.615414,997.008725,240.904647,0.233418,0.721,0.678216,49.450125,659.381967,26.358374,100.0,41.440515,65.985082,5.0,1.617815,60.28311,0.143369,1.080507,0
189.923445,255.059345,305.745933,34.795621,100.0,84.954581,0.360409,0.407597,0.290867,374.973719,741.866094,22.101019,100.0,36.015683,45.237038,19.810051,16.446699,94.894479,0.230582,0.689387,0
219.575689,271.185432,373.771371,12.088257,949.546504,41.257753,0.236836,0.745674,0.711744,278.596578,167.347152,30.805798,100.0,29.607568,44.141525,27.981057,15.266095,52.234459,0.185192,0.094745,0
184.990356,238.334746,385.670373,42.889335,503.005286,47.245497,0.424475,0.530987,0.538653,149.307887,11.600517,28.932026,100.0,39.168437,15.74017,44.480899,14.750991,96.368433,0.162352,1.0024,1
4.839555,81.711729,379.437839,56.917092,806.808787,112.608045,0.453943,0.0,0.010634,202.390248,678.289619,29.916239,100.0,28.453877,48.072423,19.996212,2.528781,90.981197,0.256014,0.04025,1
84.177186,279.747945,919.900869,28.473759,100.0,357.043337,0.926702,0.460673,0.489847,66.69556,153.85541,25.87241,100.0,45.67865,28.133642,22.105632,1.395782,198.578561,0.419367,0.377281,0
50.265862,71.306271,222.417066,54.560792,1102.436143,56.613718,0.189107,0.35867,0.403766,7.559306,307.077024,14.8787,100.0,20.458874,48.766353,27.365029,5.625685,67.957321,0.13189,0.010782,0
57.163402,157.429205,425.909978,10.407413,100.0,107.473162,0.388168,0.344737,0.278615,557.609122,447.915683,10.556509,100.0,28.040864,34.913971,37.953493,7.036439,76.509786,0.126923,2.929845,0
126.988292,204.423512,370.134499,7.36267,974.142303,331.464295,0.439354,0.833517,0.758152,23.628192,12.029702,20.958512,100.0,40.733937,29.924674,30.181261,8.463945,92.560658,0.391659,0.941984,0
53.339032,183.982535,273.63299,44.675288,286.747203,346.790903,0.457636,0.614248,0.631876,346.808342,715.229233,18.831021,100.0,39.910787,46.12323,7.20945,5.265804,101.586504,0.217234,0.251237,0
71.316538,113.953009,226.435871,46.856187,475.179482,82.38361,0.301677,0.770865,0.851159,1253.113468,408.46855,23.506385,100.0,24.585127,40.47345,40.394261,0.0,96.564749,0.158995,2.565735,0
74.588198,159.02779,582.037448,51.368203,1477.366051,316.962971,0.538921,0.243711,0.418285,329.870286,53.085547,16.968101,100.0,22.379964,17.925261,60.0,7.554304,130.818613,0.281487,0.144128,0
7.496721,175.066073,304.108441,8.124972,1193.958973,50.01046,0.455515,0.237298,0.194534,129.018566,658.079851,17.011679,100.0,37.639486,62.218943,5.0,0.0,110.712044,0.219456,1.84182,0
46.605183,159.265005,630.646784,47.729888,1474.601569,274.153108,0.648959,0.8183,0.782336,112.213617,799.519606,11.655856,100.0,47.765419,34.654467,15.316283,7.096124,139.769292,0.267246,0.206304,0
151.407272,220.207027,409.347138,25.70963,1679.863566,4.682938,0.465819,0.509939,0.681327,1034.104605,80.893733,15.586963,100.0,41.918913,51.742701,5.010282,7.016499,113.587636,0.299735,0.185447,0
5.92391,55.315479,255.42925,21.68357,513.580646,146.383067,0.396886,0.547459,0.510154,503.157784,130.308171,21.202061,100.0,18.996094,36.098414,48.468918,0.0,91.029496,0.143997,1.940928,0
103.963531,330.410238,701.143715,14.516316,1649.485831,89.040674,0.686342,0.490438,0.424975,34.595867,93.484467,20.326761,100.0,24.595677,23.930493,53.873745,12.238885,143.138774,0.275639,2.127623,0
30.141763,61.420254,271.237674,59.780867,167.247172,253.442885,0.237209,0.010665,0.235153,5.734337,58.040975,30.117796,100.0,20.053286,34.830202,44.797689,6.777058,52.889869,0.129328,2.860396,0
49.261282,296.038286,310.04542,8.501497,1273.050167,5.780207,0.34808,0.763326,0.848297,227.0501,88.948279,21.935388,100.0,47.581867,46.845994,8.591739,6.155131,89.011811,0.219526,1.616448,0
119.659266,230.214011,334.177473,50.485441,653.331143,167.364614,0.495265,0.376821,0.182098,126.83475,432.866484,14.255534,100.0,31.324991,76.605258,5.0,12.265792,134.787894,0.321878,0.331048,1
23.449861,114.027945,312.691926,40.172194,434.849929,250.822449,0.555055,0.471067,0.469247,204.264641,293.894228,22.168067,100.0,28.626024,54.196355,16.580999,1.85037,140.477738,0.216881,0.410492,0
53.100629,246.176255,460.440001,45.429424,1207.234934,16.813754,0.3695,0.727394,0.547698,143.14092,209.309404,26.729466,100.0,35.014838,29.285907,38.981974,7.062142,99.898331,0.208785,0.092835,1
11.746741,210.609561,421.42275,44.144442,1372.475763,323.064066,0.621934,0.741147,0.725698,88.690836,313.500385,9.687506,100.0,37.203354,13.710609,52.922691,0.0,158.301423,0.210354,0.37503,0
93.439096,198.368779,368.210015,52.213897,1357.634193,130.031067,0.376288,0.87949,0.793507,169.319637,4.908073,31.177746,100.0,27.674623,38.446382,37.389765,7.035296,107.388544,0.167472,0.602154,0
33.735934,167.434071,361.713738,15.108564,1007.429944,59.4957,0.409502,0.675894,0.702381,24.496302,262.462102,26.423416,100.0,35.102138,38.881263,27.681707,0.51739,96.650534,0.214499,0.498726,0
15.839769,53.940911,447.109681,5.045354,965.978651,81.167219,0.65003,0.50616,0.561481,204.473892,234.813236,32.283074,100.0,33.108576,53.812126,14.635473,1.870302,93.46544,0.319177,1.309133,0
67.855448,152.622943,290.790356,37.919067,1163.433293,122.006134,0.306201,0.745645,0.875237,13.993529,96.196955,26.74291,100.0,50.052231,59.128432,5.0,5.256396,115.16328,0.1,0.527351,0
11.08184,70.088542,240.275072,24.462225,1051.882038,71.415037,0.276794,0.681147,0.63956,521.877031,279.331808,21.315528,100.0,32.387448,48.053829,13.732968,0.331126,82.997177,0.11014,1.014372,0
48.02247,276.899982,597.217694,11.808303,1170.67792,183.808351,0.543356,0.454395,0.523898,242.14042,140.41919,23.517584,100.0,36.438359,53.198331,11.158567,7.226802,128.116191,0.297034,0.881661,0
30.864998,245.692809,574.081185,15.237631,1001.999731,227.855425,0.591756,0.212842,0.291005,686.000281,499.376966,20.990283,100.0,25.062857,34.799752,39.433077,5.363444,134.433207,0.322155,0.085076,0
80.296935,119.202152,193.421731,23.246212,1321.391912,156.034839,0.295585,0.732247,0.85835,384.475813,115.422025,28.865512,100.0,25.208453,51.789128,21.831642,4.68318,98.477535,0.150411,0.433424,0
81.710495,118.48356,152.524236,8.862835,100.0,153.731574,0.160938,0.656371,0.654796,158.006761,282.346659,19.211517,95.07678,37.069143,43.073768,15.67552,14.3794,51.171139,0.108159,0.698611,0
36.323829,124.155584,410.184413,8.130226,834.363262,281.411827,0.593693,0.460164,0.400198,868.466715,116.828908,25.925615,100.0,21.970691,70.02954,10.224728,0.0,100.071496,0.252098,0.269351,0
186.660092,439.117934,674.558672,55.381444,208.076753,108.366017,0.598642,0.661728,0.68163,23.810201,4.597164,30.78193,100.0,35.66727,41.646249,22.132286,5.018686,174.834737,0.353449,1.361192,1
145.965483,217.732155,398.823706,22.165651,1038.351009,224.19678,0.48884,0.671054,0.697912,312.740104,312.348747,25.269325,100.0,29.360945,35.013077,32.52195,12.555487,106.408305,0.285704,0.224471,1
26.623537,391.858758,694.760924,59.022688,1720.965088,321.451771,0.693201,0.54275,0.421062,40.608088,40.981828,24.37496,100.0,38.753152,50.295821,8.900814,9.945962,156.47784,0.400457,1.793359,0
300.0,332.160136,488.112899,58.040185,662.957609,79.745171,0.639268,0.730868,0.860603,5.0,83.15776,26.429471,100.0,10.482639,62.40458,23.853292,17.648178,123.620572,0.367581,1.219494,1
115.487645,172.688373,401.673376,12.841421,963.626015,223.164263,0.361029,0.99,0.874084,370.484495,85.984035,19.806589,100.0,47.883224,51.041186,5.0,11.078885,112.988868,0.201215,0.229515,0
87.372427,125.275672,254.639018,44.320837,1278.243357,341.269841,0.373696,0.478461,0.586902,91.910773,371.25712,10.891909,100.0,13.85487,44.955994,41.143008,12.372183,102.258327,0.198668,0.052033,1
91.962854,198.105691,300.297076,38.044269,100.0,190.726292,0.597361,0.846655,0.856578,262.879501,388.239921,17.983027,100.0,51.715575,37.270467,12.446013,3.227625,102.647381,0.295923,1.657687,0
19.823868,90.185121,243.082038,42.985589,638.944759,351.683181,0.162458,0.745789,0.716577,59.30107,1144.644424,19.238511,100.0,32.843295,23.962524,37.703151,4.466988,67.6965,0.133494,3.110511,0
163.402869,401.147435,454.648154,10.290505,1082.25783,111.616576,0.396392,0.329791,0.251663,310.386733,4.51062,25.961023,100.0,37.655309,56.943921,5.805648,9.167116,130.536011,0.250471,0.042067,0
7.58062,73.4768,169.519348,15.370804,100.0,203.145801,0.452489,0.38323,0.511379,364.9434,73.591887,18.523269,100.0,31.511664,56.985279,6.84602,0.0,114.166834,0.261133,1.644089,0
91.554912,263.602445,440.219726,9.215126,411.595753,111.97287,0.46077,0.521078,0.508016,66.611008,78.492242,19.301985,100.0,32.888875,10.0,55.824459,1.650241,106.850079,0.296837,0.617362,0
147.387635,187.409345,421.119542,38.227381,1450.428987,1.338993,0.469311,0.408989,0.458343,217.445984,561.762144,28.474212,100.0,21.516693,24.408991,55.315586,15.039456,82.348137,0.205081,0.826073,0
28.877507,109.788596,475.994722,59.262509,1401.49845,359.030916,0.471369,0.436556,0.35715,317.922125,230.109124,26.30558,100.0,38.855655,49.492948,10.950275,1.724824,93.558304,0.264943,0.989187,0
121.667252,139.258417,308.971663,41.95915,1087.159114,86.421624,0.528044,0.626063,0.676404,111.698104,129.192537,31.176904,100.0,36.895167,30.012526,26.90136,9.524528,90.719257,0.241809,0.404967,1
73.236404,328.416157,428.503387,44.091884,1341.09882,350.316715,0.302868,0.561382,0.716553,477.966178,410.622274,23.335008,100.0,36.674225,46.921219,14.97319,6.672025,114.982003,0.235041,0.161448,0
127.426996,214.963064,285.398848,59.152177,1007.552117,235.091818,0.466292,0.806928,0.777782,431.44132,9.71609,14.783073,100.0,48.465212,22.146748,34.067712,10.695339,74.479189,0.142555,0.763612,1
142.533682,313.769453,662.887588,42.290635,1177.697454,325.416099,0.515704,0.794166,0.796774,160.227313,25.291502,36.771608,100.0,16.592536,24.645095,60.0,3.083521,124.554891,0.293502,0.366628,1
198.760051,223.380624,423.41299,7.209986,742.173146,348.192989,0.303206,0.704043,0.562126,578.54853,408.879799,27.620995,100.0,32.901905,19.605563,54.812479,8.989864,73.05423,0.134954,0.002566,0
168.726641,198.378932,362.799643,52.685308,957.906341,204.418514,0.299682,0.489371,0.412504,497.99224,124.094165,20.437082,100.0,15.631382,36.182654,48.379244,2.65838,75.387484,0.181838,0.526952,1
9.134999,50.037356,254.266732,25.057306,583.814807,359.888884,0.303343,0.104507,0.174878,184.717305,79.272562,29.163329,100.0,44.851085,37.968179,14.997094,2.184402,66.022096,0.194022,2.929089,1
27.288739,88.286798,393.345882,5.239999,1531.741672,276.238767,0.362912,0.123179,0.045431,109.309258,1198.922448,25.155897,100.0,40.052808,18.627251,40.100683,2.07569,89.475883,0.16885,1.017778,1
99.120142,296.309363,730.283668,32.89788,1660.779705,188.57324,0.643379,0.312199,0.304509,190.198207,490.9773,31.299956,100.0,29.405859,21.488548,49.580028,7.244489,146.463714,0.281078,0.562223,0
143.941946,212.179154,273.984517,56.535825,1589.9564,235.779582,0.240128,0.819012,0.762021,270.564324,485.091236,25.374869,100.0,41.776883,31.112624,26.196027,13.940891,76.422089,0.177203,0.689863,1
23.60326,162.841938,318.01467,19.153188,695.945619,69.937689,0.279283,0.724888,0.785577,147.965837,736.469923,21.459481,100.0,37.500721,32.464035,32.137687,0.0,73.91783,0.165737,1.789145,0
113.728112,408.315655,696.759688,32.033225,423.11298,3.971744,0.598961,0.479413,0.509782,5.0,207.867184,25.635162,100.0,15.665362,25.618735,60.0,10.283691,169.967696,0.305462,0.308367,0
177.434602,255.502334,321.534836,14.557729,1538.48683,92.444165,0.396791,0.274262,0.222271,32.605868,1217.177216,29.807601,100.0,39.226349,47.537848,8.910869,12.657891,115.946414,0.267669,5.899524,0
139.946755,167.362352,699.656774,8.173097,1171.953601,156.58951,0.631118,0.846538,0.788161,1215.143591,1100.140727,19.239247,100.0,22.593553,31.211,48.79624,2.656966,121.293261,0.290839,1.496112,1
112.398075,154.006376,307.943761,9.429972,1064.292171,82.098931,0.1,0.158887,0.327481,341.798276,674.182962,24.30453,100.0,33.73932,40.442395,26.308398,0.0,29.394731,0.162947,0.24727,0
63.997507,212.261533,790.740512,44.9856,583.183958,185.052923,0.7684,0.766496,0.720201,12.0799,457.403959,16.76348,100.0,42.346324,44.530901,17.863463,4.95738,158.994448,0.298997,0.084487,1
61.399958,120.785603,178.98866,52.524096,1112.831906,236.859891,0.327082,0.345256,0.412848,95.94691,260.980483,26.880693,100.0,32.537047,23.613627,46.882558,11.377686,82.863522,0.299555,0.452054,0
271.084976,295.372132,636.682308,12.881436,357.36097,236.085786,0.613298,0.619834,0.601074,712.11291,183.759041,24.308634,100.0,31.282766,46.376118,25.676568,14.234248,129.590832,0.230143,0.136607,0
42.979856,503.619704,615.834104,20.857521,1217.031178,321.755195,0.49738,0.616756,0.749092,215.017076,175.807305,27.789742,100.0,47.63724,40.480013,11.647152,1.18401,133.956142,0.216608,0.595757,0
27.291246,234.69926,418.917579,15.726621,1589.44335,347.874875,0.530583,0.923784,0.853131,541.742022,249.675303,30.029361,100.0,33.946936,39.317323,22.799545,3.923399,129.140616,0.321132,2.769953,0
15.714551,64.126561,332.870055,6.477068,1715.522772,320.650205,0.245685,0.498478,0.444427,992.314031,594.717499,20.003573,100.0,29.164974,24.499334,50.283029,5.306798,96.333348,0.19991,0.453864,0
107.267662,455.364529,779.341036,35.438725,1254.262027,223.262985,0.730322,0.529647,0.595676,116.834003,380.697208,25.115605,100.0,14.59618,52.438971,35.221174,10.699555,195.322708,0.356969,0.284414,0
96.266914,499.011626,741.014976,43.495719,208.989225,74.075096,0.727677,0.681158,0.649017,349.41109,310.37418,25.368441,100.0,32.272506,11.667254,60.0,9.929727,167.025299,0.332732,0.012933,0
68.962435,374.532543,552.513128,40.633261,998.665065,339.642417,0.677552,0.633645,0.636593,238.737506,465.906659,20.1176,100.0,39.69082,35.679473,23.208898,11.774829,160.162639,0.27764,1.205483,0
96.212754,176.184921,377.650987,26.342945,1969.840872,62.949742,0.478777,0.253221,0.204833,82.150864,477.26814,18.015048,100.0,48.441091,24.328007,28.289697,8.956368,115.291314,0.178205,3.416524,0
127.327699,221.844587,1000.0,35.525564,465.694205,54.513858,0.973843,0.224032,0.334742,518.736199,542.072509,33.165537,100.0,14.802549,31.120015,54.257309,7.03501,196.98546,0.44857,0.193665,0
56.494703,200.107014,557.649665,10.175462,870.409214,114.324958,0.667062,0.344497,0.441497,88.383396,363.88778,21.481174,100.0,36.938939,15.284503,45.870154,4.70398,165.539577,0.348734,0.892553,1
101.534454,155.121074,243.610859,13.486705,1606.762176,206.498002,0.191269,0.510063,0.568609,167.082991,143.093643,21.454783,100.0,39.580692,26.432077,29.06679,5.924442,60.243256,0.171521,0.304959,0
52.146235,248.798259,447.620628,56.248704,1208.566961,245.330148,0.638475,0.540949,0.545053,117.892458,275.177025,22.472276,100.0,27.348317,20.056284,51.623062,9.491375,127.264568,0.293502,0.265656,0
104.171395,228.994716,479.978318,46.882926,2140.078162,4.785364,0.201478,0.448318,0.317777,216.196728,55.887731,27.033167,100.0,50.256467,13.832343,33.555852,1.727434,75.635268,0.235972,0.372075,0
178.255819,371.024226,393.188317,55.75065,533.565308,280.088018,0.576987,0.727927,0.714141,514.35598,457.748093,21.143153,100.0,22.776371,46.235724,34.780194,7.519455,130.472793,0.307865,0.26878,1
136.936938,205.881039,590.343745,55.417416,405.122107,63.007038,0.517667,0.829105,0.753475,150.839174,187.762724,19.304217,100.0,52.152783,26.294765,22.646321,10.242836,119.192055,0.268935,1.82325,0
223.853517,341.946637,437.595933,40.716594,1512.062718,106.734547,0.509974,0.453026,0.523137,581.405508,262.743595,24.915865,100.0,33.528556,34.426665,30.590536,13.479749,120.88402,0.275774,0.629929,1
43.178002,77.380402,196.756453,56.053126,302.060686,115.951221,0.412089,0.561113,0.606903,91.750302,607.272627,28.23069,100.0,40.476634,43.494271,19.637318,10.302158,100.17015,0.324233,0.050764,1
34.605338,98.284859,173.549269,27.918726,801.616006,119.68056,0.303611,0.625599,0.679672,53.794234,328.574882,26.740914,91.147421,27.527078,42.253988,32.943968,0.0,95.483542,0.14714,1.416135,0
94.590579,168.878306,512.068574,5.198893,867.176728,273.732337,0.5725,0.854356,0.870217,36.495218,569.935145,20.261602,100.0,15.123916,35.380254,50.024385,9.110484,106.101852,0.243032,0.003589,0
44.433073,192.170453,469.473757,8.441411,1417.994737,14.73997,0.585685,0.625833,0.572505,457.762026,225.65697,17.446626,100.0,30.866439,26.715757,42.456369,3.806538,111.923623,0.293015,1.138296,0
107.656908,291.763579,646.606003,11.021803,1207.133984,70.746415,0.501621,0.233953,0.260803,195.323757,56.364511,18.195773,100.0,39.120567,31.424478,26.656556,0.0,109.269299,0.253349,0.075921,0
80.242013,119.839881,575.11987,10.24444,1128.532457,8.034923,0.455857,0.315761,0.339983,72.821563,159.367791,25.97605,100.0,26.042843,40.738189,33.923029,1.548614,95.555453,0.277934,0.142263,0
27.736851,254.265467,470.680321,24.343631,698.784561,280.187804,0.527214,0.670328,0.623866,352.890906,301.413189,27.175901,100.0,28.915359,54.546947,16.148398,0.0,138.259135,0.269487,0.591185,0
97.916949,233.281525,365.181659,43.569894,1507.50201,354.140042,0.390644,0.667635,0.70817,247.665373,466.46315,21.095674,100.0,32.912495,10.0,60.0,8.389053,79.591953,0.254465,1.757614,0
29.706901,186.272516,405.230129,48.485684,2912.912021,237.436977,0.413165,0.255033,0.316973,22.468396,217.299776,20.720014,100.0,15.294943,44.019175,42.131769,4.123137,105.017452,0.283742,1.289201,0
187.432082,370.536104,489.212837,37.46173,1245.641049,212.450105,0.639651,0.610835,0.637676,113.906163,191.754269,16.752395,100.0,28.87473,18.710503,51.552876,6.854784,178.050692,0.297317,0.294854,0
57.532668,104.19771,369.573008,13.05399,949.836104,326.903837,0.529285,0.647692,0.501693,70.808932,481.313326,23.587946,100.0,34.310569,29.461097,40.222188,12.929307,96.392301,0.350624,0.272837,0
34.256777,258.084003,650.777002,46.134588,251.068515,91.783435,0.561087,0.737054,0.666607,358.045553,51.134468,28.112328,100.0,26.174074,34.277417,37.932955,7.892974,120.359985,0.274286,0.07728,0
82.209603,142.372718,242.834127,24.514106,581.259275,23.92643,0.350651,0.922086,0.770269,32.130127,645.152265,19.943596,100.0,45.646375,35.939432,17.229726,9.373542,77.467517,0.235963,0.473369,0
89.482693,180.541686,400.731328,5.714634,793.144883,183.589166,0.28419,0.502617,0.606809,95.918994,499.152316,30.288191,100.0,34.490454,27.62385,38.326064,3.243678,102.600669,0.17659,0.785791,0
41.880635,122.315576,297.303833,20.432374,632.69988,93.725533,0.193871,0.568149,0.536943,353.308094,52.343036,17.702699,100.0,10.0,56.097967,35.92892,4.18028,63.201454,0.1,0.189007,1
40.081507,388.868723,572.258993,23.18303,891.961083,162.389381,0.497135,0.449985,0.47978,266.705395,66.007732,19.235682,100.0,26.373912,46.771178,28.240332,3.865808,146.523544,0.238778,0.417226,0
10.918449,59.112075,398.312393,20.083504,1789.008038,164.267946,0.433268,0.702939,0.727946,263.730885,78.424379,23.054557,100.0,24.366993,30.395474,50.849845,7.060488,81.879789,0.315703,1.265425,0
131.623501,437.941057,691.75413,49.652858,1523.583459,114.779457,0.622685,0.365767,0.48902,13.286883,47.490955,24.929254,100.0,22.577938,62.943155,16.386178,12.102152,170.636191,0.225325,0.1637,1
183.705822,440.367603,596.190982,46.795952,820.583642,175.076849,0.651884,0.833773,0.729758,103.425733,38.442596,22.500611,100.0,48.906061,26.299488,19.53831,9.903274,159.971463,0.369475,4.179221,1
146.815049,178.828041,348.230116,43.255362,295.860028,136.854677,0.394462,0.0,0.087165,234.943932,219.801761,25.578388,100.0,38.867253,25.260501,36.66277,4.80779,122.531629,0.129724,0.005231,1
33.251478,91.987019,292.574537,12.645279,1568.683821,40.701361,0.460097,0.585419,0.514254,113.464472,711.066924,25.337763,100.0,27.810969,39.304509,33.301372,8.735264,111.123814,0.252982,0.847623,0
95.945648,155.611268,347.844925,49.430865,875.472863,312.021255,0.450232,0.449168,0.480695,354.418211,228.737275,31.114179,100.0,26.827021,28.364793,42.315749,7.89657,128.101512,0.298728,0.421763,0
83.256164,241.964621,442.349911,42.244678,100.0,252.458537,0.372144,0.425687,0.49858,85.608374,165.984606,24.423796,100.0,28.501785,43.982466,27.105637,0.0,116.52955,0.133492,0.180754,0
14.908563,239.21789,543.289658,15.716073,1256.215059,14.871191,0.651859,0.170542,0.246968,113.778202,29.289413,22.002724,100.0,25.57106,32.854905,37.785181,12.934788,128.728959,0.269859,0.767882,0
41.576427,101.34837,175.50948,40.645166,1412.843342,41.683113,0.162988,0.615221,0.611212,47.926831,196.183629,26.403374,100.0,24.32642,42.914718,33.724619,6.913081,79.54889,0.203256,0.615705,0
90.749844,116.577883,372.422572,31.59314,100.0,34.745209,0.457706,0.355384,0.38469,54.463664,55.15103,13.323768,100.0,37.561866,23.26031,38.953948,6.403635,125.167254,0.212518,0.497043,1
5.939208,164.921267,438.64243,29.164253,487.722679,22.227677,0.423617,0.764934,0.764573,363.374353,9.930635,15.744174,100.0,10.0,66.504893,20.688643,0.0,79.837623,0.217914,0.797446,0
23.32711,131.509833,689.744584,11.166774,844.772994,21.260439,0.818691,0.501024,0.659881,124.855343,194.607504,29.379965,100.0,37.708406,29.618925,31.33319,6.167189,154.968359,0.35182,0.008828,0
120.36563,151.607236,329.053923,33.506735,1267.255456,56.56044,0.452814,0.449306,0.614498,94.257227,234.467427,20.759203,100.0,15.224849,60.506243,27.985236,1.340563,91.505537,0.174819,0.376388,0
32.158958,176.462009,429.558256,10.496249,642.126708,305.232987,0.395862,0.273135,0.418795,126.677693,944.414989,19.199754,100.0,37.625611,15.98104,46.815122,10.282442,102.704159,0.231324,1.620043,1
15.144893,117.449507,454.938171,14.033936,483.929049,298.163987,0.448096,0.682627,0.61844,534.653634,226.540077,26.623573,100.0,43.725985,66.347485,5.0,0.0,101.738043,0.304173,0.437234,0
141.291342,180.966224,430.702942,12.290047,1263.584625,281.932731,0.793029,0.932438,0.816578,29.976065,174.454471,23.214166,100.0,20.542749,35.558743,41.849354,9.29139,164.778176,0.367796,1.090496,0
32.169774,99.453339,135.901968,57.475955,665.838813,221.294342,0.1,0.608622,0.629713,5.0,380.414835,29.713104,84.726852,23.960998,33.801167,44.136809,12.454421,35.596775,0.178186,2.483938,0
121.044399,414.457145,455.067227,20.667558,1171.027325,260.457679,0.414816,0.656444,0.596918,153.866507,377.773175,21.491157,100.0,42.724931,10.0,49.833449,6.995217,101.577442,0.211726,0.381745,0
220.192314,226.839171,393.585701,24.536238,344.242173,265.853236,0.367446,0.836262,0.808529,67.617965,261.896011,31.620367,100.0,28.553145,16.351384,57.37884,9.269085,80.468742,0.222632,0.603679,0
22.565398,66.86781,257.017485,22.714433,223.83349,320.152633,0.202572,0.545906,0.452397,52.717951,128.85147,21.895056,100.0,23.402549,22.095588,56.520165,4.927697,67.950895,0.199651,0.676346,0
59.324568,87.84258,321.272981,54.403774,1277.634579,263.643491,0.267697,0.679816,0.583397,37.398393,43.118327,29.563482,100.0,24.034999,19.557428,59.642841,0.0,56.414982,0.18325,0.580313,0
83.912342,165.899617,235.540867,35.963125,1026.259955,265.125351,0.289343,0.314308,0.413204,10.535219,527.034163,24.51616,100.0,58.581572,47.375661,5.0,3.941608,57.349813,0.129336,0.247857,1
139.416569,253.741623,533.15407,55.553794,1361.227867,289.469222,0.600834,0.602525,0.587116,25.841879,113.099111,19.085496,100.0,26.540332,30.306073,41.066221,10.059558,122.531678,0.2536,0.304406,1
41.416235,134.289256,204.775386,21.49587,633.7035,200.287748,0.114745,0.605483,0.536949,152.723589,128.966002,23.55421,100.0,37.572801,37.325018,26.261692,7.538767,63.639095,0.124232,0.563203,0
2.007227,103.154949,350.643078,11.315907,502.447349,76.690364,0.347903,0.206371,0.137517,169.025429,75.318153,24.645404,100.0,39.158301,40.471881,20.802201,5.892178,68.896625,0.243912,1.165605,0
22.5481,142.480469,231.990865,35.592015,1580.359444,30.435292,0.216794,0.715527,0.65418,392.577073,584.170492,23.418731,100.0,49.207755,10.0,40.145633,0.547112,73.72708,0.147753,0.802656,0
49.33598,116.157706,386.456023,24.004535,138.520618,150.855682,0.311439,0.679507,0.682129,425.576106,72.771848,19.302675,100.0,53.251292,32.490268,14.512944,7.548203,78.547007,0.238568,0.282254,0
120.876334,538.871326,877.504156,49.104876,1525.730355,33.006842,0.945457,0.857201,0.803083,313.336271,51.494177,32.5956,100.0,11.307744,70.218953,24.548834,10.82487,200.0,0.5,0.221849,0
59.842721,167.152443,273.817628,53.368287,1560.252354,60.949451,0.256244,0.105381,0.219029,164.392121,822.102377,25.460191,100.0,47.966004,54.355256,5.0,0.0,80.969113,0.226942,0.197392,1
114.953877,148.94033,393.855334,30.991543,1330.044757,8.582404,0.297788,0.2083,0.318026,5.307405,60.12698,10.780187,100.0,33.544136,44.784602,23.997681,0.409627,57.508915,0.162485,0.115331,0
47.764564,142.644047,354.01304,58.424746,556.096241,108.074265,0.488926,0.749259,0.628573,498.15893,120.536771,25.224523,100.0,20.698993,39.40935,35.662868,10.548285,111.69649,0.236168,2.073599,0
77.683307,237.26467,340.138531,35.415715,491.738082,349.199216,0.514242,0.90904,0.821967,57.840246,297.435371,27.041797,100.0,42.766284,60.002042,5.0,5.961169,114.910906,0.32795,0.146424,0
127.753139,303.472205,370.735447,19.900622,794.972114,136.415258,0.438891,0.836626,0.710012,94.782265,1013.267113,11.983782,100.0,22.075661,46.716119,31.464184,10.657833,110.794563,0.247523,0.006321,1
153.58732,297.549927,580.551615,31.893653,252.480162,86.721338,0.499384,0.227051,0.239352,342.178182,370.474209,19.730419,100.0,46.239117,34.733375,19.55471,15.430487,117.327941,0.256875,0.085563,1
255.182667,367.523406,879.245269,7.052066,419.153001,145.241812,0.819592,0.68807,0.766283,85.449177,328.009081,29.547505,100.0,27.808016,43.014549,28.536573,13.522855,175.367555,0.35803,2.517825,0
86.360449,132.773289,288.409299,49.220064,1222.367146,108.481867,0.279644,0.352974,0.367928,71.781242,328.01779,24.963449,100.0,43.844722,50.262799,5.0,5.141923,80.207442,0.135587,1.044603,1
8.073993,136.771707,173.982896,10.578928,1224.674557,242.595656,0.242946,0.911368,0.756328,285.88794,121.190542,24.973088,95.097091,40.16236,57.42721,5.0,0.800895,81.325478,0.1173,0.276683,0
98.526801,191.761544,213.835502,21.981167,375.212587,228.408034,0.353351,0.0,0.054752,93.99021,163.764488,16.808193,100.0,18.713577,14.825621,60.0,5.146756,105.167491,0.181486,1.338926,0
7.312048,64.811558,264.218137,36.09241,1238.060968,9.843447,0.322063,0.68404,0.697915,33.875722,47.276848,18.868706,100.0,16.495468,39.379157,54.710542,6.583634,125.805742,0.170268,0.115603,0
107.785774,215.075824,268.982584,7.363632,1127.151653,184.076336,0.328282,0.349935,0.252517,50.814234,782.63289,15.846322,100.0,33.854437,52.834564,17.940935,9.618642,91.778079,0.225149,3.009531,0
75.447857,257.916201,302.604775,9.362429,1654.943127,13.031888,0.305906,0.01996,0.013522,398.546825,450.057942,12.671476,100.0,26.653921,27.974285,45.86659,0.0,109.933852,0.170476,0.595471,0
147.597409,172.69698,273.745392,43.2864,1184.568221,243.850776,0.39917,0.622865,0.653892,469.364986,777.292542,8.649109,100.0,39.286474,34.206533,27.728157,8.794129,88.368129,0.220614,0.561745,1
47.476408,93.659198,371.910171,8.94774,1429.290527,336.890999,0.452952,0.514011,0.453567,781.987428,169.525522,36.499797,100.0,29.429606,63.595664,11.528991,7.095165,83.607564,0.217345,1.274202,0
78.428288,244.428152,508.109659,31.239558,1138.538795,326.695636,0.348074,0.594309,0.632467,66.994238,270.388574,19.627591,100.0,22.449338,41.067871,37.187043,10.829019,89.244229,0.18536,0.660141,0
99.832858,137.492251,426.710312,23.62826,1389.964555,74.05636,0.284555,0.640457,0.602271,205.106834,48.863268,25.69876,100.0,35.810165,25.32066,33.201082,10.805883,63.602161,0.194146,0.043328,0
3.036684,219.368026,348.641794,17.544367,256.441422,267.352253,0.363181,0.334407,0.527545,106.545562,18.872293,30.756321,100.0,10.0,14.522568,60.0,0.0,113.245123,0.1,0.876382,1
96.285681,180.560491,316.667479,15.382839,839.127771,285.50375,0.466235,0.387388,0.527499,151.293165,618.665641,24.897801,100.0,17.390735,35.52976,47.286755,0.0,134.481953,0.310164,0.685923,0
34.35579,176.862651,529.628991,46.987621,880.508616,311.172312,0.666849,0.544297,0.562993,300.632132,58.440624,23.419262,100.0,20.595948,27.919084,52.190535,7.662494,147.12386,0.305673,0.314298,0
88.637916,249.960104,399.395334,57.334821,778.125027,93.455521,0.515781,0.554182,0.447443,274.740978,486.975487,26.15006,100.0,10.0,57.506348,32.4347,14.775083,121.961091,0.211572,2.395846,1
5.433701,102.910444,168.979302,12.709886,1121.943315,162.300545,0.228566,0.259584,0.272693,7.732126,44.800565,36.284489,90.146157,35.992659,25.524549,37.86309,3.670215,65.566183,0.102824,0.045028,0
111.672181,339.701289,444.910508,57.782467,1217.189827,79.741594,0.624664,0.295504,0.299675,91.785906,7.960759,24.332848,100.0,22.599604,51.662371,28.168021,8.317878,153.075379,0.302117,0.197062,1
104.668047,214.500613,506.713113,37.711938,1096.128539,8.751405,0.458457,0.470953,0.450971,127.345886,352.38968,15.246267,100.0,34.589599,37.007326,28.883545,2.042534,136.763448,0.1,1.248393,1
142.917793,260.785371,502.60194,40.291322,811.528059,237.244546,0.493109,0.800492,0.833425,293.533799,326.041054,17.404644,100.0,40.208854,30.035696,30.471825,5.134467,134.918962,0.31583,0.59884,0
10.915035,42.613806,207.551752,44.045951,532.13496,155.326902,0.134326,0.56774,0.69647,67.81667,75.734477,18.305666,100.0,45.942151,32.724253,18.816894,1.220715,72.393438,0.1,2.410242,0
250.126137,549.830181,600.355722,43.726539,1448.593037,89.322077,0.575769,0.777221,0.722127,305.282157,0.459915,22.793311,100.0,40.778404,57.446336,8.785375,9.838735,157.635353,0.346435,0.745652,1
18.338655,201.110347,441.676691,50.089611,1074.866408,304.957421,0.389253,0.48054,0.459274,12.708441,408.394015,16.750811,100.0,14.376395,50.004285,39.613044,2.992086,96.521438,0.245489,0.027098,1
77.982983,120.338776,264.535772,31.590776,390.693071,178.44503,0.478642,0.563073,0.535654,303.270024,34.602988,20.403721,100.0,22.070632,40.942298,40.073203,8.101913,108.836181,0.242764,1.044665,1
50.20101,82.231598,147.561215,34.334722,803.156229,358.076764,0.359527,0.302115,0.391269,47.998571,31.062209,22.974967,89.500754,12.881539,27.681594,60.0,10.321803,69.781578,0.244136,0.121104,1
61.192984,135.762438,423.512034,22.810485,100.0,285.608818,0.466313,0.521835,0.399714,417.965002,647.458301,29.882559,100.0,21.907147,49.225667,29.361391,3.541736,117.171566,0.211402,0.271919,0
224.984949,307.195101,457.05004,10.789168,917.685307,312.916032,0.535187,0.789923,0.824285,35.851374,332.621393,18.577521,100.0,48.122436,39.349622,15.647043,5.846569,122.246257,0.252502,0.544763,0
21.568322,124.660617,317.692898,41.555211,800.810029,278.39961,0.309618,0.593001,0.478565,17.032746,255.168331,27.500517,100.0,35.278847,30.740386,36.580765,2.65876,59.881518,0.279188,0.458451,1
200.81408,419.777193,805.825487,6.848548,612.766525,38.132964,0.531287,0.462271,0.631042,328.697202,123.759634,25.394617,100.0,42.943053,22.753566,34.786678,14.12141,175.48938,0.297284,0.044356,1
124.035496,350.654615,576.937846,20.159928,1692.300095,23.41044,0.514151,0.04977,0.083884,210.619074,96.106526,28.089697,100.0,17.304706,28.377666,54.159361,1.615702,152.240746,0.302163,0.577693,0
67.166041,246.918098,521.319554,10.182643,321.92294,329.428358,0.617918,0.453957,0.332124,165.958994,705.711903,9.628914,100.0,29.732044,20.29316,49.993287,4.573088,145.788806,0.294822,0.25405,0
66.592084,82.342991,266.849281,15.489994,1253.196476,49.750988,0.370638,0.651294,0.662682,137.297643,115.918066,13.194691,100.0,38.5709,24.339054,37.740026,0.0,97.2983,0.16465,2.468909,0
104.998003,378.298425,687.882391,40.1302,1993.35408,140.841414,0.645493,0.529502,0.725938,394.767882,82.528565,14.762107,100.0,20.915023,80.0,5.0,0.0,166.650195,0.297918,0.139972,0
46.993743,243.116381,320.91381,39.566215,1438.633952,219.567964,0.446727,0.435668,0.512461,124.22462,143.437073,32.03426,100.0,29.537738,10.0,60.0,3.786205,109.55733,0.177086,0.056638,0
55.587131,206.904588,257.410826,28.15802,884.230609,76.283406,0.271716,0.660121,0.637694,69.831727,18.453191,19.261906,100.0,42.398779,51.752611,9.483585,5.202139,107.370913,0.100332,0.675456,1
77.625873,162.861176,234.013245,9.959459,332.96568,81.102616,0.18475,0.554405,0.439556,632.308131,213.435111,16.900222,100.0,43.011701,45.513791,9.865973,0.511087,84.959844,0.147047,0.389267,0
184.807991,327.622651,464.452428,28.835565,218.968912,167.846883,0.568744,0.392272,0.415285,84.155711,133.488775,23.223622,100.0,37.814292,12.311587,48.434547,4.177553,150.509152,0.241018,1.378085,0
60.451994,87.695385,361.892044,24.400968,694.224153,129.922233,0.346426,0.632481,0.544849,151.611538,1500.0,36.30978,100.0,31.567165,50.869494,15.609699,0.0,59.491789,0.223415,3.151853,0
9.239162,147.95806,272.886554,44.625253,556.499633,243.56724,0.434615,0.61241,0.580816,64.770016,62.79429,19.849748,100.0,33.2077,71.035393,5.0,3.79051,79.482166,0.201294,1.221582,0
80.298504,270.232036,539.289672,36.846463,540.226546,27.02743,0.35863,0.347788,0.380736,50.630138,202.336577,19.94895,100.0,19.715352,37.623701,39.293509,5.356114,108.945834,0.11588,0.303841,0
63.611222,188.904122,388.694792,32.036117,736.843272,175.953121,0.373436,0.807847,0.744884,88.920169,192.186091,29.69069,100.0,52.668128,52.675315,5.0,11.119144,114.748523,0.245331,0.997375,1
37.480985,121.914805,687.587191,31.784015,848.876454,62.73357,0.744167,0.976838,0.9,625.250554,256.22712,25.388285,100.0,17.842986,35.481794,49.817457,8.196435,127.578191,0.372128,0.216102,0
90.628866,322.881178,526.365867,58.146329,1142.605974,218.421003,0.596797,0.449498,0.472491,217.35609,215.25973,23.914896,100.0,46.251821,44.508766,6.086839,7.618885,158.685897,0.314462,2.633501,1
38.747232,423.286379,538.755855,46.596182,281.10189,41.836785,0.535828,0.42227,0.479824,538.27049,2.784687,21.111402,100.0,10.818453,10.0,60.0,0.572033,134.514296,0.247157,0.064646,1
59.166531,208.822062,460.778405,32.333876,558.878102,71.147472,0.520394,0.513587,0.642957,91.885042,106.022232,25.677273,100.0,28.996134,37.978634,35.291023,0.448399,125.767389,0.320363,2.346883,0
77.914055,265.320576,455.598258,31.357244,820.163959,289.400034,0.501274,0.800564,0.767143,107.751046,437.447505,7.750832,100.0,36.147927,38.138409,26.907961,7.657961,119.593991,0.249192,4.042961,0
84.279918,183.736209,261.666029,6.456351,802.257403,84.660116,0.173512,0.431001,0.477108,292.651125,109.734343,25.557804,100.0,23.967885,30.893895,46.958666,13.130962,58.535812,0.145528,2.279775,0
96.496349,169.917125,333.229665,56.838009,1818.211854,265.343522,0.346883,0.831927,0.790143,114.395946,174.502825,16.389175,100.0,15.457312,61.351476,24.856479,6.981506,86.586446,0.226597,1.142863,1
107.272475,304.850399,465.826627,22.554568,1016.123296,98.302572,0.518692,0.450158,0.426738,98.554152,1275.839433,32.671692,100.0,22.920893,37.16424,40.565945,0.0,136.745153,0.199087,0.183522,0
76.548071,404.07596,571.539117,19.07665,100.0,84.609902,0.63643,0.583858,0.555685,127.936951,155.834128,30.189113,100.0,29.241104,35.480892,31.935686,7.463978,177.703864,0.302493,0.684964,1
12.43133,72.61624,154.764697,59.967491,1109.090681,107.695722,0.225038,0.553092,0.566232,524.484707,45.515351,28.499053,99.975771,33.824697,32.026765,34.459296,10.677962,52.863905,0.15423,0.168934,0
86.753417,130.325921,646.540009,44.527932,1172.831861,317.135514,0.594363,0.181872,0.283915,356.16259,33.820749,35.811569,100.0,30.653749,31.001043,36.51446,8.106957,117.32204,0.313948,0.668285,0
140.073209,208.67094,263.846063,7.605008,837.435986,142.979637,0.190819,0.580317,0.542494,724.285162,89.287464,39.859987,100.0,33.362778,35.638778,33.556619,5.289847,78.169589,0.165682,0.07023,0
8.881357,66.502236,456.981438,8.403701,293.301663,87.753791,0.563712,0.541814,0.474775,264.847849,126.274109,23.879433,100.0,35.654779,33.369421,29.078626,0.0,119.361891,0.337071,0.055453,0
12.604286,256.123689,435.058601,6.402586,1779.027348,193.190211,0.534085,0.933162,0.747155,51.3253,281.942566,24.148705,100.0,39.366237,44.998574,18.711004,0.0,111.664166,0.345585,1.134923,0
32.912373,258.407137,351.913954,37.979039,365.058043,138.830908,0.49785,0.305945,0.353462,158.151231,151.132745,28.230322,100.0,26.911863,46.816857,26.643617,6.75168,85.108674,0.238668,0.756618,0
133.690535,199.865517,666.87888,8.936048,1230.386103,284.471107,0.55901,0.521822,0.605608,385.937314,29.013321,27.616434,100.0,35.730303,61.290686,5.0,1.852754,105.589874,0.179709,1.148766,1
31.029325,151.400956,165.972939,56.33636,1000.025265,356.560423,0.253278,0.709587,0.802983,584.73122,157.303743,9.606103,87.547857,19.056755,30.86179,52.087719,7.567087,64.96368,0.1,0.604976,0
135.094948,179.509296,272.124512,56.52986,1200.405275,189.566799,0.262079,0.67529,0.679291,170.586513,77.285627,22.224582,100.0,14.283368,21.966801,60.0,5.598082,76.536139,0.227024,0.038236,1
82.571248,178.983411,334.923871,35.032974,1753.428962,162.629603,0.38933,0.716589,0.652368,457.552962,179.93164,18.463628,100.0,26.870546,40.559667,35.334848,9.771655,109.589415,0.164525,3.24252,0
40.393061,82.952045,185.669094,38.915141,1180.819436,123.492743,0.548485,0.631458,0.560189,70.927026,343.678552,26.335533,100.0,60.0,40.955563,5.0,3.60891,89.647487,0.255685,1.08485,0
300.0,385.299876,554.129187,21.054192,620.667886,350.401944,0.661374,0.802294,0.676784,48.064947,111.459436,26.56353,100.0,31.851081,53.019901,17.392102,10.03225,154.550769,0.362775,0.143718,0
18.695178,62.196604,323.309824,8.51849,1452.996138,173.981979,0.29925,0.485858,0.455023,210.685772,122.53866,23.951055,100.0,41.241808,15.840076,44.425383,4.368553,94.119955,0.195709,1.113972,0
69.666521,300.665752,367.642663,45.560324,584.450275,64.07887,0.387233,0.273858,0.369819,464.734248,418.198463,19.658491,100.0,45.049911,36.782232,21.109195,11.186856,99.748011,0.325957,0.617405,0
27.340135,150.800775,361.546899,10.598229,981.779006,348.917726,0.371107,0.311466,0.292282,185.005153,174.422166,20.595906,100.0,28.572645,56.464549,15.545499,5.997723,108.264774,0.255172,0.664817,0
89.990462,226.742256,503.877177,9.70567,253.458196,345.917565,0.540686,0.593953,0.761884,68.29936,356.745074,34.906283,100.0,48.343134,52.185195,5.0,4.810531,137.078332,0.241202,0.134698,0
28.670043,88.308512,161.340461,22.117271,383.359386,156.861019,0.1,0.706368,0.734074,30.201441,108.574352,9.375281,100.0,37.445239,56.851838,6.566258,3.97828,63.770975,0.1,1.017024,0
45.917289,122.93797,322.649865,5.685611,925.693335,125.346965,0.406623,0.609441,0.643405,484.137523,80.350985,40.0,100.0,44.007381,32.306203,19.339697,0.0,83.721868,0.268896,0.552148,0
34.47639,150.929625,310.910606,28.871959,1084.043354,244.957481,0.152513,0.721661,0.684852,281.782984,256.274172,35.101248,100.0,34.164983,10.0,56.444219,3.373536,58.037676,0.117077,0.719401,0
54.226938,380.595945,465.717655,43.92245,100.0,298.412687,0.32859,0.475344,0.440158,572.577939,10.222833,22.898982,100.0,34.778984,41.969217,21.065878,11.698133,100.776047,0.230023,0.233585,0
139.09695,245.7652,337.095293,49.074191,1148.643684,179.471568,0.586698,0.30302,0.362171,172.569652,546.873679,27.765105,100.0,47.678517,45.467703,5.956622,8.925961,151.499822,0.375289,0.757313,1
15.676824,274.748553,366.878635,38.236902,490.285512,119.092677,0.375771,0.643843,0.70062,101.811888,739.910746,23.217855,100.0,26.638027,27.404473,45.98824,1.5783,103.83071,0.150244,0.296493,0
31.559794,113.313729,241.541984,51.578081,1539.844008,108.501844,0.447935,0.587879,0.582723,301.135761,74.663999,22.885331,100.0,35.6556,43.667494,22.488305,8.957909,98.546523,0.185347,0.431133,0
47.74704,158.331023,287.826267,27.357621,724.017786,117.575542,0.263636,0.583866,0.545751,129.78546,94.956769,21.168993,100.0,33.058974,39.841614,26.270876,5.340873,38.663257,0.1,1.271898,0
56.216936,276.52581,675.823342,51.682465,338.188865,42.491858,0.464299,0.872473,0.813619,161.096791,380.562793,19.874255,100.0,33.536773,14.361141,56.934663,0.0,93.250628,0.173339,0.387925,0
176.038084,349.623224,570.34171,32.856032,937.902279,280.303357,0.479722,0.512137,0.550995,265.318696,635.204004,28.157258,100.0,39.716225,54.501644,6.333703,4.772929,142.483105,0.210049,0.791646,0
33.07351,89.866096,314.79391,17.266987,441.882499,37.785551,0.636375,0.508467,0.512399,136.275048,38.732244,18.698335,100.0,35.732212,13.804469,50.070314,0.0,138.456103,0.287606,0.109597,0
134.592867,273.676552,466.749468,56.928011,1534.472571,143.393218,0.355669,0.550451,0.633791,5.115705,590.416335,24.268478,100.0,31.36178,49.307216,22.629698,4.709443,103.88898,0.179611,0.034563,1
192.383888,337.552886,541.264856,20.123398,900.265104,300.579601,0.737724,0.512114,0.594405,5.0,50.072079,21.478738,100.0,50.681762,23.666363,26.831177,5.115552,200.0,0.347445,0.482302,1
59.362494,220.826469,455.686012,6.441082,824.161688,145.478122,0.521854,0.530083,0.684731,425.534138,745.607227,35.641732,100.0,36.444894,40.834184,18.744432,5.955491,116.531849,0.248818,1.089844,0
25.430484,85.973667,162.408314,18.347072,1195.900509,106.114247,0.250031,0.423456,0.474069,235.051824,66.670082,30.423657,91.08845,25.177601,39.529615,32.281114,0.0,77.303613,0.21412,0.179942,0
160.064985,197.464881,362.304584,25.167816,397.52628,341.371341,0.333099,0.857215,0.754907,78.093526,132.748477,19.464544,100.0,32.304561,39.478376,33.700966,1.913947,98.730638,0.350476,0.033004,1
126.12167,395.162896,489.433779,24.324233,255.423172,45.555751,0.425897,0.759319,0.645964,478.650361,74.396347,31.725631,100.0,32.258381,55.361328,12.680145,9.306129,139.067203,0.221169,0.46931,0
22.878753,411.620748,732.38777,33.856713,1104.17579,318.547405,0.778939,0.632063,0.586671,29.220633,904.602891,26.274811,100.0,26.123051,51.515103,22.513431,3.942535,190.321581,0.328104,0.535515,0
214.049041,373.187271,493.264616,53.571979,350.164646,22.347648,0.651202,0.739599,0.659151,214.932112,41.489483,30.599657,100.0,27.26873,25.554261,51.266941,14.010258,138.194807,0.266819,1.242979,1
36.159367,114.679624,351.491566,21.078602,349.994923,148.870589,0.418397,0.944349,0.879549,55.955449,218.951442,29.625249,100.0,30.920458,38.847514,30.501013,4.399559,78.644507,0.144512,0.949701,0
58.587235,301.373548,565.525821,33.642383,1318.378016,227.41958,0.654654,0.874856,0.86098,130.685135,99.900884,15.296278,100.0,37.695639,47.609556,13.933373,20.201545,147.205455,0.278477,0.367896,0
110.845364,162.451961,374.716295,23.707642,1162.532055,133.213818,0.37595,0.434122,0.629006,398.119603,32.021803,27.346754,100.0,19.710817,46.680635,33.951162,5.301252,103.308828,0.217624,1.089924,0
195.938208,250.925457,448.817118,50.197518,273.085229,192.458312,0.698803,0.758598,0.577348,52.590276,571.501581,23.572013,100.0,38.41338,46.612345,14.227344,6.553036,178.357336,0.319373,0.382888,1
85.934792,367.168508,545.38407,13.668083,590.431979,73.4406,0.587435,0.807005,0.823583,18.893701,23.550349,35.593864,100.0,29.877652,38.963676,31.18285,5.588691,155.974063,0.372068,0.315836,0
53.413434,420.479101,692.66942,10.693065,448.134222,204.852426,0.892089,0.738543,0.755527,39.339392,218.429024,18.351466,100.0,20.186515,51.771466,28.653519,2.281167,190.546083,0.415316,0.060216,0
46.81575,118.28883,218.042644,32.664739,1788.159649,48.441138,0.188816,0.347951,0.23109,438.615979,265.215673,28.244555,100.0,37.833734,50.477416,13.261052,6.288405,57.783101,0.205993,0.136429,0
53.367821,112.685729,335.607643,41.953817,1353.005214,286.594674,0.380765,0.279301,0.266521,12.717606,306.468723,16.647146,100.0,35.556476,43.68082,20.382711,4.501504,101.758306,0.192214,0.557664,0
300.0,408.273507,450.530516,48.753886,689.577577,210.164369,0.5901,0.542147,0.340697,304.43333,177.517411,36.974394,100.0,38.446736,34.616304,27.082341,17.233256,144.983873,0.208397,1.316853,1
95.546621,142.85316,258.890867,37.429367,1188.097345,173.495561,0.334259,0.805752,0.872234,375.467564,12.353005,27.41393,100.0,44.330484,64.412714,5.0,11.538144,95.402875,0.236965,2.193517,0
76.798661,108.976042,235.77172,47.561737,221.906907,19.680046,0.35218,0.785843,0.702931,172.541205,112.400752,20.809604,100.0,52.309882,33.086954,22.030791,4.357832,54.371015,0.247366,1.004161,1
127.099409,160.418994,220.041548,26.599053,563.676924,179.918761,0.189257,0.598916,0.61854,167.8464,36.359769,32.634532,100.0,33.066281,23.85765,44.698271,9.384335,47.456283,0.1,0.422693,0
56.686336,192.949239,391.062391,6.807722,952.431633,202.884995,0.391854,0.836639,0.828607,258.722115,603.728784,34.577698,100.0,29.182642,33.131838,30.171734,6.9566,106.027331,0.11958,2.475305,0
188.643174,292.158365,396.792841,11.385462,1126.115375,95.640305,0.349742,0.472209,0.542669,13.108453,409.643748,26.413198,100.0,30.853236,40.724543,28.176321,11.192823,134.227596,0.117379,0.136564,1
101.864991,320.661614,681.472579,7.129743,851.270437,243.932523,0.670699,0.412136,0.462515,33.536894,373.856081,22.772564,100.0,28.301057,33.08713,34.992675,0.0,143.940862,0.364228,4.577145,0
52.25027,334.088083,484.844337,23.091901,1024.006755,27.635454,0.493278,0.528257,0.425029,269.678936,447.877795,16.970802,100.0,26.176713,24.659296,48.361036,6.101287,136.28617,0.258408,1.180777,0
43.213205,197.781137,457.987331,32.252024,939.16823,75.128069,0.436385,0.395298,0.353863,395.101763,273.815989,17.897353,100.0,32.388727,36.227279,30.700164,0.671746,126.723199,0.226434,1.24277,0
10.566738,57.914643,382.858632,24.597462,818.211299,265.517466,0.488664,0.444607,0.410743,68.397215,168.670535,16.215835,100.0,15.400068,55.966867,24.033053,1.443545,106.207155,0.287083,0.334131,0
138.84444,155.994571,396.380824,35.832971,751.927204,52.999999,0.330406,0.587687,0.718279,16.630832,396.345008,30.768904,100.0,41.420023,16.224874,47.962601,7.860565,85.354556,0.182832,0.379103,1
15.463486,98.551923,234.969728,31.433503,686.867564,88.397575,0.1,0.36143,0.48977,406.066742,150.200898,31.066495,100.0,36.127254,40.317335,24.119551,1.610398,66.204449,0.1,0.251271,0
180.961346,255.949335,433.60616,42.286854,1015.968754,234.307925,0.411408,0.064611,0.138428,164.972062,112.620229,17.308505,100.0,48.899804,19.992656,34.330028,9.033666,89.386989,0.193656,0.752648,1
30.758089,80.209328,140.198716,41.682919,1105.407795,262.383013,0.434409,0.240102,0.271783,805.288825,5.273801,31.302248,99.845571,22.751909,20.324591,55.011058,8.602426,62.04883,0.374563,0.51963,1
34.661195,186.147283,449.044396,22.493528,999.179584,18.536132,0.532678,0.524164,0.532384,76.504698,456.474461,22.036867,100.0,48.026284,11.405107,40.574354,5.160485,97.975731,0.328263,0.209728,0
250.275123,409.660238,988.937566,24.041795,310.701475,45.572189,0.855973,0.696567,0.67126,5.084565,68.140973,20.348974,100.0,42.651917,38.022535,21.596458,7.566699,163.476505,0.397529,1.409206,1
131.133548,264.110149,572.925212,37.18313,400.536074,160.602482,0.63149,0.736002,0.654215,5.0,124.167456,26.681979,100.0,21.778143,10.0,60.0,8.100183,128.134259,0.265195,0.750566,1
75.210146,454.459531,586.68322,37.803786,1099.440903,213.40618,0.585266,0.679596,0.561977,125.754308,22.303164,23.394131,100.0,20.199605,40.086377,47.607268,6.891529,151.133478,0.307736,0.367444,0
233.811505,268.369531,409.40376,22.308495,1635.83665,163.361244,0.486756,0.3732,0.35765,269.643679,77.168729,12.954017,100.0,35.916999,35.674343,32.189457,11.201539,111.513029,0.304263,0.139805,0
64.093934,151.078947,468.069137,23.167484,976.207731,232.945197,0.585932,0.081855,0.149528,562.465075,56.886945,21.673151,100.0,38.63533,45.135539,16.967722,0.908391,86.560484,0.305873,0.728051,0
45.260692,152.064034,220.155475,43.172476,694.165794,272.157446,0.306483,0.254018,0.195657,37.669827,113.256793,15.509357,100.0,40.898724,10.0,47.42919,4.549524,77.279011,0.187489,1.004273,1
81.012989,159.59001,268.084403,40.607595,1012.170228,341.835785,0.339927,0.533625,0.518885,570.399085,117.112735,13.322722,100.0,25.315921,10.720909,60.0,6.437311,85.855866,0.181319,2.02016,0
145.953848,216.807786,332.119803,12.427794,331.589289,125.957057,0.530952,0.885774,0.848436,64.712502,770.921243,20.00971,100.0,58.619074,31.417644,5.0,12.349769,131.599158,0.322628,1.639988,0
19.845107,197.304575,237.088383,29.257303,1554.471578,58.717717,0.355492,0.712063,0.615581,59.997982,76.757159,23.268533,100.0,19.892589,37.556514,43.777946,0.919174,109.776329,0.205762,1.114995,0
33.894808,95.138103,325.537873,54.098834,993.297072,95.070242,0.396191,0.349497,0.380503,85.418033,123.733273,15.655093,100.0,45.080918,53.649438,5.831839,7.228376,99.002612,0.208676,0.191759,1
26.077473,78.493507,212.097347,6.996812,565.271393,53.3392,0.284504,0.959371,0.842878,115.13052,504.281603,24.227902,100.0,13.123884,35.233099,47.413989,0.652547,30.321029,0.17107,0.595554,1
21.809775,180.415131,314.831426,52.034017,816.602267,141.928431,0.311017,0.326222,0.440199,393.983867,384.247097,24.363019,100.0,23.621482,24.74538,50.005566,1.602738,73.926903,0.15991,1.014599,0
58.548176,214.194505,406.45352,13.974799,636.481884,314.124216,0.320932,0.448137,0.389858,289.270373,611.414204,28.080568,100.0,41.968968,56.050853,5.0,5.579861,81.805964,0.202295,0.501487,0
21.311868,51.189079,103.513479,32.898675,1555.834988,124.941563,0.255026,0.234027,0.28609,387.756486,71.65656,22.672138,87.451481,51.464961,27.812835,24.257495,2.027633,46.420555,0.1,0.325282,0
8.848736,229.957051,396.800201,28.338504,798.879955,53.576173,0.564939,0.697124,0.679155,760.62647,167.472995,28.20544,100.0,44.564933,13.926785,43.152815,7.69174,151.440462,0.248467,0.522383,0
33.627021,372.710071,424.275752,5.557114,977.682873,188.147838,0.503418,0.622734,0.596429,394.893689,66.780761,28.728711,100.0,30.451916,43.238097,24.633454,0.0,126.284944,0.218627,0.759185,0
31.527031,53.444519,283.500353,55.346832,1186.863228,357.099774,0.397569,0.305553,0.333614,801.071993,70.044816,14.539202,100.0,19.554876,38.176864,42.285702,5.786547,69.827761,0.255605,0.459956,0
97.398388,276.035315,618.880961,30.020888,529.616698,67.745239,0.537339,0.415303,0.466605,516.122044,77.107595,34.436591,100.0,46.24428,51.572178,5.0,7.076889,135.720462,0.28759,2.003189,0
136.66283,264.569574,526.63165,57.484755,996.854733,280.034983,0.488017,0.684886,0.752849,29.069657,95.657328,31.317748,100.0,30.298212,21.137532,45.134947,8.911379,96.178587,0.372201,0.046708,1
38.768517,157.677253,274.283757,20.770915,1037.217785,296.40922,0.204959,0.845262,0.822305,365.578941,459.80159,22.12904,100.0,48.18921,38.707837,9.953897,0.0,51.897693,0.13968,0.377279,0
34.266504,264.298764,508.702941,52.645168,122.960589,144.481804,0.507446,0.601457,0.550714,666.449296,761.207529,18.093866,100.0,44.858485,27.097577,26.663079,0.744528,128.399258,0.295088,1.725365,0
240.561137,366.730336,514.172371,55.731427,1026.348244,223.038518,0.635367,0.653303,0.507655,248.553135,48.106844,29.050265,100.0,38.073934,41.952091,17.385741,13.368988,137.420985,0.203207,0.586527,1
133.003846,255.590021,441.338704,35.625783,877.118968,155.654442,0.405395,0.490243,0.51071,88.026653,83.009734,19.751087,100.0,23.347103,26.702928,49.648915,12.325029,131.763242,0.220725,0.374992,0
89.149677,164.342869,400.046133,16.147278,964.983146,94.437697,0.432573,0.728597,0.851426,158.680316,113.367386,17.499993,100.0,24.012533,38.202553,35.437561,0.0,110.31147,0.20023,0.111096,1
50.839074,288.23736,300.743488,42.688609,917.814857,153.402768,0.425877,0.701356,0.663559,443.468661,65.587883,21.83179,100.0,38.911181,56.421581,5.19448,0.0,113.985298,0.166509,0.026444,1
130.802882,159.556463,202.708908,35.193794,1029.584936,34.304449,0.393115,0.343024,0.482174,357.775456,56.667796,31.174572,100.0,34.0515,39.001443,26.797858,8.887651,99.02381,0.228162,0.23981,1
23.835571,224.635694,379.377388,56.949132,1568.671613,254.504201,0.257767,0.714438,0.5863,89.79874,1500.0,32.768228,100.0,53.114324,32.703381,16.128944,8.36726,59.929865,0.256883,0.610445,0
135.240446,194.090143,292.289601,29.159963,310.246294,298.509491,0.300777,0.351125,0.290486,216.506952,628.01445,35.162503,100.0,39.150623,60.591515,5.0,10.229071,83.819029,0.203192,0.379449,0
101.097785,204.903109,375.109592,19.768251,728.923832,110.663976,0.345015,0.425229,0.505907,74.463824,251.116468,22.490699,100.0,38.2282,35.808746,20.292057,6.990205,73.621078,0.128673,0.66198,0
116.191382,164.104598,353.755454,12.605785,1233.309314,203.931657,0.313022,0.462189,0.588996,34.992151,165.078086,23.000638,100.0,49.521447,41.727101,7.464688,8.04724,101.707962,0.1,1.284571,1
75.917456,157.751381,275.038034,43.424846,1140.462934,83.573472,0.295486,0.505818,0.574767,117.616757,53.008811,23.037129,100.0,25.472477,51.5127,24.552112,14.239356,111.438948,0.19267,0.890073,0
17.012367,71.644656,209.936184,58.576029,1129.702777,45.885762,0.1,0.858277,0.815788,122.238702,499.142118,20.118756,100.0,38.245553,35.103087,30.407357,3.479247,23.386335,0.1,2.039968,0
24.55166,112.542044,194.799551,6.558907,2276.788608,238.902683,0.22882,0.670085,0.731623,19.215275,189.606354,19.925591,100.0,23.124235,36.021837,44.456611,7.229205,57.920407,0.1,0.340286,0
105.350275,315.587787,520.464945,45.724495,1207.067762,48.278735,0.545896,0.517055,0.457585,353.02607,111.37982,21.372636,100.0,42.402971,35.884076,25.666847,14.677551,136.164411,0.303049,0.354429,0
97.150327,170.839533,452.8791,55.98117,1465.468898,281.512465,0.380634,0.737181,0.662138,178.726822,350.919844,35.252265,100.0,49.95494,42.994368,7.471091,8.269428,112.137348,0.278114,0.756218,0
42.692077,193.124692,246.993394,9.112984,746.463971,97.831638,0.261773,0.118985,0.164713,31.224455,25.920225,18.84069,100.0,34.66998,76.646762,5.0,2.37028,108.897692,0.1,1.508557,0
41.895963,109.423069,382.637795,11.059352,403.543813,294.664821,0.427198,0.615166,0.544479,15.70579,201.807447,25.309395,100.0,14.016987,56.604918,35.073653,0.984312,94.817254,0.278861,0.610369,0
162.784862,217.335651,439.551935,43.05764,742.841285,132.661647,0.485601,0.653389,0.55675,940.86954,162.265402,27.619186,100.0,43.72171,54.246382,5.0,3.282988,136.613988,0.215092,1.832167,1
68.11269,177.954784,438.628692,40.637986,1255.980086,132.783333,0.309392,0.823929,0.77867,139.873431,141.824137,36.71168,100.0,49.220731,23.680308,28.123228,0.0,86.107827,0.182866,1.789158,0
31.921194,42.235025,390.00272,8.785508,1103.413927,270.206194,0.501528,0.333324,0.289702,114.53416,163.619811,25.797066,100.0,24.424944,31.20483,46.114555,7.474256,93.562429,0.307657,0.828831,0
181.914726,252.349303,369.797992,50.893251,1101.625685,183.695679,0.486759,0.500824,0.545809,50.894725,496.583035,22.327643,100.0,25.254115,47.230425,21.862974,7.785462,95.369965,0.208416,0.739054,0
169.995005,411.562805,728.155815,33.788312,792.827807,72.351874,0.644689,0.620563,0.458107,231.889064,39.927747,18.104302,100.0,43.386283,10.0,45.323968,7.465899,147.570574,0.300231,0.510567,0
68.009649,212.252963,563.511642,54.895856,713.098691,306.147077,0.74678,0.583397,0.661942,330.429644,658.125584,18.636796,100.0,22.45277,25.286804,44.510491,3.081368,153.157566,0.292459,3.312349,0
79.927181,185.331296,244.843076,53.289498,810.071378,122.455155,0.3537,0.598106,0.633519,45.85466,210.587806,23.931256,100.0,20.350266,57.189335,22.289478,6.598469,85.076541,0.220051,0.441859,0
133.345266,231.765272,421.857287,49.687927,1262.237725,36.999634,0.489706,0.847108,0.772024,175.401778,457.046865,22.155065,100.0,22.717136,54.853761,19.88407,12.681514,157.451501,0.273767,0.782657,1
111.118106,321.382861,506.587718,33.374439,1320.363714,149.760376,0.598906,0.721707,0.751797,6.124809,5.635597,23.647319,100.0,27.691721,42.49655,25.039377,4.041733,146.196876,0.21662,1.910561,0
16.3329,84.15998,448.608828,18.844085,396.879175,206.626235,0.378018,0.324213,0.348221,223.724008,238.559953,27.483266,100.0,40.840844,49.322966,11.229788,10.778418,81.38412,0.170828,0.418112,0
186.197946,270.935645,944.884479,32.828653,1281.17128,219.55872,0.867808,0.551437,0.660333,164.176299,278.496179,20.076824,100.0,34.37068,73.168419,5.0,7.585749,154.376428,0.454104,2.225881,0
12.850685,23.76306,286.272498,10.544626,574.639385,300.818824,0.405092,0.845538,0.883079,33.123772,573.9918,26.25336,100.0,43.131672,33.962499,22.432794,3.002505,77.267653,0.251542,0.224951,0
96.425497,195.456722,718.894865,41.236538,1134.460826,194.906457,0.631282,0.99,0.80525,36.003031,172.715374,30.237032,100.0,38.937542,72.365226,5.0,10.832763,125.674704,0.310506,0.004066,0
20.617899,170.612791,272.997127,12.368747,804.017129,80.535774,0.296803,0.428866,0.457644,561.65695,28.522284,13.042133,100.0,47.495115,45.611839,5.0,6.382465,80.240415,0.232902,0.282053,1
110.956758,183.411805,430.837226,33.114513,1682.894275,94.199879,0.526314,0.660855,0.558534,155.883606,155.110414,25.057988,100.0,44.182104,34.957493,23.044558,10.180689,145.895374,0.223865,0.296293,0
35.448901,171.493687,339.185621,7.991009,690.962686,36.302612,0.419293,0.628769,0.668703,269.837243,105.194116,32.61695,100.0,20.448834,60.939912,18.787927,13.197706,110.130513,0.208414,0.72751,0
37.79932,122.244273,355.318303,21.473187,989.30592,264.932744,0.404114,0.322361,0.40762,198.199496,61.773426,26.52892,100.0,28.831003,25.631167,47.081261,7.427409,97.936533,0.176017,0.058838,0
127.766779,268.147468,533.427715,17.764425,1203.296579,38.138957,0.559671,0.698029,0.760377,329.988239,489.03627,20.245326,100.0,46.704511,38.912948,12.071139,6.562413,126.873935,0.199291,2.682678,0
20.605394,136.085984,429.838736,39.101735,463.020575,218.092548,0.447874,0.353255,0.295233,311.745927,189.774418,27.692678,100.0,37.105153,34.521893,31.598945,8.283568,95.345459,0.199485,2.927715,0
42.620899,101.699941,241.609107,48.273269,863.571472,214.901062,0.390645,0.0,0.142728,293.967487,126.315671,20.857724,100.0,26.859858,63.344095,9.869839,2.670906,93.533042,0.213555,0.432632,1
21.450764,107.509401,265.409995,8.151662,766.707558,282.781281,0.534605,0.589793,0.453422,230.581667,517.145434,29.305848,100.0,28.516268,31.960155,40.071182,3.391652,119.912108,0.295554,1.155308,0
75.267998,174.559368,453.981452,51.765603,643.093258,26.866692,0.515151,0.255096,0.216922,505.484389,109.100879,26.827801,100.0,42.191329,34.044476,22.581719,15.897941,124.398704,0.320776,1.25516,1
21.028976,118.61188,331.380466,52.342223,680.138499,73.048084,0.509876,0.459597,0.489504,601.03901,7.223549,35.45143,100.0,28.574833,36.997759,30.096262,4.120875,121.461796,0.262735,0.011638,0
90.164409,373.87449,483.761693,23.824799,1456.007299,327.442456,0.467527,0.0,0.020174,53.563279,419.787724,23.381551,100.0,45.097242,10.0,45.142164,8.424565,141.118658,0.27399,0.446856,0
168.403208,263.941998,424.791153,41.245224,600.724633,206.005259,0.392916,0.52242,0.564153,533.397019,950.660835,26.67239,100.0,30.309685,58.041246,13.487427,6.337935,85.243537,0.262721,2.134517,1
6.189506,250.897181,581.567026,27.143717,1183.203941,164.768477,0.515513,0.787122,0.695071,197.014568,260.686446,21.965934,100.0,48.927486,37.498666,13.047697,0.116757,126.620976,0.30831,0.468201,0
35.614986,81.473762,169.797432,13.480499,1057.297501,269.163456,0.152493,0.773777,0.9,97.51122,230.845602,24.650256,100.0,45.378792,31.400727,20.387187,1.306007,68.71534,0.102519,0.291548,0
23.646032,160.661907,332.863218,34.076433,201.509942,324.910962,0.35358,0.567593,0.572004,182.61417,187.932597,18.894691,100.0,26.22676,51.222433,21.316588,11.293194,81.397117,0.169413,0.581902,0
16.679514,194.956895,261.096245,9.749782,1159.584719,94.683469,0.410543,0.577928,0.487606,82.293413,56.833337,31.946091,100.0,40.975179,34.388906,26.294042,4.264728,88.694708,0.224635,1.045545,0
88.289079,117.32145,465.909086,53.315969,193.243395,324.531226,0.596316,0.0,0.136711,379.341779,399.490288,25.427664,100.0,17.3215,43.767302,41.392154,6.416284,94.47657,0.39203,0.067234,0
80.308288,233.197249,927.687612,55.835937,1214.045914,39.130065,0.837569,0.378799,0.429063,177.054825,330.574338,24.204481,100.0,33.015839,23.812839,46.011361,6.387297,155.118895,0.419165,0.631767,0
185.381331,200.510194,606.197671,50.188723,646.404178,351.965897,0.582876,0.129217,0.250294,153.309002,135.677042,29.465304,100.0,32.121954,27.544983,43.317322,8.703203,124.18971,0.26328,0.133809,1
117.770752,183.448099,306.404143,35.939047,904.183627,59.346657,0.360239,0.252067,0.355173,148.058399,247.403174,33.20131,100.0,13.565717,42.300363,40.976045,7.536634,109.225114,0.206937,0.112282,0
71.071847,179.435344,301.937891,35.667923,252.860025,95.845093,0.380057,0.479957,0.462634,958.577569,22.272373,37.640565,100.0,12.786075,28.597421,59.897665,2.321323,73.020748,0.22696,0.637469,0
85.166258,372.289297,709.548038,59.153406,961.191162,34.773818,0.761787,0.913721,0.861784,606.821378,428.009352,18.938333,100.0,45.327215,12.525717,42.76279,9.820461,188.942069,0.285579,0.619996,1
42.540256,195.845411,507.858118,18.634593,1363.475209,289.323542,0.491765,0.669968,0.702759,5.0,293.999641,28.192675,100.0,31.701873,60.848545,6.439519,8.17898,114.602467,0.214096,0.951992,1
87.418084,151.411457,592.856739,9.17716,496.517286,354.323542,0.583886,0.57453,0.694479,76.900723,10.582828,29.746179,100.0,33.794944,15.288338,45.539264,3.952487,100.31249,0.307142,0.589443,0
13.024468,220.224194,398.309411,35.906751,596.416457,106.911543,0.574032,0.383675,0.452934,35.496308,277.372782,23.48663,100.0,28.836458,51.676026,18.271085,0.0,137.77919,0.31709,0.035769,0
60.303012,96.881002,175.795618,23.083208,1127.310512,117.220306,0.221568,0.730344,0.69859,136.396892,262.775061,20.174294,100.0,45.939261,34.904946,24.444788,5.655244,72.845625,0.150377,0.207054,0
98.664561,118.447188,299.329139,22.728633,1139.809162,100.432765,0.296968,0.400975,0.403826,75.321165,88.768265,31.055894,100.0,15.536145,55.856537,29.638771,0.619418,79.800899,0.161141,1.487825,0
57.608847,193.213343,356.647488,5.389694,100.0,55.738116,0.394597,0.338526,0.432948,84.989215,359.786146,18.53838,100.0,41.314672,38.794993,19.315027,0.0,104.777397,0.236717,0.142545,0
36.957001,108.024676,716.158619,37.793168,1907.703182,283.479918,0.71655,0.643568,0.682602,482.359744,441.412347,26.476285,100.0,53.773136,36.280629,7.323761,7.916541,149.354481,0.28112,1.328622,0
73.71621,185.147581,452.733021,19.521854,1164.276742,21.859142,0.330735,0.660438,0.598051,356.291282,266.13931,19.832877,100.0,23.177263,45.573996,33.196551,0.0,90.731627,0.150307,0.136698,0
31.817507,67.710729,111.086361,15.33222,1248.459331,348.398687,0.150055,0.54764,0.53157,208.487639,23.896579,24.298686,89.17954,21.370908,38.63555,44.924214,4.019088,63.275214,0.278044,0.068184,0
54.642413,276.500595,550.585205,7.223756,828.229777,333.833589,0.609994,0.687294,0.770925,286.814836,34.293322,14.720021,100.0,36.272832,41.579813,23.957152,6.83865,120.69105,0.25462,1.46921,0
126.455979,334.294526,684.973827,25.039887,100.0,42.638071,0.882678,0.56558,0.545151,260.64808,356.358935,17.804266,100.0,39.172496,36.546739,20.704244,15.048793,191.304416,0.432557,0.585828,0
132.459675,160.915469,478.931251,53.343288,1237.361031,190.628586,0.454203,0.344608,0.389563,239.584106,61.63317,13.14872,100.0,17.907292,52.157394,27.059939,1.813564,109.895794,0.219846,3.143455,1
81.694046,126.538401,433.096373,23.516894,617.405986,357.426489,0.54462,0.507936,0.559613,390.686868,53.495082,40.0,100.0,28.081667,27.491294,40.972504,3.714591,130.751455,0.301422,1.295753,0
25.967732,272.166524,482.406647,42.349082,1171.965847,306.94293,0.527966,0.438565,0.428002,100.401679,234.01053,15.379528,100.0,48.714618,60.611515,5.0,1.873819,136.893715,0.311699,0.100563,1
50.112632,120.281978,278.403888,46.610083,790.599465,257.448141,0.452645,0.17914,0.266989,149.069646,277.805775,29.302016,100.0,53.065858,44.022042,5.0,7.999132,93.970322,0.160264,2.114495,0
74.827476,112.399448,187.646885,23.045545,1019.01969,8.08594,0.197615,0.461902,0.497129,392.212342,29.168947,19.460526,80.992163,30.217157,55.65188,16.30096,1.025089,69.87701,0.144835,0.035477,1
35.267096,156.341487,615.787789,50.19024,512.501809,24.61588,0.733738,0.7209,0.63714,659.050255,72.169276,9.732743,100.0,33.461267,27.182506,40.474969,14.774377,133.243865,0.277173,1.721047,1
221.855857,295.761129,548.327208,43.053381,1332.194471,285.846155,0.706285,0.669502,0.471933,21.734177,92.889664,25.586204,100.0,35.525889,70.046533,5.0,6.183501,141.660888,0.280898,0.769651,1
36.036152,72.211638,197.13508,35.758323,305.81048,135.520148,0.412026,0.110053,0.247119,49.627288,65.563424,39.481291,100.0,10.0,47.946919,39.835254,5.296807,87.844472,0.292731,0.143004,0
70.768231,364.277458,559.925281,5.054586,2022.784713,240.635476,0.718677,0.350051,0.420288,121.29482,140.211858,19.322265,100.0,23.726545,69.199207,5.0,6.128963,149.258438,0.291543,1.629633,1
138.671098,157.895078,233.712859,6.929992,2018.974317,266.105386,0.317743,0.5767,0.486278,61.16611,171.891204,35.065444,100.0,31.456827,32.688526,32.378965,7.621898,79.711123,0.155196,1.423473,0
197.220781,289.199968,483.706009,59.497621,1716.349793,151.986304,0.569645,0.573905,0.674348,275.419498,313.665215,35.817879,100.0,57.796328,21.383246,20.771777,9.652476,144.255389,0.311135,0.52773,0
25.387331,206.593247,588.357375,48.025616,1537.739493,51.61743,0.558146,0.393211,0.403436,5.0,701.354041,17.552321,100.0,36.674501,36.046024,25.829529,0.0,138.197195,0.420256,0.19167,0
13.521205,245.564892,520.410333,56.566089,857.725821,139.210021,0.320056,0.789257,0.645489,5.268708,436.421248,13.636881,100.0,48.05817,51.113813,5.0,4.746952,76.610988,0.170291,1.634963,0
80.911508,236.369255,579.689366,54.626676,1483.273353,313.577439,0.618323,0.630426,0.68866,123.383374,256.936557,19.293724,100.0,29.920834,58.400733,11.992428,1.084259,105.280176,0.257712,0.081155,1
240.59168,429.350123,757.082358,6.124364,851.911751,119.19088,0.72742,0.321204,0.34131,26.869608,32.135376,30.539937,100.0,36.949942,29.106191,29.002967,7.600054,157.607332,0.325831,0.193034,0
16.211573,184.954058,424.167106,48.551601,123.241229,22.553799,0.556848,0.280954,0.383966,131.639821,221.784129,11.89863,100.0,21.437253,55.717123,19.172444,6.530585,116.753544,0.310521,1.118606,1
51.772356,160.058983,325.456107,29.813016,1651.600707,345.28731,0.462835,0.886019,0.831116,434.977559,609.804776,26.968413,100.0,15.716088,44.178628,43.452518,2.802037,139.902867,0.29374,0.083898,0
86.561919,139.92993,281.710727,48.425701,1464.412231,245.043687,0.233237,0.618934,0.762046,533.402273,40.460648,24.582831,100.0,19.532394,53.58267,30.954304,5.251238,58.218282,0.1,0.051696,0
73.383414,150.558021,590.628081,5.369368,884.330446,194.708431,0.83595,0.705027,0.76033,856.271782,278.559173,20.052562,100.0,27.073532,20.388234,57.192886,0.0,186.578558,0.460836,0.23205,0
97.421153,139.666068,397.919124,20.850962,287.407871,298.478645,0.477045,0.637405,0.741214,517.797162,520.467543,21.039716,100.0,30.857619,26.038622,42.251397,16.052012,116.719178,0.275791,0.122612,0
177.54557,292.562412,538.800482,46.322808,606.899662,148.017844,0.429564,0.608096,0.633798,282.867625,36.395658,22.909178,100.0,24.862457,17.412542,57.492041,11.418719,112.855183,0.190238,0.814585,1
140.731196,193.305448,450.592065,48.616143,100.0,354.641686,0.368591,0.636202,0.487755,85.959413,185.147112,24.535388,100.0,10.0,37.863272,55.458261,3.530807,92.260072,0.197393,0.219052,1
50.766992,144.777164,296.601527,39.084303,1372.540426,308.726305,0.134336,0.768255,0.737371,742.682518,572.166029,33.848771,100.0,39.113251,53.998109,5.0,1.191087,72.340921,0.150496,0.070641,0
15.919452,102.533492,339.398777,21.56909,100.0,100.996107,0.464854,0.585189,0.566094,181.69086,33.47139,21.507772,100.0,21.997207,58.614304,18.750799,5.238853,91.510551,0.242935,0.791996,0
148.576144,278.094015,394.475769,22.069943,1043.415435,133.577275,0.382618,0.805346,0.781696,125.860627,163.333631,23.422536,100.0,31.45547,27.420636,42.400437,0.0,133.92007,0.206502,0.825178,0
51.626812,145.383671,278.597294,58.172018,478.153326,99.267467,0.252769,0.677531,0.679373,137.412786,371.886761,27.714165,100.0,22.916074,45.153046,31.110607,3.611363,81.452998,0.272254,0.010501,0
72.592584,172.765526,454.774242,29.15667,186.648278,237.362703,0.422161,0.616755,0.514043,957.064051,539.389419,18.059059,100.0,42.01554,44.984939,16.289343,8.792943,96.133761,0.254327,0.233719,0
130.268045,162.449406,414.961258,29.591905,1019.177547,230.159495,0.422656,0.554198,0.492296,125.530513,40.923191,33.636873,100.0,11.640693,10.296093,60.0,10.687273,102.122408,0.205206,1.76985,0
145.22633,209.402939,497.003305,35.378301,733.100307,188.102114,0.580018,0.195377,0.299472,80.756212,217.734124,18.999543,100.0,40.829962,42.929421,12.582363,8.751336,144.974578,0.265388,2.366212,1
124.76405,126.675277,439.939958,27.522629,1319.094553,347.702535,0.309503,0.735473,0.657487,66.489384,683.254028,26.826466,100.0,25.809456,10.0,60.0,6.487324,105.968557,0.274633,0.4157,1
213.317424,364.047943,516.954102,35.396936,266.197366,170.019104,0.432431,0.6136,0.594779,470.209101,73.445565,22.41139,100.0,27.035221,36.368442,33.901278,15.665644,127.38949,0.249295,1.088245,1
66.275866,148.950584,334.319865,28.778448,521.342677,282.140062,0.430675,0.243014,0.206621,409.980479,12.259745,24.027657,100.0,31.055435,27.614558,44.478393,0.717772,92.647013,0.177293,0.702647,0
38.188655,112.258533,386.539681,50.469321,100.0,236.914242,0.369151,0.274777,0.435506,55.620951,15.478305,35.997442,100.0,29.806505,47.505633,25.107579,3.251732,90.610648,0.197578,0.414946,0
28.458442,145.997722,252.741752,54.997806,100.0,186.546578,0.373059,0.451831,0.451771,478.767319,63.551436,25.569332,100.0,45.920024,49.438535,6.905626,12.778937,73.956414,0.209296,0.726083,0
40.221945,145.841707,160.455331,56.266064,1799.096205,15.154239,0.186641,0.777538,0.788653,5.0,148.643996,19.798368,92.02536,37.693527,60.069304,5.0,6.037042,74.065859,0.1,0.430878,0
41.71572,157.476667,210.522097,36.036291,1941.799122,236.698209,0.436425,0.580038,0.635477,495.909321,377.44045,18.421416,100.0,45.207538,39.176819,18.328948,7.154487,91.777053,0.314846,0.729668,1
81.901804,211.96007,341.57266,29.318171,946.363103,231.33423,0.411204,0.963746,0.877895,91.184867,552.083457,31.580411,100.0,36.007894,43.276594,27.687082,6.045009,96.227048,0.161402,2.003699,0
105.182244,197.354189,351.960629,43.788203,488.085617,44.954638,0.521793,0.276153,0.407011,459.239837,44.838504,26.682183,100.0,29.02461,24.489339,45.737405,18.415338,132.017778,0.34509,4.495972,0
24.54918,66.130239,297.146158,51.107798,750.775537,286.529391,0.40435,0.332256,0.090095,491.272187,15.477159,20.954613,100.0,29.207814,28.306958,42.536839,3.610308,100.673013,0.162707,1.350119,0
130.551499,166.327052,520.409159,35.964023,1336.787101,168.11787,0.600176,0.207715,0.297132,430.420018,215.523991,30.607771,100.0,12.920549,29.640987,57.482168,11.194007,114.032052,0.305086,0.333125,1
139.9578,200.094809,360.873257,43.498956,642.80549,116.692565,0.3315,0.712278,0.674666,192.138641,136.381618,19.062387,100.0,51.388196,35.941034,13.517158,0.989214,93.700449,0.258198,0.265744,0
107.121311,375.851521,498.435526,46.235114,1018.816934,296.625379,0.640408,0.531682,0.514534,17.749834,62.420664,18.731559,100.0,29.044331,70.504257,5.0,8.556403,155.259556,0.296971,0.185003,0
45.661403,147.981263,223.448641,42.201658,893.621975,123.613545,0.311507,0.838358,0.744895,244.232391,49.477582,23.122094,100.0,10.90644,40.186654,53.573731,10.256835,72.409634,0.147898,0.006585,0
172.962994,314.633484,427.6217,46.037346,615.593665,223.866285,0.368099,0.802422,0.668725,197.457359,16.091838,22.186491,100.0,19.159003,59.661063,25.800471,12.636923,110.338508,0.216439,0.943147,1
65.287176,141.50921,253.227692,16.475493,636.903627,222.449329,0.104244,0.705445,0.740257,61.361674,235.762418,13.440192,100.0,13.171624,47.56473,40.014541,6.438742,49.873464,0.13639,0.052523,0
33.87066,121.237472,323.265749,32.4106,1046.660436,19.010154,0.38877,0.591669,0.577602,499.341184,96.191549,20.899648,100.0,22.508125,50.994186,29.186716,7.847403,86.969476,0.283847,0.100858,0
24.301061,78.132145,190.219954,37.354771,411.555932,152.220107,0.412474,0.685304,0.719477,194.163393,9.058574,27.35504,100.0,36.563073,41.051028,17.943351,2.120293,103.579216,0.164668,0.780589,0
76.639099,222.560818,371.862356,5.136286,1125.864673,80.20035,0.325368,0.489482,0.566832,337.21968,287.827232,21.684932,100.0,10.0,36.177702,55.663294,7.060824,71.75314,0.147911,0.357453,0
46.396156,128.265575,267.26961,52.077938,664.21052,71.845438,0.233098,0.13554,0.132811,36.342471,11.05203,23.76433,100.0,44.950115,40.759362,20.061812,14.281529,62.002105,0.264145,2.24975,0
17.963268,173.769131,362.387251,38.551348,963.683652,235.78628,0.376403,0.60084,0.603012,21.298376,400.099314,17.84684,100.0,23.511775,25.447197,41.765796,2.122673,85.083404,0.22281,1.917697,1
12.634189,24.7398,290.060798,12.102498,1591.981283,4.107598,0.456675,0.312803,0.311912,69.071907,147.639316,25.6852,100.0,28.055629,28.623777,45.873291,9.326377,71.561076,0.260571,0.010407,0
86.092585,247.131018,483.736698,49.899639,815.903977,348.868432,0.327497,0.502531,0.532795,136.601718,348.441775,26.934754,100.0,29.613503,37.898985,35.464518,7.700576,96.623182,0.231442,0.029099,1
15.118003,62.176522,159.709301,44.438133,1359.90217,142.340762,0.170735,0.515927,0.488704,376.610404,305.725937,32.4205,99.770998,18.344072,39.726052,41.682329,6.705834,38.901049,0.145932,0.189006,0
3.766171,57.989192,185.329117,46.706475,100.0,107.56927,0.156954,0.519633,0.457089,116.231175,4.180391,22.056885,100.0,38.308849,10.0,54.041403,0.0,40.534452,0.197348,1.483462,0
141.430962,328.157158,625.00865,26.562335,664.818493,331.190784,0.687467,0.443357,0.539833,135.868243,247.220732,22.434271,100.0,14.931548,21.736439,60.0,2.079852,166.013609,0.353772,0.871121,1
27.544156,231.599882,572.509621,51.981138,913.844311,175.201971,0.572362,0.503182,0.453831,199.635937,60.239774,27.799184,100.0,47.37494,47.689893,10.436842,5.680341,105.491413,0.283303,0.768141,1
96.950399,205.425827,272.890909,27.771517,1861.66534,221.157091,0.297299,0.652391,0.527471,922.163816,244.058225,23.072874,100.0,18.756799,49.927496,34.496621,10.563997,93.610037,0.109193,1.877013,0
75.391915,270.34808,330.637167,36.378003,100.0,250.50627,0.363034,0.70596,0.808018,48.543871,57.649338,27.775728,100.0,30.012457,11.919268,59.353474,3.803206,123.154792,0.2583,0.919851,0
37.365261,101.769895,550.287583,5.035327,851.895069,313.708058,0.646227,0.633378,0.621,194.194349,156.345422,28.380655,100.0,22.884198,40.837323,32.476629,0.0,131.900288,0.400138,0.510814,0
186.963,260.783169,336.901593,40.468021,1628.344425,46.707116,0.498527,0.37683,0.340474,80.890275,606.761115,17.579944,100.0,42.451724,80.0,5.0,7.080507,132.880996,0.315173,1.598395,1
108.963479,344.997584,450.709373,44.499669,507.489797,29.395144,0.585566,0.269839,0.207172,244.723188,393.480763,17.295377,100.0,17.927541,56.25082,19.358016,15.645479,181.90039,0.174363,0.31973,0
61.984418,78.809728,230.840893,36.191015,793.580595,357.735882,0.353755,0.623595,0.551874,11.22774,17.611706,20.511696,100.0,45.869126,19.277272,34.934333,9.715261,84.769528,0.266024,1.01842,0
30.135216,174.02352,276.782311,32.310735,1065.869493,3.198169,0.473655,0.674581,0.57823,147.16474,578.767524,13.661208,100.0,54.069988,40.644714,6.435667,3.597736,114.714735,0.279544,0.183901,0
102.539589,193.507178,300.717747,49.546506,992.254277,254.950111,0.262449,0.481511,0.470636,49.359186,123.829572,35.136056,100.0,15.15759,41.308434,42.879399,7.597639,94.686713,0.174831,1.566201,1
114.829628,233.993575,341.529854,42.475499,1682.885238,219.98353,0.429068,0.055531,0.135316,68.475962,662.378778,16.349669,100.0,10.0,34.798059,54.467811,0.0,100.518268,0.164508,0.499406,1
70.016707,176.677258,378.398953,20.294072,1124.236905,198.918368,0.656498,0.313277,0.341914,77.609381,198.123659,30.923916,100.0,27.447436,53.998803,17.526653,0.672042,125.412098,0.271624,0.497526,0
63.316,180.847383,231.616908,57.749034,1563.886448,282.898065,0.113201,0.43377,0.318302,72.007999,166.522398,17.817038,100.0,32.065875,56.349264,9.165339,3.166462,54.876803,0.142697,1.041897,0
108.735374,198.226677,495.170109,43.899696,719.995821,357.290261,0.467471,0.74688,0.817253,50.087044,157.632645,30.465376,100.0,27.997856,29.399624,41.940339,6.324557,105.701182,0.221785,0.00434,0
60.774564,176.981977,237.372011,59.336641,529.737294,16.878896,0.198182,0.543009,0.501499,88.686336,683.74425,31.103286,100.0,27.397007,48.180896,25.376393,12.210958,49.319308,0.252304,1.376557,0
33.290223,176.00154,594.254028,58.419372,787.138403,221.230977,0.633988,0.529946,0.462334,420.274343,225.988645,13.592626,100.0,38.06508,26.591052,30.390224,5.174588,113.502096,0.221972,1.036247,1
16.431403,93.421271,224.316979,55.540035,320.448453,258.039961,0.434453,0.418419,0.369451,876.071575,91.187587,23.331756,100.0,34.421419,36.15091,34.13995,1.2026,73.991032,0.227365,0.315547,0
61.169119,152.650974,275.609011,46.545435,1141.755848,110.13815,0.388018,0.811906,0.737552,147.514612,126.578689,34.256496,100.0,12.939344,63.702402,22.33413,4.711393,85.8971,0.134806,0.004813,0
15.860618,129.050043,170.899971,38.518615,707.060944,321.430099,0.223533,0.397243,0.399783,552.957904,20.663772,24.612201,100.0,22.526305,23.210406,52.391521,3.359303,50.338582,0.1,0.585853,0
115.894887,311.93535,350.082837,14.469387,564.10555,164.517423,0.452138,0.497063,0.505176,54.835466,308.425595,29.418726,100.0,45.171006,51.284713,6.346411,4.686931,127.558794,0.181511,0.656034,0
61.174139,86.32837,260.818961,34.884328,1149.329205,59.212246,0.292724,0.58225,0.436974,13.31544,277.548814,25.56651,100.0,32.344355,17.399433,53.842888,5.115282,94.097491,0.1,0.71094,0
129.29112,173.868298,215.111196,47.095709,328.142111,307.586814,0.302279,0.521214,0.363419,147.845038,209.185236,29.335196,100.0,30.162802,28.418934,46.923936,9.990131,90.18959,0.213438,0.039076,0
80.003612,378.858899,483.206411,33.647144,1285.251107,339.453223,0.572587,0.619142,0.503429,274.181786,88.802969,31.594306,100.0,16.683916,27.345222,60.0,1.804052,133.07979,0.240324,0.002429,0
97.277104,229.220299,485.802274,52.753152,660.831306,35.825371,0.688214,0.397893,0.353956,108.087916,893.317637,22.895192,100.0,38.866932,24.097247,33.208398,13.394093,178.37981,0.266131,0.23395,1
36.222695,165.015356,363.287407,11.031074,1479.548222,270.605112,0.453738,0.845604,0.891685,125.643283,614.962651,24.027956,100.0,30.623304,15.473492,55.270554,0.0,95.790802,0.237068,0.902954,0
57.831148,456.845544,599.654896,25.951719,703.631211,77.405119,0.631476,0.498313,0.487385,81.88994,454.579544,22.12432,100.0,30.612268,17.372291,55.01895,6.35359,154.133493,0.290532,0.315688,0
79.141249,206.433608,391.888102,32.828043,1215.954833,2.419998,0.636645,0.601651,0.611994,12.288867,59.178053,16.572624,100.0,41.573994,10.0,51.08625,1.545643,132.153864,0.290299,2.622489,0
72.128707,142.100703,402.520183,28.777891,989.781187,93.820976,0.246546,0.431037,0.342977,221.737826,763.66752,28.215541,100.0,19.233088,24.759118,51.691713,1.273384,85.6139,0.145579,0.050741,1
69.666465,79.661026,208.123054,10.97226,1271.950937,307.767541,0.267703,0.701734,0.670501,909.591154,65.498501,24.486131,100.0,43.73163,23.220704,30.924876,8.510851,55.980303,0.192296,0.69902,0
23.998499,111.804451,403.616787,13.444056,954.973446,50.826196,0.368946,0.679684,0.632982,197.300641,253.375553,31.559156,100.0,34.15396,37.22442,26.731193,6.190743,112.089331,0.239874,3.38389,0
9.114286,112.766428,287.081962,51.068951,100.0,47.040798,0.320179,0.867069,0.869732,331.14454,259.612943,35.67664,100.0,43.561867,59.406069,5.0,10.162479,50.957886,0.140432,0.132077,0
22.298038,198.769243,531.130446,31.641134,1404.39677,266.057174,0.611858,0.288454,0.488017,32.704374,64.682256,20.777795,100.0,27.704585,45.788046,25.223565,8.497424,121.333019,0.376298,0.585741,0
2.307125,185.08616,369.427144,7.679733,856.158539,146.28947,0.512079,0.674479,0.569488,18.556234,607.694934,21.528071,100.0,44.945554,43.043052,13.896333,0.0,128.932374,0.258462,2.230645,0
10.910187,157.587961,218.307268,5.907019,1294.758039,53.454986,0.233521,0.794289,0.799444,265.656977,42.000315,20.287039,100.0,10.0,26.632821,60.0,4.396038,107.467881,0.219671,1.361985,0
83.676258,284.714054,387.291331,31.041147,1245.123238,82.800136,0.496111,0.576305,0.498855,192.232635,35.631222,32.702206,100.0,15.683872,45.307796,41.562057,6.439314,146.647168,0.258632,0.403794,0
51.729434,168.400002,337.7322,14.04083,513.351759,286.056693,0.297308,0.643444,0.670501,203.622103,145.67054,15.757142,100.0,20.671516,47.473124,32.81595,0.0,90.737663,0.225323,0.582058,0
31.411549,57.544259,732.325886,43.781927,442.602297,224.376764,0.594428,0.691767,0.561991,101.807141,387.295987,26.062286,100.0,22.49858,27.861126,50.961314,2.426845,103.040586,0.212719,0.746102,0
50.868276,133.947633,230.962452,48.74279,1227.677551,273.934358,0.303404,0.689042,0.731832,5.0,462.802441,15.089928,100.0,42.93207,54.857376,5.0,1.984122,69.808925,0.128459,0.065417,0
6.749391,90.32173,669.189856,17.556319,748.375485,35.198366,0.646957,0.564066,0.569751,35.682251,661.673971,32.835969,100.0,10.0,32.304137,55.322658,4.872652,138.055731,0.276017,2.168613,0
59.92868,169.281001,479.085882,37.569732,1368.21464,164.917542,0.656276,0.761503,0.760227,77.29546,109.677605,28.373769,100.0,40.663354,32.633954,29.098762,9.725767,147.558166,0.245464,1.170902,1
17.797267,223.606822,542.231512,13.494455,810.899529,286.95825,0.773742,0.643219,0.763885,1133.112272,244.865926,20.212098,100.0,30.633202,43.612764,25.158197,3.00013,152.585919,0.36438,0.636421,0
155.712277,253.133313,514.232157,21.697046,1411.704889,95.68539,0.476242,0.14747,0.114634,136.614647,59.769403,34.806742,100.0,18.431468,17.098879,60.0,0.0,110.87581,0.245508,0.542021,1
100.695396,199.829647,748.305615,53.883752,1111.652242,60.908029,0.554907,0.894161,0.827968,61.53424,58.807619,19.211613,100.0,50.126035,29.127296,16.661807,6.986824,139.925334,0.223826,0.322051,1
94.229755,526.300234,635.348596,34.925395,1043.987497,137.442202,0.503329,0.712454,0.678877,10.081741,512.411794,24.734108,100.0,15.957933,35.427072,43.603566,0.0,160.372481,0.282939,0.296443,0
71.115507,118.722702,422.263129,53.723878,712.994401,120.016791,0.375354,0.689071,0.503675,116.677284,83.477246,10.78288,100.0,40.7304,27.650226,33.186763,16.227034,94.282006,0.250599,0.018569,1
107.292665,231.551975,301.482891,17.388629,1016.213807,66.7702,0.376991,0.567825,0.639111,51.852168,258.314081,27.76198,100.0,45.318484,45.557722,15.354981,9.584525,89.327575,0.107166,3.415242,0
60.18815,125.532005,235.395993,23.151339,1496.426357,343.420173,0.273967,0.327019,0.464992,413.583364,17.992603,21.870298,100.0,10.248602,24.882404,59.917988,8.239519,80.494693,0.227138,1.78952,0
30.594856,163.619623,437.106127,30.902368,872.892271,173.915426,0.345689,0.654632,0.74993,139.638011,312.758594,22.657482,100.0,19.35881,28.201551,53.875441,0.0,81.925138,0.232501,0.769735,0
95.477416,317.727724,640.798346,31.404404,1165.587222,218.907488,0.823292,0.583377,0.576648,70.630711,36.175539,18.214759,100.0,45.698952,52.14644,5.0,10.033441,175.223567,0.288798,0.327708,0
134.528673,297.814001,527.69627,59.870638,923.180038,43.598487,0.614828,0.509193,0.413282,60.844927,27.43618,17.386061,100.0,32.761844,37.336004,29.672533,10.042368,145.462033,0.26008,1.262506,0
25.427162,147.999355,183.365072,11.294493,962.302021,219.612632,0.431762,0.753794,0.739832,17.597094,76.084788,20.718291,100.0,38.20271,49.051692,13.615652,2.098381,108.608935,0.197569,0.810651,0
12.798891,113.211861,208.268756,51.858077,1761.705378,199.91617,0.1,0.562769,0.602229,372.36874,5.307935,31.731477,100.0,31.691574,46.569406,17.360822,7.196294,20.0,0.1,0.127428,0
227.056106,428.2577,489.041311,52.502512,1500.865016,335.494558,0.642953,0.895686,0.775916,617.776471,674.426541,26.454338,100.0,39.464655,65.74858,5.0,1.81952,175.070264,0.381181,2.704213,1
169.96452,339.987035,502.679682,35.425925,939.701908,148.434048,0.512375,0.556219,0.565475,83.014044,162.473743,18.787743,100.0,17.620281,30.11313,57.756131,8.813465,145.627347,0.23346,0.166404,0
65.608291,166.939014,226.786916,23.922044,1007.227044,281.542356,0.253585,0.371508,0.481409,391.369102,663.544621,10.656168,100.0,39.105917,17.309164,44.641692,3.473479,85.987662,0.1,1.994749,0
4.774664,406.793085,519.692287,33.557436,549.064748,109.505152,0.544171,0.45848,0.378582,235.762745,87.164836,35.768088,100.0,29.105947,11.473333,60.0,1.329277,148.304713,0.254828,1.031615,1
79.481491,137.784904,248.466341,21.085724,813.514227,208.418528,0.241247,0.700171,0.648563,290.16134,107.946985,9.160402,100.0,28.62316,27.934139,44.091673,1.287117,50.818127,0.133824,0.80341,0
300.0,600.0,972.236732,48.95091,1054.698894,333.709343,0.912102,0.618063,0.599056,62.977835,25.739766,30.789103,100.0,15.978989,54.560537,29.185026,10.528842,200.0,0.363196,0.083378,1
106.642076,313.087326,432.495156,32.405354,1325.306795,225.025672,0.562263,0.415827,0.286102,29.853756,44.096552,26.966672,100.0,13.857089,47.940222,40.819951,5.025307,127.682228,0.292686,0.398303,0
100.055514,136.402244,704.468832,55.92132,1274.610448,256.017126,0.502497,0.379406,0.387753,876.6549,462.962028,22.80864,100.0,29.385114,34.700946,39.699983,9.75177,99.082402,0.184915,0.840357,0
61.67361,124.817492,256.676326,39.248024,345.370472,315.354429,0.467906,0.39267,0.370279,69.258139,135.139861,20.554783,100.0,44.455263,72.206312,5.0,4.413025,132.407952,0.332553,1.053084,1
93.288963,216.555973,466.27787,33.287563,1388.491365,333.152771,0.535575,0.464451,0.542508,493.295822,500.794722,28.59419,100.0,33.152014,17.024918,45.729849,0.0,126.367911,0.261064,0.187295,0
106.251667,134.968155,342.95447,44.108814,855.61316,74.978955,0.38049,0.40022,0.456527,184.373988,350.562165,30.563795,100.0,20.234789,53.490903,29.426781,4.934349,87.088937,0.214786,0.272716,1
74.330729,247.348438,435.668552,32.716313,406.504322,70.501691,0.56388,0.684106,0.722015,847.507722,14.173928,30.617603,100.0,29.022613,28.926602,41.934568,5.180687,122.443218,0.255106,0.649305,0
54.499773,152.434281,458.580908,54.747849,1568.192369,198.171406,0.526175,0.446713,0.391266,150.706399,832.848591,30.68836,100.0,27.902985,65.886784,5.762606,6.396273,117.079349,0.341913,0.083817,0
75.327578,253.459206,424.317058,15.144528,1631.639498,358.385895,0.412678,0.381904,0.435993,61.385259,143.453988,14.938702,100.0,21.888295,31.425451,49.772214,11.574108,96.407859,0.189841,1.070101,0
72.561622,235.618606,348.46071,58.534178,1031.873491,176.454836,0.318906,0.375232,0.382957,450.824985,851.660119,19.915284,100.0,35.55199,55.122463,8.952588,3.640934,54.859808,0.20215,1.416073,1
6.211629,92.702558,368.030081,49.67048,1254.396801,119.125787,0.562781,0.502169,0.520002,188.34928,460.527403,20.202513,100.0,20.313909,34.700112,48.580195,0.0,96.760719,0.294613,0.162727,0
272.126404,336.541914,419.120784,52.340335,1283.724604,193.414059,0.30835,0.539287,0.543501,333.748654,796.106036,24.349624,100.0,23.441144,78.317682,5.0,15.501289,99.892947,0.176669,2.547996,1
100.114473,114.478444,250.668998,31.559931,1597.886076,23.182479,0.293378,0.453535,0.514681,158.706578,857.267734,25.708419,100.0,18.936343,41.5658,43.079222,6.747848,87.057459,0.210974,0.742992,0
151.339838,544.863571,850.523633,51.046085,1264.034263,63.794437,0.681903,0.543565,0.560128,159.228258,1404.682591,30.429468,100.0,22.641008,38.019664,40.911627,12.578307,186.471396,0.362179,0.721668,0
81.660241,237.458803,396.867864,21.872575,236.155861,53.61135,0.486116,0.094556,0.186761,1217.533767,157.586442,23.839441,100.0,47.869429,43.341824,9.083873,0.0,126.481289,0.286693,1.193872,0
41.151001,81.591123,317.441171,46.90715,1904.903874,10.049596,0.36012,0.721083,0.724258,236.978982,911.175144,28.698181,100.0,23.230879,49.070633,26.720029,3.159253,68.892725,0.200829,0.253985,1
128.81402,226.518527,438.079602,12.724759,1432.828445,259.996429,0.347416,0.883187,0.885443,40.588564,44.512845,21.883678,100.0,25.727665,63.667962,7.758874,7.761064,98.16109,0.188606,0.490021,1
11.925705,211.771508,329.98837,21.887855,645.237897,117.170837,0.29359,0.659254,0.653448,390.306394,99.699912,36.354413,100.0,39.807716,61.553473,5.0,0.693757,95.440884,0.189396,0.105712,0
103.226676,210.910875,374.405088,29.515296,385.187464,60.673072,0.422685,0.298746,0.253991,56.926796,123.021226,20.190752,100.0,42.458863,10.0,47.962427,11.547167,115.185111,0.207666,0.313507,0
127.742963,159.775595,239.309535,22.727584,1152.406715,184.407757,0.331921,0.99,0.886844,419.161382,44.828421,20.088474,100.0,25.466139,33.67022,39.472351,1.984079,77.687302,0.143582,0.833357,1
60.78084,230.05287,567.825811,26.285941,760.869981,116.439986,0.388935,0.350565,0.483265,76.946655,303.027439,25.611696,100.0,44.848191,27.94926,29.168325,12.339708,110.754114,0.223973,0.700089,0
95.799726,128.063809,267.468088,50.105761,1064.997677,141.486397,0.256805,0.866071,0.895747,228.202943,2.063558,30.962928,100.0,20.232536,50.171515,34.169459,5.740494,73.264289,0.243484,0.856643,0
6.368448,191.917247,545.462962,19.117174,1271.703421,113.591454,0.579689,0.541475,0.614522,122.279871,85.344142,19.373682,100.0,38.533909,28.703412,33.464623,4.625147,121.003868,0.308253,1.993076,0
99.046948,234.823692,388.577623,45.990464,616.779056,1.434065,0.551273,0.435693,0.410759,567.135077,350.444087,22.251921,100.0,30.248499,70.005425,5.0,3.532358,110.216839,0.206491,0.000635,0
48.32471,148.439946,395.68802,9.054164,341.946004,247.798391,0.520261,0.741197,0.684562,534.838598,502.451844,21.846598,100.0,35.827809,24.450662,43.344463,1.824863,109.381931,0.26645,0.707708,0
96.170955,193.19498,273.638189,47.115651,1092.909234,39.848572,0.287096,0.413647,0.51071,286.558086,44.79869,17.843772,100.0,37.719403,14.313598,48.487242,14.191422,72.750294,0.226347,0.349439,1
63.027269,146.337067,467.719846,48.561278,633.306072,78.891263,0.597471,0.850651,0.825198,68.756177,360.805653,20.716872,100.0,30.343403,40.911878,28.116757,3.703777,109.219673,0.280591,0.081511,1
62.380944,217.801837,376.364301,27.093433,973.047893,68.514136,0.388403,0.758458,0.689228,95.227572,224.742192,19.91615,100.0,36.848695,50.09398,16.082004,4.788623,95.002637,0.224815,0.100647,0
98.459773,137.177371,261.8691,44.73628,228.336782,119.292226,0.1,0.780906,0.746906,175.99114,32.874574,32.004749,100.0,39.714896,22.097283,39.24029,12.525782,42.125751,0.292733,1.368555,1
50.413038,118.537024,191.581294,55.332612,773.908638,57.671165,0.406932,0.584701,0.611715,150.989984,504.158656,25.012456,96.800915,13.275118,58.277498,29.423778,3.195382,126.398978,0.315917,0.033479,0
60.488536,313.004024,1000.0,49.039214,1257.475946,124.902765,0.99,0.860007,0.805929,222.158234,126.926495,21.005248,100.0,21.474532,27.915427,50.574946,9.852355,200.0,0.427125,0.539796,0
233.935614,600.0,662.525991,26.474558,1202.966254,87.575164,0.681952,0.375248,0.39565,75.171271,334.704403,35.244556,100.0,41.163356,32.395093,27.366867,7.954793,172.707154,0.355679,1.44965,1
158.594851,249.25422,807.406322,31.631743,505.821015,22.037441,0.787118,0.741002,0.668562,139.990751,65.56316,34.91662,100.0,10.0,39.849129,48.915301,1.270766,179.65805,0.345056,0.297724,1
54.473733,168.235506,622.900163,47.864665,315.867815,313.402672,0.659737,0.643689,0.615481,463.71467,129.344355,34.363679,100.0,18.668151,28.815482,51.261298,9.870983,142.24593,0.296988,0.324183,0
64.032955,108.743592,167.990989,21.092702,907.881845,110.009199,0.243523,0.334076,0.349141,143.890153,288.200424,21.341206,100.0,48.114545,69.346802,5.0,14.516553,47.143831,0.21466,0.208199,0
38.61183,95.897913,264.898572,49.213551,1180.516399,34.301573,0.296252,0.48497,0.585604,893.286447,1170.478285,30.228316,100.0,27.053055,17.112002,55.784898,10.813165,75.283977,0.232034,2.086804,0
48.472158,63.772871,222.44284,23.043913,1102.58757,187.749496,0.223766,0.745847,0.744473,61.284849,513.631157,36.890934,100.0,33.351258,14.165164,54.872774,5.670696,63.576121,0.193153,0.599726,0
50.47174,76.094915,248.690433,49.329482,643.920078,44.379187,0.319082,0.719587,0.805318,69.874485,309.736346,21.667149,100.0,35.663942,26.295321,37.228558,3.945305,71.36189,0.182495,0.73876,0
71.465963,146.979852,358.008168,9.774024,1048.912221,278.313553,0.31618,0.342695,0.429658,12.757327,224.945576,22.730433,100.0,36.165478,19.510354,48.546686,5.060397,55.102047,0.284563,0.495456,0
7.584511,198.577946,555.831082,7.441851,1651.177736,22.16806,0.458209,0.567733,0.595575,184.056784,198.690109,21.407441,100.0,25.576941,12.466258,60.0,5.63233,76.710623,0.187406,0.025202,0
47.339533,147.663256,218.305995,59.87215,1002.572344,167.268942,0.31254,0.763965,0.77005,108.954256,64.515527,25.333172,100.0,27.317509,42.061429,30.315035,1.903324,92.709779,0.196347,0.206573,0
40.758961,285.518569,445.168017,52.820142,100.0,339.777479,0.576392,0.65048,0.746033,27.147662,3.201811,34.967296,100.0,54.862189,19.099355,20.545484,0.0,136.117603,0.226208,0.344732,0
173.681538,242.248893,367.921746,53.556613,1001.600169,57.228859,0.333114,0.673602,0.686821,202.052324,112.014754,24.415381,100.0,16.647939,35.762795,45.90832,3.210718,83.764581,0.204325,0.259804,1
63.445203,279.19414,394.99969,57.320397,1921.978486,72.492724,0.373525,0.395571,0.414589,90.741956,51.983058,20.64653,100.0,23.597004,30.040567,48.877471,4.094498,119.827546,0.198177,2.052311,0
79.281648,519.7949,697.525375,29.107397,256.304593,216.167368,0.523311,0.302597,0.350583,257.205672,3.00016,23.429264,100.0,18.428913,59.865048,15.269191,4.053996,151.411818,0.333585,0.092637,0
46.200475,179.468763,328.084942,20.775956,914.862331,352.747466,0.247255,0.531011,0.551546,62.497739,34.516538,31.112417,100.0,29.029738,17.756868,50.703321,2.187102,57.161846,0.168596,0.192019,0
63.863056,78.142935,98.848227,12.151375,786.832283,138.900869,0.1,0.81335,0.76178,524.51445,70.990442,7.031764,65.589623,21.023246,44.923731,24.569693,3.615228,45.240511,0.187028,0.475742,0
48.471803,62.366856,275.609362,32.566502,947.94148,233.512233,0.431695,0.817135,0.848148,127.267136,403.083992,26.333005,100.0,45.158129,36.953548,11.220507,0.938815,103.933203,0.224147,0.110639,0
72.307792,99.449737,134.840349,17.102658,997.126077,54.834143,0.1,0.370971,0.324455,123.565478,548.985166,22.652156,88.01408,48.658563,27.042574,25.16408,5.152222,20.0,0.1,1.216607,1
95.636431,150.209638,483.268527,56.455297,1469.985993,230.902968,0.556696,0.39602,0.402397,642.333168,892.066533,20.108137,100.0,30.784722,36.316863,29.129772,6.376094,134.498656,0.298438,0.257865,0
18.674192,201.095711,391.724114,5.220174,942.391643,90.958343,0.406445,0.765296,0.683818,150.583055,173.921955,13.460868,100.0,19.970338,44.393631,36.624167,0.011778,118.278007,0.119462,0.57626,0
105.924597,179.424019,319.485597,12.875821,1538.629779,220.783539,0.432093,0.902637,0.8377,217.088032,858.135513,27.70588,100.0,51.24061,13.609402,38.503353,4.947172,111.088475,0.216551,0.943516,0
28.024202,243.506397,300.819824,18.556172,841.172171,31.918035,0.472315,0.285617,0.302615,81.396591,91.952142,22.240373,100.0,22.818882,40.687682,35.684878,0.974917,114.28168,0.258599,0.417156,0
239.639194,302.783255,520.279517,15.942619,724.931613,188.988848,0.539244,0.419121,0.473584,182.32861,296.471669,26.743967,100.0,33.594136,38.302917,28.0571,14.266114,135.155283,0.384752,0.111103,0
71.111399,501.592914,670.918554,17.417814,565.408508,85.465798,0.783654,0.790316,0.751514,506.883297,175.757959,17.23,100.0,35.205534,50.972368,11.948819,2.468921,173.681384,0.388747,0.05464,0
78.437524,332.205864,509.621524,41.082618,100.0,245.415133,0.688164,0.465015,0.506982,269.359251,467.474993,12.598482,100.0,20.34901,44.883647,35.644494,5.813136,143.356873,0.233083,1.052114,0
80.855498,150.292119,344.824206,23.013164,1037.890706,269.161123,0.527735,0.386121,0.511502,112.860936,148.735841,16.665886,100.0,26.521389,64.290713,9.220993,11.283166,135.993852,0.233309,0.17345,0
67.592188,116.673915,377.275317,38.826341,1927.000144,305.331311,0.353465,0.626124,0.567281,116.902344,322.386432,22.654939,100.0,51.525299,55.73775,5.0,3.020364,76.507573,0.149894,0.180095,1
35.328423,291.226002,503.901973,53.964186,1129.117739,357.262333,0.331373,0.543606,0.592583,5.0,296.745658,13.103401,100.0,34.154086,34.408395,30.064143,9.953403,92.810529,0.221355,0.010127,0
78.59455,118.007439,552.279318,38.140622,1243.373677,165.367721,0.556953,0.658076,0.823688,19.04769,145.137172,24.866278,100.0,36.556068,60.417679,7.037434,4.102963,126.166343,0.324006,0.153966,1
75.169339,140.46725,400.550965,43.199304,693.484337,241.41399,0.458307,0.79709,0.803203,193.56689,1165.802923,34.001244,100.0,40.106183,41.226744,22.689753,14.817618,73.315077,0.168159,0.229541,0
31.641814,70.464536,279.693786,25.102681,777.833304,6.632538,0.142399,0.663875,0.588991,283.176927,230.594906,9.039981,100.0,35.854063,55.078183,9.477325,2.081831,39.534981,0.190172,0.640101,0
18.907143,139.005378,321.502733,13.785616,1392.320744,325.831332,0.379386,0.852824,0.9,492.236743,249.155414,19.735626,100.0,42.2452,36.921195,12.643949,0.0,83.468109,0.170203,0.299674,0
128.215041,353.537089,441.03786,22.632123,1904.34682,221.667532,0.217608,0.414772,0.442615,148.262356,143.798222,22.956793,100.0,37.123488,44.126012,21.453126,10.77059,88.45642,0.114633,0.403213,1
47.270466,118.770683,169.418106,58.035546,1643.973968,151.684193,0.398586,0.711648,0.671755,301.246863,83.367436,22.836485,93.149545,29.693815,10.0,56.367356,15.66388,100.418298,0.161396,0.381292,0
57.208389,252.377184,269.166846,39.199626,1302.622315,156.352587,0.376534,0.329582,0.365984,208.845077,116.911467,31.862591,100.0,60.0,41.334065,5.0,7.925831,100.454231,0.185429,0.485271,1
75.436622,201.64827,452.579594,20.263112,917.57529,272.878433,0.402896,0.634396,0.642705,92.375564,723.983231,21.436349,100.0,24.707229,47.548813,27.900172,3.510677,100.978434,0.2244,0.401379,0
34.478255,72.236179,243.531025,29.80034,1004.859457,300.049201,0.319671,0.77976,0.708156,96.691667,346.921742,22.239428,100.0,26.981462,47.675808,29.903017,0.0,53.224905,0.253841,2.701982,1
83.878323,150.971374,415.648482,50.953217,523.24634,290.845323,0.47832,0.797692,0.743493,47.905237,1405.212225,21.797012,100.0,46.491339,10.596572,42.169312,8.248306,67.019267,0.185388,2.373184,0
59.445382,85.152718,501.475789,41.764396,175.916239,183.810475,0.574546,0.760834,0.742735,470.392734,224.612422,26.886504,100.0,39.941772,32.013229,29.946467,12.846056,110.820281,0.221446,3.03093,0
64.045471,100.142874,260.328808,35.835906,336.600821,133.61279,0.328219,0.544243,0.677605,46.08908,243.767615,33.871459,100.0,26.785988,25.260717,42.831752,8.356046,65.945128,0.242031,0.150471,0
146.58234,452.201114,512.786271,53.683958,924.900017,340.39417,0.630367,0.492167,0.445441,366.344925,265.068088,24.013764,100.0,25.956965,37.275267,37.505662,7.626797,155.559244,0.286456,0.670772,1
73.295662,184.839243,499.817858,41.984176,754.003869,228.311829,0.39806,0.459165,0.490778,106.402841,477.606891,33.18927,100.0,31.323564,10.0,60.0,4.59107,104.633683,0.187456,1.005438,0
54.954284,154.08957,304.416187,40.350135,165.279148,195.715227,0.345837,0.694482,0.655311,34.946117,328.041796,24.567826,100.0,34.811102,26.260977,37.757534,6.9414,67.377231,0.21465,0.248234,0
25.731416,135.290651,247.654244,15.437248,881.33831,215.394816,0.489172,0.647439,0.768786,36.298311,719.475213,16.41764,100.0,31.400768,39.209612,28.95566,0.0,127.543163,0.225743,2.3656,0
80.553918,128.521126,234.237184,10.851378,740.784838,226.751943,0.263927,0.759051,0.684034,47.946385,10.486079,30.680699,100.0,25.687851,30.531879,48.179526,5.409772,81.007435,0.127672,0.424812,0
124.446328,198.515096,447.732081,58.082816,313.575572,256.706238,0.504711,0.551474,0.618712,87.030936,298.625527,23.866111,100.0,38.864858,64.972048,5.0,13.013441,113.038836,0.243465,0.022259,1
55.734637,188.131124,434.811311,37.93721,714.910495,199.14649,0.370065,0.364307,0.329824,351.89363,616.597311,32.581422,100.0,32.131776,32.055202,37.143232,7.436035,99.437082,0.22315,1.343052,0
123.731025,143.381182,506.335177,27.862588,739.5235,315.127928,0.746071,0.82528,0.750621,123.021576,81.475913,28.948398,100.0,41.140546,36.800625,19.668212,7.136572,137.231942,0.287134,1.29086,0
81.41362,92.077821,167.460621,37.396145,591.68143,309.497117,0.27087,0.837643,0.806383,296.330593,440.581736,29.593901,100.0,33.107179,10.621695,56.072407,1.858944,60.578465,0.226803,0.217122,1
68.888046,130.975339,205.348193,8.399658,1363.335082,159.212788,0.148675,0.450793,0.4199,150.467299,215.525141,19.423753,100.0,14.842966,21.896993,60.0,5.64192,26.047737,0.125596,0.063371,0
89.05266,143.170069,340.056132,50.217,100.0,60.673,0.498084,0.733355,0.726295,11.137349,10.172569,18.230464,100.0,36.909974,51.398931,7.035807,3.539994,73.059487,0.246548,1.292105,0
19.697495,254.817935,466.790101,16.915504,100.0,207.596057,0.389449,0.633491,0.731073,323.73195,868.707284,23.761563,100.0,42.295544,28.366607,27.908906,6.327454,102.605666,0.188308,0.229488,1
47.897299,95.746681,428.380222,49.25003,901.642892,223.466228,0.532503,0.687302,0.581267,67.09331,101.101108,15.858191,100.0,35.935446,36.085785,31.543706,9.305823,83.811877,0.246998,0.832412,1
49.444758,184.097125,531.825006,34.390814,948.063595,188.416647,0.655049,0.745234,0.657595,413.200278,322.574043,17.511323,100.0,14.180229,29.211802,57.401512,0.0,147.065283,0.272336,0.047845,0
57.71631,111.668421,303.31566,20.211461,1102.107568,320.608013,0.560486,0.223962,0.254571,382.184623,135.485073,19.493556,100.0,34.812002,48.89573,18.591144,0.862938,111.360253,0.333689,0.145186,0
213.367958,342.318707,704.225202,6.661547,630.513246,33.487293,0.720976,0.361725,0.63596,121.651296,79.954848,16.641941,100.0,26.503078,18.726726,51.408484,6.582887,153.698491,0.340954,1.001614,0
70.677781,183.74071,350.512358,49.870835,441.038097,103.470662,0.40282,0.737565,0.657029,16.830334,155.390049,23.34985,100.0,32.345108,28.473873,45.547646,4.226785,87.887318,0.197377,0.477995,1
16.660964,291.603235,459.8917,14.705308,896.341934,311.684345,0.288217,0.572486,0.718147,308.800879,13.85275,24.128619,100.0,37.154078,44.747984,20.986982,0.720809,60.74136,0.139037,5.137558,0
38.651112,82.639715,229.655191,7.849281,679.210932,338.188793,0.24954,0.059687,0.017116,68.123557,10.682291,20.839764,100.0,29.036649,32.653237,35.367035,6.084926,72.736967,0.144449,2.837649,0
64.087775,108.246605,179.876889,46.573275,1675.535702,153.333027,0.181469,0.029292,0.087581,127.646076,233.175391,16.50935,100.0,38.680195,10.0,49.931488,9.032942,65.838966,0.168265,0.0137,1
73.076908,549.08417,596.976873,24.252377,737.886375,69.351833,0.589355,0.599862,0.561442,666.009563,30.99336,19.010523,100.0,37.023176,36.532225,21.845549,7.893651,144.626563,0.268723,0.081691,0
2.10822,221.92284,416.288885,26.41337,873.407424,151.318619,0.401837,0.428506,0.509092,65.975845,186.537589,25.364888,100.0,35.638501,10.725212,48.691273,6.108426,109.825919,0.209689,1.171056,0
94.959827,161.195846,479.987023,18.588717,2137.70907,164.21992,0.58661,0.623835,0.62339,484.190535,109.591785,22.509989,100.0,27.805,36.848262,36.537136,12.303131,103.956153,0.291504,0.563631,0
98.004956,144.267231,253.045398,52.254816,802.619887,187.044976,0.259132,0.262997,0.399504,404.361369,19.103076,24.602423,100.0,42.727521,51.288775,5.0,6.681647,49.550426,0.142866,0.029241,0
24.622196,65.430207,409.53619,21.353124,1178.078433,98.767109,0.495659,0.699265,0.698045,303.836296,535.851168,18.625547,100.0,47.960149,28.122711,24.296432,6.320991,120.328101,0.248456,0.52662,0
121.942012,335.29304,740.927747,16.560591,1223.154717,112.545867,0.718236,0.179891,0.180244,329.780055,554.113992,26.495775,100.0,31.661847,53.894614,12.238311,0.0,134.210124,0.434251,0.431233,0
55.407169,112.866617,248.877254,22.008735,1265.700822,236.011547,0.249272,0.635314,0.577875,210.278057,174.825622,28.673589,100.0,26.550108,48.368158,26.701057,0.0,40.874446,0.176579,0.577623,0
29.425878,78.572967,117.055979,16.173227,1044.743633,223.845894,0.128138,0.33191,0.370177,291.399228,46.409797,16.145084,79.827877,27.427743,50.896858,22.018483,6.001702,34.344737,0.135974,0.808666,0
22.926632,70.95395,217.387101,22.471037,996.920397,238.356905,0.308078,0.516265,0.493627,95.329755,306.678993,21.245334,100.0,40.61751,10.704194,44.401365,3.836847,80.891337,0.151105,0.43293,0
93.461743,242.95249,322.537691,9.561492,950.167145,135.822594,0.51123,0.117849,0.149574,139.158518,52.303041,14.050148,100.0,33.015836,33.144294,33.067921,4.451005,114.397017,0.302333,0.389849,1
40.953195,123.105659,443.198002,13.719152,612.003049,121.124462,0.403634,0.765622,0.729337,573.307175,206.401232,28.923554,100.0,29.30637,47.753392,23.328841,2.868626,108.174847,0.189057,0.208559,0
79.088922,297.265744,497.913353,27.937909,1062.759401,126.553922,0.52798,0.86099,0.829701,8.745823,40.527199,37.337753,100.0,23.804555,28.771387,47.628048,0.0,146.978567,0.281267,0.063189,0
22.249621,370.939486,408.958353,53.370677,1914.322919,342.423535,0.495998,0.736972,0.666601,56.5421,126.444751,29.410989,100.0,36.24945,10.0,53.44331,1.919857,130.207181,0.150041,1.740208,0
49.942643,163.153924,399.187641,8.150991,1505.340954,142.288237,0.437328,0.534851,0.628667,28.099599,26.87392,23.108621,100.0,38.691832,53.543059,11.444143,3.147415,94.154122,0.193271,0.506925,1
88.965481,211.030677,544.593211,16.697109,1051.959011,218.207663,0.386884,0.793428,0.800742,11.576814,109.521436,24.939085,100.0,31.135103,52.000106,20.149418,10.134167,112.163766,0.187595,0.723688,0
143.406033,222.018927,406.411101,54.959012,1327.914899,188.223547,0.493352,0.425092,0.402388,200.747871,80.057743,27.417027,100.0,34.958032,59.037757,5.0,9.840599,132.477665,0.237334,0.087432,1
154.4565,264.085483,390.266378,53.950807,465.412046,315.439854,0.281086,0.626267,0.48072,363.045093,1500.0,16.409723,100.0,37.412896,10.0,48.360833,8.46539,69.841385,0.157723,1.039984,0
141.363605,156.533347,381.354975,42.369796,769.743923,132.882048,0.274894,0.699867,0.541252,274.568433,388.001346,24.319468,100.0,42.07784,34.033737,19.9721,7.676737,91.313615,0.236885,0.893792,0
300.0,430.484056,892.177659,18.226045,1373.924922,156.292,0.727881,0.365481,0.474235,611.311603,40.190538,23.847056,100.0,22.295672,30.342636,46.714479,7.368124,164.779754,0.331432,1.989925,0
80.027926,266.63156,634.367016,28.089581,1643.583597,303.405944,0.623032,0.412101,0.461289,784.979099,297.366134,22.641859,100.0,24.085539,21.370622,55.144715,11.385475,138.345264,0.359173,0.12748,1
21.591412,59.903055,124.141694,16.617155,514.566914,57.944741,0.109159,0.168674,0.368579,250.75269,136.97517,21.437614,100.0,27.510848,39.969514,37.917098,2.170521,56.631638,0.1,0.445086,0
39.46191,349.557226,548.606203,12.072368,658.205845,213.946037,0.422771,0.529922,0.354223,361.070848,881.378467,24.517687,100.0,32.254953,42.28166,22.736391,9.909948,106.258072,0.167147,0.973924,0
151.507067,214.659778,296.90334,25.899912,1990.687897,143.966955,0.390366,0.782004,0.756597,22.921783,67.121244,17.944542,100.0,26.827887,32.775204,40.371358,5.825559,116.388752,0.291436,0.155316,1
35.015606,291.730599,415.917749,36.670188,948.130625,354.884961,0.450835,0.192308,0.145858,284.448616,351.598758,19.464984,100.0,28.837686,63.597197,6.826864,4.617566,98.198503,0.192555,1.361343,0
51.519005,210.617106,595.606046,24.796297,1811.680986,259.698282,0.682031,0.625272,0.650565,58.858844,51.962123,25.641356,100.0,39.842943,10.0,51.525847,4.069697,143.903105,0.332896,0.894032,0
120.122821,154.418628,352.860946,38.59535,1003.428659,3.800255,0.326981,0.255413,0.255721,280.450515,213.522289,23.721897,100.0,16.006475,44.250322,39.525847,8.272029,62.098026,0.181488,1.529332,1
38.78214,248.638771,336.696962,21.29401,1023.090141,302.210604,0.379835,0.700125,0.609781,451.930201,249.761043,24.07335,100.0,23.223272,16.368784,57.809998,0.0,95.442575,0.156223,1.337886,1
156.861985,256.717479,401.311798,24.021779,747.254556,253.144676,0.521148,0.57625,0.659947,10.06655,84.46264,29.805166,100.0,24.402889,39.152519,36.843245,7.198134,139.220078,0.193959,1.166285,0
227.855906,367.735155,647.921025,48.487048,1371.277571,201.94593,0.519397,0.099121,0.189446,950.984337,788.728734,23.365019,100.0,45.662681,44.415289,15.054222,8.077117,106.903986,0.220599,0.578685,1
78.560586,158.762614,277.599422,53.30731,1578.888775,85.006251,0.269801,0.379988,0.399242,219.706449,64.198483,22.715222,100.0,32.768166,58.545639,8.480243,6.898805,51.819906,0.152579,0.534939,1
255.893282,345.941465,551.542591,22.711874,382.498885,53.753994,0.66809,0.752318,0.751522,185.099838,91.480359,27.899091,100.0,34.397477,32.78472,37.798676,7.957832,169.553807,0.334455,0.505558,0
189.157657,209.172124,334.885006,36.433369,723.774724,226.223843,0.386608,0.261154,0.216721,385.328527,628.782238,34.587379,100.0,22.708199,40.041374,36.915777,1.955931,90.897547,0.218827,0.837358,1
122.901678,270.505812,405.42479,20.298926,1357.539262,158.378498,0.429555,0.548977,0.547402,58.972365,252.41949,21.169226,100.0,26.496136,10.0,60.0,4.493231,107.156635,0.213318,2.399218,0
86.866852,184.893208,593.77955,7.933405,835.225681,310.183312,0.600854,0.790448,0.858039,509.824956,236.730654,26.713735,100.0,10.0,55.855952,32.390847,7.8528,139.687073,0.341997,0.484535,0
81.026029,203.851238,397.8361,45.582145,653.307266,94.454485,0.560463,0.646585,0.677043,413.894695,166.710685,22.436501,100.0,32.485394,46.968889,21.998728,5.999146,134.536387,0.342311,3.558628,1
61.004319,203.650658,454.22406,14.405192,1404.771077,229.507193,0.483683,0.713339,0.699181,16.747381,421.727361,18.302494,100.0,24.456101,40.083291,38.862087,1.810488,93.548842,0.257156,0.474978,0
100.563584,235.75771,427.452405,28.414189,1451.726602,89.583493,0.467891,0.637778,0.58493,461.143987,95.292287,23.844381,100.0,14.04746,40.141848,48.31807,0.0,112.43798,0.219819,0.172131,0
7.185001,159.130843,213.91137,31.787502,675.178955,229.074148,0.28015,0.460825,0.380873,104.316195,101.430727,27.643031,100.0,35.147532,27.026909,43.163567,2.255469,78.994152,0.177246,1.163101,0
195.115098,214.619835,290.761464,15.145937,1006.183264,17.404071,0.185554,0.335734,0.357701,66.524688,7.103109,18.983495,100.0,21.547871,30.232941,56.63801,8.668208,66.732256,0.157748,0.214768,0
258.988095,340.85974,748.418013,10.200544,295.762602,141.014674,0.786417,0.278156,0.334754,216.248669,178.433898,30.693312,100.0,32.864786,25.901962,36.749288,13.69138,161.234762,0.282402,2.109104,0
117.480946,151.126379,532.229352,24.140716,452.259545,62.166822,0.47028,0.091347,0.163197,218.251207,140.37507,21.64174,100.0,34.92136,23.41479,38.19899,0.0,110.904405,0.241196,0.030757,1
184.213812,190.606397,378.035164,57.375725,962.082616,218.136239,0.295109,0.685938,0.592595,373.610576,181.593833,21.328008,100.0,60.0,40.571101,5.0,15.311502,74.489844,0.185027,0.144656,1
72.6706,210.714207,309.259869,38.832457,915.703394,114.022099,0.188225,0.309791,0.344693,578.481859,95.542822,28.489368,100.0,27.473642,60.36049,17.953247,8.43772,71.141479,0.1,0.86332,0
58.508808,402.816698,448.364072,25.977563,416.561954,277.751742,0.327233,0.619117,0.680212,233.815698,1500.0,25.605625,100.0,33.875632,30.252456,34.043212,4.162151,108.561542,0.166699,2.740809,0
48.141315,56.002003,658.466859,7.140095,542.013038,41.25397,0.432763,0.799605,0.786231,210.744341,288.572606,19.598645,100.0,31.243516,39.861046,27.852747,0.130241,96.660019,0.193895,0.812247,0
40.509874,188.807915,261.507165,38.01503,367.477815,200.236704,0.219774,0.296493,0.167347,234.163121,92.455726,16.14967,100.0,23.368533,34.898689,43.299778,8.830059,45.984788,0.2174,0.059931,1
83.901426,158.783772,263.403666,10.07417,1127.529928,213.724031,0.280428,0.579012,0.652959,96.045723,78.090199,34.279705,100.0,34.00248,34.697393,31.170657,4.823124,80.45062,0.116784,1.960922,0
155.953498,246.443905,364.178552,34.839924,100.0,7.957476,0.515677,0.626436,0.579135,252.172442,659.460068,25.048359,100.0,40.242106,33.180074,27.648652,1.808162,144.177008,0.279425,0.907451,0
8.317031,153.155552,250.171197,46.357278,394.211385,12.954856,0.318718,0.561159,0.597557,95.503333,41.439874,35.233159,100.0,37.759068,63.019757,5.0,8.433963,99.990224,0.272877,0.603395,0
26.777681,157.409095,334.209925,28.297194,100.0,110.966462,0.409428,0.643756,0.634869,75.051328,635.452688,21.052106,100.0,39.377485,36.278172,28.674641,5.550698,87.651397,0.218607,1.03332,0
37.946354,118.09447,677.872393,21.467632,1109.510302,219.267158,0.80413,0.325843,0.260951,413.335784,75.889324,25.995207,100.0,23.030262,52.302586,21.371052,9.644851,157.639275,0.430863,1.122312,0
14.158288,77.48497,236.636154,7.606133,100.0,346.546798,0.1,0.819986,0.722706,52.885155,323.37261,16.604167,100.0,32.589916,37.109918,29.986493,3.946002,35.366093,0.120067,0.92977,0
108.088294,239.783547,455.629393,6.362783,915.864599,32.682064,0.526452,0.483904,0.526272,20.624948,8.899397,17.959366,100.0,14.259113,65.487614,21.048001,11.461956,112.361069,0.288572,0.193125,0
97.489113,108.560529,370.736302,28.651461,1719.762008,253.138598,0.446616,0.606425,0.546394,561.679762,207.621062,21.412268,100.0,12.783543,58.609739,30.58402,12.024655,100.530086,0.167257,0.509614,0
128.4428,272.314095,575.435509,53.58399,1736.716991,249.377804,0.671485,0.718679,0.699683,471.175908,238.15842,33.984469,100.0,50.462387,50.784606,5.0,6.776356,144.365688,0.379159,0.698099,1
4.8772,80.027309,267.590262,18.423453,100.0,241.010728,0.147822,0.822356,0.790133,226.708769,265.938511,25.393423,100.0,33.011985,49.456867,16.589295,8.573028,20.646963,0.116731,0.397763,0
117.275803,357.725549,448.3542,36.573053,1049.204801,185.813043,0.4237,0.563998,0.465146,126.621423,109.668777,30.526262,100.0,38.706739,48.069491,11.100651,3.35103,133.371047,0.224685,0.247577,1
155.298792,251.848302,516.017923,42.63682,405.514352,348.057342,0.445517,0.454744,0.511592,226.325325,321.738708,36.16912,100.0,38.745669,30.24233,36.240515,2.032675,118.117536,0.218243,1.422843,1
109.71645,342.072172,802.752185,8.345643,303.431982,180.63905,0.65355,0.933828,0.87184,159.536101,70.772745,29.709948,100.0,31.449712,41.941028,22.689105,2.990186,164.949172,0.270799,0.630833,0
68.02206,110.431957,154.51098,13.420521,843.265023,301.786949,0.462599,0.610542,0.597992,69.674622,41.864515,29.449955,100.0,46.441907,75.468549,5.0,10.199393,109.066831,0.282564,0.588027,1
60.40701,99.672812,213.160887,23.220224,1514.145578,94.507417,0.224581,0.591043,0.496336,242.960636,2.94081,24.796743,100.0,30.253099,44.939359,21.08569,6.289901,80.537907,0.139912,0.009012,1
90.474161,143.009689,366.681457,41.855125,1199.829437,290.27106,0.504402,0.20869,0.175884,53.800294,42.687952,32.692318,100.0,10.0,28.413912,60.0,7.459152,117.263816,0.216732,0.723594,0
82.418249,351.672171,622.356862,29.146931,542.429536,358.756464,0.699573,0.837933,0.850022,197.893643,130.860098,26.187342,100.0,33.704678,14.601663,54.542781,9.164765,143.428753,0.287909,0.345927,0
39.034001,132.642997,265.098715,45.380729,1252.516999,327.630956,0.181314,0.920928,0.851229,88.809314,52.60182,30.832649,100.0,42.081488,30.282881,23.589958,1.626459,43.36692,0.1,4.086264,0
5.551315,66.785106,368.336304,52.717883,100.0,109.465819,0.360572,0.489901,0.535327,87.457531,293.445857,22.07279,100.0,16.261361,19.506212,60.0,3.891255,74.095461,0.281092,1.810187,0
44.271184,174.223382,535.747171,46.710475,523.527101,304.616691,0.561412,0.67647,0.708501,93.144095,348.013392,28.170257,100.0,28.674171,43.868544,25.518048,6.703849,108.415557,0.282889,0.607654,0
238.460987,293.583982,517.279527,59.573596,488.054228,34.292564,0.579234,0.783093,0.843185,187.042166,17.620729,26.572426,100.0,43.988665,16.122488,32.925697,12.56135,101.548879,0.242825,0.542002,1
6.88761,135.74171,430.225904,46.489859,939.160346,243.974721,0.498762,0.24972,0.299863,360.37379,80.975993,22.072822,100.0,41.542828,13.934714,46.923669,4.964521,92.75022,0.213524,0.395972,0
81.350843,174.497769,333.983602,51.869856,798.586018,123.172644,0.5592,0.186815,0.405629,583.319665,1337.650438,15.559429,100.0,30.333999,41.085673,25.392682,0.492825,138.106347,0.327419,0.868103,0
200.011318,259.369041,329.022638,50.78015,829.264453,237.121232,0.47071,0.502911,0.543767,11.663785,82.535599,25.941664,100.0,23.295238,13.612752,60.0,7.070046,100.301787,0.258157,2.781321,1
130.773254,227.990225,316.159107,45.164617,812.640235,148.409643,0.434429,0.702267,0.708148,63.302057,82.047977,26.725139,100.0,31.689426,41.153981,22.713214,6.921462,111.44432,0.157407,1.377852,1
145.847922,243.184357,757.754487,49.0991,911.20362,3.251934,0.84092,0.960827,0.9,90.82353,400.671844,18.003762,100.0,34.432856,63.488113,5.0,3.929133,157.673206,0.224728,0.161853,1
134.083138,308.801667,672.729516,56.407578,1170.065483,83.259559,0.807099,0.377511,0.451183,5.0,101.144716,24.894755,100.0,39.912263,44.383345,19.919546,4.252635,172.182317,0.369577,1.541575,1
14.359816,46.501225,130.100057,31.136406,974.665513,15.259044,0.148283,0.31687,0.356907,31.224628,137.911102,25.793306,71.905316,30.173327,49.23123,25.91782,5.629215,41.310235,0.200356,1.346856,1
175.216308,242.82664,320.064996,40.105786,757.824092,153.817172,0.214102,0.703102,0.717207,384.692803,322.420421,30.671565,100.0,48.848224,47.507534,5.0,2.382543,64.742714,0.115929,0.883835,1
193.052738,307.879243,575.904303,33.321685,1100.87414,302.425663,0.528855,0.726848,0.665609,18.409792,300.247212,25.869689,100.0,34.30676,10.0,55.113528,3.275014,135.923647,0.295624,0.317957,1
19.903157,69.909944,842.931126,51.807034,1313.061772,265.678833,0.679128,0.436981,0.422584,430.741465,183.967063,28.224708,100.0,27.869963,10.0,60.0,2.902138,121.022151,0.406645,1.611669,0
47.786065,132.509591,324.269807,28.724778,621.987055,284.008387,0.277332,0.496281,0.466322,98.105373,113.745021,23.127778,100.0,25.646235,45.009599,26.140081,10.665466,57.028148,0.111687,0.025667,0
73.556463,131.968647,232.683739,50.084972,870.298635,290.591874,0.307762,0.647444,0.576873,13.7041,53.75973,22.147829,100.0,22.321745,48.834247,30.713574,11.662739,77.698091,0.139339,0.962095,0
48.305985,120.991621,433.599463,48.964502,1480.953282,133.898324,0.413215,0.555898,0.515667,102.011017,12.392623,23.19209,100.0,42.983817,45.387575,15.864717,0.0,116.195806,0.20706,1.566149,0
35.89549,75.47416,472.907721,57.903736,348.619661,182.169263,0.566779,0.547106,0.595329,5.701608,921.908458,21.304937,100.0,29.534289,42.733313,24.023603,4.484212,101.443138,0.297425,1.170257,0
36.7002,381.754647,649.963277,18.690638,1802.351098,183.042421,0.682829,0.778609,0.641777,10.450702,158.072505,22.574272,100.0,10.0,26.977734,60.0,7.176659,158.992853,0.336072,3.677079,0
116.981624,128.772979,372.782345,44.029073,230.422513,40.755066,0.45334,0.574295,0.726443,860.013,133.79381,27.121918,100.0,27.44967,44.28444,24.6229,13.656645,111.950645,0.232534,0.131967,0
142.676818,200.803616,283.181225,46.630572,727.317694,215.331164,0.214208,0.702395,0.630531,276.839894,78.431677,27.275302,100.0,45.264879,52.113103,5.0,4.827812,72.374492,0.283815,1.125653,0
36.848198,132.932719,449.314301,56.495317,424.905002,259.26472,0.394158,0.664484,0.629282,1087.83445,97.332777,26.679807,100.0,26.661432,30.199509,50.621201,7.929171,70.158387,0.259032,0.103052,0
141.989946,237.351005,508.710755,54.879633,1993.963498,219.948415,0.341407,0.981912,0.882374,369.682915,271.074491,25.867622,100.0,16.896582,24.999242,60.0,5.289602,76.369559,0.182591,0.032711,1
48.116552,263.456409,405.963642,36.543922,648.324986,268.547736,0.501873,0.405616,0.424269,30.923576,601.678045,31.938976,100.0,26.487744,16.13354,53.261772,9.145945,93.011089,0.246234,2.891095,0
21.371868,53.173735,117.018049,36.853425,649.579422,42.800857,0.391681,0.334073,0.373777,318.294071,462.533567,31.893343,83.850714,38.194532,16.88036,47.421748,2.949622,80.57533,0.198474,0.103289,0
88.750599,109.514931,243.3244,14.201018,714.62563,274.107221,0.324706,0.755295,0.843455,140.418488,108.898831,24.929794,100.0,29.014978,31.065146,35.911365,3.893027,59.089777,0.256216,0.362119,0
70.854491,135.920291,318.114914,58.622949,947.801404,74.930437,0.397167,0.492138,0.577217,16.548782,189.792298,33.342953,100.0,21.406783,40.76766,39.362335,1.575726,81.541578,0.143162,0.817368,1
91.37264,187.547996,470.440336,19.02596,735.779111,315.657656,0.446715,0.21516,0.22852,82.940781,117.353844,32.53504,100.0,38.096955,60.348543,5.0,8.469982,109.417246,0.224492,0.1182,0
90.215919,166.90326,482.203198,44.860492,833.556598,88.175272,0.488216,0.373772,0.44114,48.1313,364.345822,24.925579,100.0,44.346289,28.41278,29.068185,8.452647,106.687023,0.156504,0.727409,0
83.027695,268.234097,438.214942,48.768725,100.0,177.117258,0.599948,0.643078,0.699993,7.332828,37.160629,20.333484,100.0,47.743653,18.594394,34.635324,7.962515,110.814236,0.30534,0.157696,0
64.338243,100.200021,260.469377,29.266853,928.579918,175.415867,0.330474,0.671907,0.756726,25.92655,12.078958,21.85551,100.0,33.904212,42.154522,24.665288,3.36315,76.888046,0.221211,0.06245,0
139.688145,199.73788,549.937616,16.615655,908.903311,96.786115,0.631377,0.765896,0.683183,425.955549,531.816172,24.527499,100.0,29.725726,29.319376,40.357764,4.099756,132.947705,0.229598,0.849765,1
110.457992,252.908104,482.002091,15.392821,1419.284399,130.21545,0.639783,0.646482,0.704289,170.928581,154.933076,22.144355,100.0,36.441294,57.669617,12.61091,7.579719,162.667707,0.223982,0.140001,1
49.600815,147.004956,416.262124,52.10728,1554.530474,66.81483,0.563868,0.239758,0.207621,5.036576,175.955302,18.13401,100.0,45.490529,49.5139,5.0,3.92175,120.95991,0.278489,1.385757,1
48.544141,266.906365,410.479817,33.091607,806.145969,205.236251,0.452141,0.669937,0.680031,13.6015,52.178915,17.805132,100.0,43.10018,47.109389,7.798391,8.354741,127.605424,0.255833,0.093291,0
12.920572,110.505851,456.386659,9.957534,1308.114541,328.690089,0.498511,0.420072,0.392311,10.363224,113.289576,21.463744,100.0,30.876672,15.622051,58.20224,7.340047,133.650346,0.181961,0.023116,0
15.427187,46.831814,165.109033,44.436071,349.21561,113.978726,0.201711,0.56507,0.586055,224.127012,330.695838,20.505885,100.0,21.235884,28.207678,47.427789,3.26304,72.966118,0.137033,0.985608,0
60.610256,261.182777,818.974755,18.759408,1283.671171,182.90254,0.846021,0.231964,0.169974,383.754877,557.939448,12.635897,100.0,34.38662,54.125881,14.530925,4.427362,156.113497,0.409199,0.552145,0
126.987757,312.553369,387.641191,53.201711,613.7621,310.27702,0.388163,0.423907,0.374824,10.882636,269.858001,29.048565,100.0,31.57221,34.22627,33.253751,0.960705,106.030422,0.239959,1.111535,1
31.347994,160.084433,350.985367,22.026448,307.651266,162.899657,0.433349,0.64885,0.552099,242.504415,119.627139,30.225933,100.0,36.717559,10.0,50.717769,2.991837,143.65615,0.210862,1.83408,0
114.217224,499.80983,569.839189,16.014896,807.205661,299.253718,0.688192,0.209042,0.261911,236.145252,17.082314,27.570316,100.0,19.697094,64.628013,19.094101,4.789526,160.174212,0.286189,0.325349,0
80.724624,181.72329,439.106125,9.667214,1600.236224,160.700639,0.304629,0.304303,0.372045,73.016959,103.571728,11.376103,100.0,24.494416,32.949132,43.472715,5.386055,82.620601,0.1,0.275077,0
33.278363,140.078715,513.075508,33.134213,990.502768,158.487288,0.350366,0.588801,0.619907,392.288869,30.654126,22.858338,100.0,41.397361,42.938611,15.87382,7.480358,100.508347,0.164272,0.844972,0
73.006797,255.399067,525.540686,29.790567,1648.244074,56.606386,0.542244,0.585221,0.576144,53.924818,19.161127,26.722501,100.0,33.786141,44.596394,22.179458,6.817633,132.70801,0.28614,0.795719,0
70.738741,189.596925,327.734265,46.322168,525.633643,44.992377,0.445459,0.762269,0.720113,167.626018,6.868718,31.480232,100.0,18.789511,35.905748,47.376141,10.901985,98.429956,0.233723,0.358331,0
34.672606,140.591257,210.581413,30.553142,1423.925552,220.138828,0.307682,0.619258,0.669397,275.734609,447.291475,37.042963,98.890129,46.129854,56.939444,5.0,4.6146,94.555594,0.225199,0.506761,0
108.645047,128.90854,265.992547,23.909878,573.919981,297.840069,0.205002,0.652302,0.636309,211.425894,473.478845,24.072669,100.0,28.500833,35.303097,39.462223,1.789772,42.764225,0.245651,1.486354,0
136.057681,164.088254,438.993912,19.39102,1012.664336,48.746335,0.563116,0.47867,0.493283,313.585913,36.284465,24.936591,100.0,35.922537,32.814494,26.095515,11.060706,114.688493,0.277075,0.478794,1
53.491863,81.439149,170.013163,20.298071,1008.341414,327.633821,0.43534,0.692438,0.713733,51.857534,526.44512,26.92867,100.0,26.392817,77.224981,5.0,0.0,100.229334,0.129713,0.907249,1
23.549966,97.406703,148.402739,56.031635,1230.745867,129.196729,0.139274,0.42976,0.43046,137.004513,287.246412,20.484296,83.053682,34.742838,11.931029,55.577949,2.38587,34.717211,0.103555,2.291654,0
140.851978,366.274029,523.831196,14.079323,1025.37031,153.092594,0.472754,0.46897,0.348893,434.714736,17.872772,19.40212,100.0,46.149975,40.56499,16.358824,5.646576,147.000471,0.303116,0.692772,0
14.340212,316.569337,388.410968,59.349703,530.407731,322.003225,0.432712,0.40981,0.346564,27.658194,473.038566,29.309989,100.0,46.208999,44.069989,8.111372,1.405398,126.611812,0.292249,0.027891,0
86.309005,331.837412,554.165579,22.98057,1340.153476,322.666722,0.558465,0.531367,0.447442,744.977201,335.346125,28.081353,100.0,48.759385,47.766101,6.008118,3.974826,156.083962,0.192673,0.638142,0
31.313337,283.968328,454.251817,9.861463,1765.828297,188.949196,0.606422,0.614501,0.585506,301.256702,18.667697,22.794804,100.0,26.503897,69.202872,5.0,0.0,168.768955,0.248967,1.732707,0
21.550526,66.85049,220.540303,18.677971,608.098289,99.63538,0.315818,0.790818,0.649925,342.692911,141.247297,14.595821,100.0,38.859856,40.213649,15.996871,1.125645,78.07315,0.179934,0.124457,0
43.352294,140.696155,740.728862,8.212791,100.0,61.89821,0.70046,0.82125,0.750061,97.778872,31.810092,11.17437,100.0,13.370075,20.324151,60.0,0.0,118.316782,0.370771,0.343292,0
70.664191,110.828789,354.482161,48.451637,1149.659784,97.768817,0.342341,0.500378,0.614415,68.945157,16.994045,23.564193,100.0,35.34165,41.940396,18.533302,8.751818,88.060336,0.155011,0.100271,1
26.511507,151.566459,171.380153,33.19041,734.409803,281.025863,0.1,0.80051,0.742302,371.200068,222.68118,23.769815,100.0,52.112587,37.164949,10.691203,5.08939,54.717023,0.14422,0.205675,0
17.962088,92.399317,642.940056,23.534264,834.448572,116.852689,0.78345,0.623442,0.596368,53.194702,98.047272,22.527772,100.0,18.454228,56.784776,25.57949,0.0,163.467733,0.217038,0.697951,0
9.708405,30.720443,220.51102,41.412728,1178.088878,250.042126,0.350199,0.343744,0.293969,274.458778,292.306724,29.397083,100.0,22.607044,49.250082,29.421868,0.0,63.900862,0.1947,0.077343,0
200.123377,336.841301,480.345163,39.685559,671.803785,70.272296,0.499245,0.435384,0.555382,61.149705,218.561253,25.299929,100.0,30.192617,34.712608,31.07214,7.018227,109.152175,0.194921,5.584342,1
91.721282,145.600548,358.08871,56.692965,765.574014,172.261308,0.415249,0.389894,0.506989,840.447033,65.832019,12.141128,100.0,29.10269,30.548265,41.644455,6.462627,91.945908,0.210786,0.563851,0
33.508011,123.420894,201.164918,57.869328,849.940242,126.758238,0.260224,0.673705,0.68131,674.318951,521.343796,35.995127,100.0,40.861023,44.481881,16.341529,9.414824,92.746014,0.1,0.278471,0
95.233014,159.04886,325.08015,42.437608,1634.876969,181.300436,0.199764,0.637513,0.777981,542.212246,700.142262,8.928583,100.0,40.126582,42.433788,21.448903,1.169022,69.75378,0.151059,0.026811,1
70.103829,219.90563,559.487242,49.979876,915.034802,205.180305,0.433442,0.785744,0.729478,143.323354,490.305626,20.708022,100.0,10.0,12.552554,60.0,10.552913,103.76178,0.259327,0.865651,0
117.217998,226.071899,375.673598,48.583381,282.16321,356.736587,0.398898,0.298346,0.28652,254.739193,235.978927,18.002672,100.0,20.3238,15.480205,60.0,5.911953,101.02755,0.230256,1.097515,0
57.164109,153.59244,279.208709,32.021694,302.060759,323.962217,0.315208,0.773108,0.617288,77.753264,163.260144,26.917443,100.0,30.130953,45.544125,21.900241,3.097287,82.982465,0.246146,0.976468,0
132.829476,372.775528,480.090111,43.745206,969.614961,250.511932,0.506864,0.777921,0.747957,97.388796,158.40944,16.286908,100.0,25.538053,22.326728,52.706049,2.791537,150.448435,0.263446,0.158081,0
38.166749,105.522295,413.380142,9.304245,335.286,55.347649,0.621128,0.636707,0.581199,42.580268,57.127048,27.968484,100.0,35.8395,15.795042,48.258282,1.732633,126.992154,0.305384,0.444478,0
80.198836,211.101677,436.565812,46.69116,118.848257,330.85028,0.442447,0.720812,0.674494,230.977744,272.856041,22.12558,100.0,36.356751,43.078486,20.011915,1.739584,135.305578,0.205187,3.131941,0
126.839708,196.151408,747.590853,57.900815,1217.767995,321.330985,0.659177,0.792104,0.785823,33.413035,70.753953,28.329267,100.0,10.0,18.653999,60.0,8.884586,138.672751,0.331309,0.032699,1
83.333112,520.280375,1000.0,9.673611,1242.249201,319.213235,0.955301,0.633602,0.624193,102.546656,370.422158,9.637781,100.0,28.443688,33.570352,39.772845,8.592015,200.0,0.387957,0.625393,0
243.871056,449.600229,606.275915,50.986368,715.931733,172.446071,0.475649,0.623284,0.627797,312.473445,44.536344,22.80541,100.0,22.520114,49.844381,29.242336,19.623467,149.879512,0.230312,0.767672,1
115.572146,406.559599,671.226684,56.313901,1046.829646,61.454416,0.686099,0.282495,0.473419,56.854767,129.893815,28.195134,100.0,33.188282,19.405531,46.572055,8.007072,164.183584,0.373754,4.650134,1
94.011706,200.710961,340.150343,17.440389,994.060822,271.585157,0.316645,0.71769,0.627913,184.013035,765.601864,17.193863,100.0,39.271287,46.309882,21.413326,5.977761,125.688503,0.276126,0.365462,0
50.434279,261.940786,386.806396,33.864615,1201.209693,139.865414,0.451291,0.701612,0.611037,478.183349,137.850398,25.862558,100.0,29.613335,50.743043,15.630804,6.016048,104.731539,0.221149,0.015207,0
81.555845,118.353473,237.473453,56.032202,1202.374952,124.044584,0.283827,0.668282,0.599177,152.469026,174.99211,25.664555,100.0,17.853314,21.55574,58.988975,14.445163,70.098114,0.199126,0.221408,0
161.046192,192.443848,302.669593,57.81243,100.0,140.681525,0.34312,0.622443,0.615341,90.838075,609.353537,25.498198,100.0,46.475155,62.075465,5.0,9.60339,64.946076,0.162019,0.333477,0
45.037602,127.549696,468.732903,12.033531,779.750521,201.265401,0.561074,0.405059,0.415864,51.048852,611.888448,21.830739,100.0,23.314103,25.380701,48.99833,0.0,136.435871,0.24379,0.344887,0
30.267475,152.820966,276.628616,24.195232,1158.952094,120.066779,0.408573,0.282567,0.373323,155.456691,138.890443,28.371651,100.0,26.197633,42.835301,30.215334,3.097979,124.878588,0.1,2.246836,0
45.262956,271.854713,413.853729,43.397955,694.771704,248.37142,0.655089,0.462293,0.562462,126.18671,28.816422,26.090229,100.0,11.042528,20.973679,60.0,0.566509,150.976495,0.337414,0.531114,0
43.157903,143.667933,366.683522,17.185717,918.10132,233.180566,0.481112,0.508252,0.555772,437.155683,116.089299,25.740247,100.0,37.845934,24.765675,37.456831,10.541439,128.849451,0.225589,1.290044,0
103.986559,185.718108,396.035989,22.862385,1275.349991,183.190541,0.412133,0.587779,0.571519,254.80979,61.119356,20.528407,100.0,32.170934,60.959288,15.28894,7.529208,78.873197,0.3076,0.938827,0
224.363558,394.938764,592.238041,6.281008,940.462617,19.430363,0.54014,0.73944,0.709563,68.185255,9.285515,18.093602,100.0,37.404695,65.26183,5.0,11.559571,152.934664,0.232204,0.714138,0
15.142055,295.672562,673.531732,13.443692,1653.959709,337.155366,0.707188,0.248184,0.289386,487.887359,191.771156,26.870562,100.0,23.111062,52.853086,22.948368,0.0,164.560988,0.326861,0.627137,0
71.702111,250.267023,371.747262,35.928122,1463.493126,148.210662,0.562129,0.628274,0.732565,85.628152,11.886617,19.765102,100.0,39.14647,30.021921,32.728284,7.739861,159.496527,0.313588,0.056994,1
26.630422,164.180097,274.064045,40.919954,840.717924,161.80315,0.418583,0.70736,0.760686,423.670466,30.795464,32.656806,100.0,47.572023,21.174531,22.83705,4.520187,109.354588,0.351519,3.054331,0
89.14248,299.478127,311.503349,40.690151,800.976915,164.171704,0.293548,0.751785,0.761328,300.12823,353.26253,36.227099,100.0,10.0,10.0,60.0,0.0,103.772234,0.139578,0.618421,0
97.318292,296.818564,565.796735,47.809826,100.0,131.410065,0.626186,0.481238,0.606172,28.051135,223.818783,19.76175,100.0,36.887505,40.880946,26.431924,2.500021,139.298773,0.275384,0.307765,0
43.335481,222.448666,485.827143,27.840478,736.748902,242.851648,0.535154,0.823812,0.809175,33.53311,172.750483,19.064947,100.0,15.901691,10.0,60.0,5.77101,137.672678,0.275356,0.913694,0
106.145025,308.911713,665.467044,20.041989,223.365554,5.01037,0.770558,0.771849,0.642881,25.842128,60.086371,26.656635,100.0,36.965153,31.936641,29.018126,15.119638,146.953657,0.333799,1.689411,0
37.135315,162.39194,317.959702,5.856939,1010.614771,314.462999,0.400407,0.606838,0.6711,32.36864,203.467197,25.827599,100.0,43.780513,45.559012,9.146814,6.435558,91.037171,0.254814,3.149928,0
37.077818,355.50301,528.388051,16.36464,976.435356,36.878049,0.575532,0.895224,0.725681,160.843689,245.995456,23.811464,100.0,20.617866,22.557322,57.824812,6.162349,138.575124,0.289674,0.076399,1
32.022226,64.122071,396.42668,22.18133,1247.927878,359.896923,0.318837,0.671681,0.728046,43.025008,42.362399,27.457836,100.0,23.083932,36.186898,41.154334,9.882333,45.78974,0.254352,0.585395,0
45.697621,200.175888,336.251466,14.801377,1598.335236,226.109747,0.46502,0.71768,0.735513,49.018221,67.342889,28.239892,100.0,33.498081,30.061333,38.23578,1.267927,119.498529,0.230116,0.083867,0
66.16117,123.560393,311.146745,6.107946,886.865285,23.848731,0.225415,0.628147,0.589488,130.211678,1023.886406,19.36954,100.0,31.829877,45.312696,20.32921,5.917857,43.274884,0.201598,0.223813,0
60.33897,176.774676,550.418237,13.659618,2040.208156,202.477341,0.576815,0.406888,0.410592,252.070609,370.798505,18.873687,100.0,16.953993,37.459854,48.3167,0.0,141.558404,0.280454,0.07533,0
76.982948,111.305382,369.59001,41.635475,1016.225723,119.270805,0.359074,0.197178,0.332804,90.518488,14.97023,12.801823,100.0,25.749303,26.617407,47.252464,6.33453,70.186474,0.234112,0.349532,1
102.13064,174.810349,326.538997,39.627198,244.891803,343.09556,0.316582,0.455199,0.435176,16.034944,88.402598,13.86431,100.0,23.513703,15.627006,60.0,4.087324,84.058716,0.202274,0.505532,0
77.785035,158.41342,486.157942,56.4626,618.964062,271.969562,0.571494,0.795344,0.789124,388.728469,15.360179,18.282325,100.0,29.486598,68.709027,5.0,10.96147,133.911736,0.276696,1.236501,1
197.40806,339.200066,515.672983,48.899256,713.62665,182.525281,0.538,0.632765,0.653793,49.705988,205.0864,21.989073,100.0,51.298962,27.238597,25.695788,1.694443,167.430915,0.231496,3.10539,1
70.07122,137.817682,470.162036,36.226586,1196.063576,154.719864,0.260296,0.27218,0.266445,102.808203,233.66562,28.807868,100.0,33.730132,23.217556,40.90602,1.825133,65.190226,0.213536,0.894268,0
120.096418,206.005097,431.094189,12.565599,426.37505,358.512792,0.446645,0.740771,0.705391,121.552655,1060.676776,27.685511,100.0,20.17553,56.612257,19.414925,11.280362,97.978526,0.184033,0.228676,0
12.885747,188.717842,320.930576,36.02395,751.012059,240.258271,0.333959,0.67906,0.750001,159.703863,297.063421,26.814775,100.0,34.990083,35.320386,29.623946,8.249089,105.627563,0.228918,1.284503,0
76.995443,306.996872,389.948518,8.387728,819.47986,185.014707,0.557199,0.768739,0.725867,88.899854,41.49417,22.821173,100.0,29.168703,52.878773,14.405845,4.376861,138.109577,0.305765,1.172827,0
59.766672,137.651058,435.502427,28.698669,675.939596,143.259882,0.345937,0.218304,0.267049,8.696972,67.353863,37.40324,100.0,47.820945,37.659752,15.591154,7.06948,95.144754,0.311347,0.139049,0
55.354824,309.648659,625.758977,26.464225,1305.707691,116.849829,0.823588,0.552292,0.429465,85.832456,54.176556,16.869101,100.0,27.094433,41.679294,34.188305,5.975003,180.727231,0.410685,0.06271,0
158.740296,326.44939,731.151223,28.52976,1220.660694,253.950993,0.807151,0.556537,0.473325,5.0,16.546145,22.498075,100.0,28.665264,45.439742,24.451673,16.855753,173.316462,0.269012,1.211975,0
250.460211,502.447698,776.931508,20.390426,1483.283568,211.638785,0.732589,0.697271,0.776999,5.0,39.880973,26.049194,100.0,44.233805,37.007763,16.258102,10.215316,177.381221,0.288585,0.098925,0
102.938665,213.913066,378.455308,42.720675,734.487409,305.346541,0.3798,0.118142,0.019745,53.832682,18.578386,17.502025,100.0,22.676281,21.604142,58.647387,8.854707,123.994098,0.211829,1.011973,0
9.546458,94.208638,313.915581,51.251946,1501.263784,199.28186,0.303001,0.538423,0.505828,282.225512,327.441648,22.197258,100.0,18.891829,30.508682,47.520967,3.311993,55.529867,0.165557,0.634149,0
41.352827,140.083189,335.050575,47.268435,218.001457,209.6393,0.416729,0.337204,0.294789,175.70304,409.103102,15.347848,100.0,34.986546,10.0,50.346661,6.176494,75.305104,0.243673,0.127601,1
15.652002,154.763314,315.540148,39.526365,205.80785,171.848338,0.289424,0.534752,0.549267,189.569662,86.542686,21.971698,100.0,33.863835,48.374796,20.436166,0.0,65.284507,0.118608,0.090821,0
75.397795,184.615441,260.194822,34.608964,293.099157,274.543541,0.309432,0.410224,0.437651,473.316034,532.487432,32.857451,100.0,17.379915,25.795982,57.387888,6.765467,111.163355,0.1,0.430515,1
93.186718,204.758826,289.098182,6.70963,904.605846,149.397183,0.237073,0.256606,0.278242,60.93141,192.185762,25.010152,100.0,10.110931,17.922435,60.0,6.179253,107.3072,0.115504,0.199668,0
11.601051,178.287378,482.491978,44.76137,1501.189058,306.698258,0.581395,0.606409,0.682657,261.773866,430.683324,35.588557,100.0,35.532348,47.923454,13.745942,6.069445,139.311779,0.390776,0.375769,0
178.960371,247.43086,353.499015,34.974062,598.92896,117.736114,0.417422,0.524462,0.674142,189.629193,2.820652,32.529774,100.0,35.463586,37.481058,29.031897,13.436693,80.02213,0.280381,0.355506,0
21.207662,140.91234,295.97722,19.890758,661.653298,249.345017,0.304783,0.325558,0.376588,47.318759,158.756296,15.149103,100.0,37.953341,55.921002,8.389375,8.939688,90.349305,0.158586,0.563281,0
89.888999,123.822689,176.459551,23.031312,791.991022,321.469524,0.225816,0.280812,0.332227,78.137572,260.28558,17.101969,87.914725,43.083579,10.0,41.050501,11.192568,65.584475,0.167889,2.412111,1
176.226552,279.379904,335.661435,56.458373,1186.414062,276.866591,0.316024,0.593368,0.680558,505.921592,495.190501,32.608848,100.0,33.099659,32.087302,43.505393,5.312761,81.827866,0.141007,1.335503,1
76.56433,156.109421,263.843456,39.339923,661.187348,123.338931,0.355596,0.584715,0.538151,129.968681,228.64797,23.428828,100.0,30.300405,28.285823,37.233697,9.630846,111.348943,0.246825,1.701776,1
35.005094,116.868833,414.188054,31.175184,633.291521,254.282041,0.326554,0.647465,0.627939,123.751047,177.773237,15.150078,100.0,39.894147,50.318929,7.784225,6.929214,102.407032,0.141631,0.615541,0
33.09991,74.184429,382.160128,39.150696,227.302368,74.514533,0.515031,0.37865,0.426049,87.581895,351.774131,29.730804,100.0,33.122916,40.800567,24.639446,8.888218,95.707294,0.240678,0.037879,0
78.206734,143.649837,355.386016,27.755828,614.139444,20.939429,0.419408,0.600204,0.625122,571.617832,76.345149,33.245945,100.0,15.543325,63.74342,14.684305,4.64889,113.210886,0.18866,0.352866,0
120.276256,262.049898,380.062493,30.860025,1488.730876,284.897426,0.378188,0.747129,0.729282,146.989281,509.85298,32.950058,100.0,34.567839,65.128932,5.0,7.068527,94.891279,0.200311,0.669463,1
87.472202,136.617627,566.149279,20.967009,945.463004,290.883281,0.639996,0.501558,0.559708,594.20118,407.429563,27.004323,100.0,39.165279,48.958212,10.042792,2.236944,131.704281,0.318385,0.163245,0
32.404653,51.07423,204.331576,29.191932,530.072745,8.255138,0.312543,0.661706,0.866047,73.625433,112.922327,31.145943,100.0,21.983422,42.472224,34.385061,9.811729,52.372451,0.188345,0.335837,0
58.570234,214.757619,668.355579,42.707573,1518.071986,341.206205,0.563539,0.569946,0.474232,207.754838,89.217695,27.13322,100.0,50.830832,15.597002,31.160419,6.313556,115.104666,0.326784,1.912087,0
28.286362,397.708012,638.450123,7.196806,607.393249,160.523938,0.77342,0.42851,0.437678,100.706285,65.227414,18.215651,100.0,28.516612,47.269706,27.66313,9.531288,154.915981,0.300828,0.26446,0
27.976115,90.345324,432.201735,48.726507,1609.97779,325.897973,0.217716,0.731916,0.710296,11.502565,56.977014,30.690789,100.0,43.811512,71.908596,5.0,1.07482,55.606944,0.1,0.486499,0
26.530286,340.790111,683.819648,20.563875,1601.803489,283.742829,0.790201,0.489798,0.476036,338.194508,421.34937,22.718213,100.0,21.189471,58.839922,22.741444,4.310895,147.133099,0.365116,0.6338,0
48.154792,64.532838,105.765719,42.540789,928.005813,324.23527,0.173586,0.517539,0.632976,89.72306,301.432307,35.118371,96.242982,41.089389,29.196021,28.709318,6.038162,93.560484,0.221847,0.358092,0
63.816019,213.730196,296.184505,40.349892,150.725236,300.015228,0.450812,0.384986,0.439944,249.28274,293.428238,21.948122,100.0,47.122854,33.421147,21.471239,0.0,100.892848,0.186871,2.763622,0
70.060177,127.257036,272.980323,40.894543,2044.750308,350.638333,0.476075,0.635025,0.636092,51.068589,47.927672,22.60403,100.0,23.195637,66.576823,10.810791,9.030679,109.937467,0.275514,0.143445,0
83.90319,447.378338,554.812897,38.44709,1093.638028,226.47636,0.528845,0.446314,0.462248,33.692365,127.442034,17.510373,100.0,35.202095,19.929767,47.135471,10.842692,152.879802,0.242274,0.518698,0
34.196636,125.964711,376.065311,57.750601,738.056488,81.813185,0.381609,0.809241,0.9,6.947235,24.872385,28.361563,100.0,29.388909,42.201049,25.252963,3.461224,66.62632,0.174065,0.013966,0
64.92456,130.90796,393.956276,32.958929,1378.063957,140.242727,0.466326,0.550243,0.522837,8.469811,1090.225394,35.415898,100.0,20.717776,27.419049,55.401903,5.560608,111.389508,0.203686,0.72496,0
71.598852,75.164218,211.793028,45.277551,1251.151394,270.67653,0.16666,0.384126,0.338585,196.960601,373.563586,28.818799,100.0,33.23696,30.48542,36.833998,3.274455,42.243466,0.163308,0.352011,1
148.835858,333.051261,459.38305,43.799713,1555.469175,56.50894,0.457308,0.651031,0.681485,93.211858,105.454611,24.513126,100.0,28.440313,44.448426,27.217198,13.588817,125.655786,0.307498,1.203691,1
12.077134,188.427316,515.086131,17.994717,568.826106,334.743241,0.496165,0.913668,0.833468,168.748724,150.256844,21.312627,100.0,29.105082,47.417064,27.632389,0.0,112.981136,0.313179,0.07784,0
16.448816,262.4589,390.385412,20.581821,1059.236706,73.900409,0.313212,0.786465,0.743834,470.021873,68.648015,20.081666,100.0,19.147597,30.27668,49.723893,0.0,89.214642,0.232652,0.434209,0
99.050672,223.8744,587.485889,28.32094,307.064885,315.350906,0.552448,0.621396,0.590472,83.582653,80.139208,31.363734,100.0,41.417853,51.931792,5.555238,9.092597,114.055826,0.280323,0.813772,0
106.963539,191.41113,406.78587,20.273386,1233.167198,174.14062,0.521073,0.503883,0.543839,114.406934,375.77687,20.23437,100.0,27.385274,49.711856,26.862799,7.614253,136.942664,0.230178,0.078835,0
99.363618,317.680013,533.645858,25.17087,888.527315,302.623253,0.621686,0.483277,0.496855,76.917557,316.707141,11.509967,100.0,28.744919,50.383215,19.697943,8.251696,167.441776,0.344219,0.246819,0
98.580015,171.542762,263.511714,26.502834,1040.504628,344.986451,0.306264,0.475462,0.4088,580.788132,160.524709,40.0,100.0,20.502905,41.454464,37.430845,6.925432,92.762966,0.25401,1.279299,1
224.645299,255.937327,541.657673,38.212551,826.825138,151.973083,0.566646,0.035741,0.151686,134.642638,233.047925,25.782435,100.0,43.867159,61.971033,5.0,13.752782,136.611658,0.257039,0.142288,1
136.971431,283.539247,364.557763,17.093952,774.50559,250.777635,0.379454,0.113521,0.224272,161.074816,464.777875,21.763773,100.0,17.588218,22.023101,57.631088,6.312511,91.823972,0.190629,0.265312,0
13.798481,215.838471,501.219923,49.236053,465.884413,81.618337,0.3499,0.686682,0.719304,343.664824,145.040876,20.018065,100.0,14.345636,40.823933,47.852681,3.86397,101.481787,0.223607,0.591671,0
52.290605,77.484744,339.827893,29.0645,1295.215107,288.282858,0.287184,0.51043,0.512048,66.96147,736.854955,27.325969,100.0,33.540414,32.302639,34.889018,12.655239,64.941451,0.129833,0.140292,0
49.827424,168.141188,434.343104,43.843426,1644.852018,295.173234,0.565091,0.786177,0.793977,349.348597,209.869353,17.113461,100.0,26.539388,43.601416,26.590713,7.49252,95.104708,0.289067,0.4589,0
60.076289,244.844935,506.646349,9.479336,621.665821,106.288453,0.650373,0.536031,0.494266,108.294131,269.850442,20.291218,100.0,38.89901,55.825911,5.0,2.185756,134.526437,0.208222,0.151796,0
44.539924,112.769669,438.664202,30.848097,1176.770252,8.690674,0.387032,0.528197,0.508871,164.0352,69.501426,26.608234,100.0,49.059793,17.20502,30.919764,4.302262,87.10931,0.266968,0.754681,0
22.917359,334.452962,579.524966,6.552074,1116.091812,155.233891,0.704505,0.283491,0.281821,537.634771,121.726096,18.754818,100.0,46.123018,38.094136,16.857069,0.0,173.743951,0.332734,0.77039,0
72.622659,135.003466,177.571452,42.17505,904.048906,61.200192,0.130866,0.573338,0.59748,33.852298,13.125855,16.981908,100.0,42.526146,29.260872,29.603194,12.029638,56.36991,0.132347,1.005216,0
155.765194,218.176355,447.442772,23.904054,136.702133,294.678389,0.428612,0.471968,0.406629,109.127287,32.175051,20.855251,100.0,21.9672,57.149065,19.057987,3.015127,104.312068,0.25639,0.098346,0
43.372314,117.131783,218.309182,57.208905,249.201324,93.99502,0.273682,0.646532,0.550519,544.756536,33.630471,22.328415,100.0,43.502966,63.240795,5.0,6.64876,71.292996,0.151841,0.365706,0
83.384844,130.133923,194.218882,22.826832,509.509024,339.729405,0.237769,0.42614,0.449828,284.025532,90.226467,22.561801,95.509887,27.003316,19.603721,48.362938,6.779031,83.061667,0.211283,0.163231,0
61.51072,123.885739,213.735429,36.009324,100.0,349.851226,0.212458,0.639317,0.608172,67.544493,537.370293,22.395143,100.0,19.452916,47.617453,37.264143,0.0,49.344578,0.213604,0.397803,0
98.544813,213.97098,333.174921,19.156317,1604.015365,327.180933,0.395873,0.621582,0.642195,24.977861,320.772399,25.700676,100.0,37.973134,80.0,5.0,4.073031,103.077919,0.255977,0.110088,0
57.136478,109.413598,380.145865,39.106195,1083.851615,215.861212,0.500769,0.134438,0.231209,127.379578,232.17633,19.843223,100.0,27.248321,41.434379,32.976785,5.840138,123.403262,0.293312,0.163779,0
37.920543,195.081011,349.751948,30.687329,885.019476,96.274081,0.251914,0.630128,0.7635,681.588435,314.440887,25.793935,100.0,30.266884,37.567276,28.97808,1.784187,79.157721,0.32763,0.289668,0
45.502307,73.342702,395.593199,25.384554,100.0,290.613029,0.448876,0.504236,0.410161,413.491304,59.07237,20.525922,100.0,39.419877,44.668281,14.811596,2.859152,92.116351,0.317441,0.227142,0
151.509113,204.38795,316.5699,16.202914,100.0,252.574337,0.465576,0.711339,0.647364,66.821258,398.917074,23.293289,100.0,40.567974,52.725553,5.0,8.887834,107.621918,0.212004,0.02042,1
67.939582,383.474968,541.684697,11.133674,898.829306,351.780605,0.519158,0.657626,0.625433,108.615315,17.79093,20.196831,100.0,28.635288,60.432452,12.846598,8.690682,108.175262,0.270753,0.428731,0
66.17555,127.018896,242.983345,11.593352,1885.244983,135.810723,0.251848,0.52797,0.448111,208.601675,2.699522,13.146192,100.0,33.499979,63.151991,5.659378,5.189366,73.421625,0.1,0.208677,0
148.159045,250.537109,282.242144,59.947201,550.677902,21.15648,0.254824,0.537181,0.601251,690.777037,122.7071,25.831001,100.0,42.148823,22.201133,38.063237,2.972571,64.836368,0.205331,0.854646,1
167.893726,276.616975,466.561296,27.67709,1331.899007,359.419078,0.696613,0.759946,0.688693,56.470013,390.581756,30.414555,100.0,24.038167,56.937069,16.609033,5.330176,153.669151,0.296399,0.751833,1
4.730551,48.227766,761.513936,5.106134,660.048796,301.77491,0.896606,0.35496,0.327081,464.191299,565.980658,25.546908,100.0,14.550649,37.197606,48.55508,0.0,150.786273,0.482503,1.18577,0
16.904859,73.261258,139.217231,57.411083,927.61963,79.736288,0.188846,0.805544,0.840015,93.532615,86.352573,16.603305,99.416114,26.599683,35.231567,34.508519,1.005136,85.262475,0.180603,0.347028,0
118.438332,252.72594,539.58363,6.098896,1507.341924,261.226032,0.676674,0.277271,0.461616,34.151129,35.751539,16.047718,100.0,28.419265,33.829823,38.118751,0.0,142.226967,0.29305,0.967959,0
70.475598,131.587296,458.910464,28.022237,727.024185,0.248463,0.437464,0.079743,0.194135,148.654936,154.699052,29.098303,100.0,30.550835,49.965887,21.796421,6.085187,65.809885,0.237514,0.313848,0
168.340305,226.742191,423.090847,44.461267,554.947546,200.811261,0.444066,0.433314,0.295739,176.432953,449.33306,26.504798,100.0,56.888878,29.787864,12.140526,6.339809,108.291454,0.290012,1.424298,1
12.159998,68.246006,140.388971,55.302958,1609.035277,130.621767,0.113335,0.445898,0.31107,178.587975,16.114331,24.949709,96.316276,24.004527,59.803759,15.723552,8.432544,22.861322,0.159729,0.032499,0
78.686329,322.282794,912.11511,44.208746,922.778911,137.279895,0.690986,0.441264,0.554705,88.152878,218.661399,29.124879,100.0,30.179079,35.616716,31.327633,11.06471,162.159964,0.286973,0.241056,0
102.378063,314.207499,573.575521,30.499417,1445.602545,88.02713,0.529521,0.0,0.086338,78.289896,229.098842,28.039183,100.0,22.511674,51.047089,23.934077,0.0,144.449219,0.335726,0.180089,0
50.507568,167.292147,620.260942,58.594312,557.375553,98.944278,0.58472,0.866938,0.7627,57.540105,90.246206,24.765547,100.0,34.59155,47.055608,15.891145,14.429594,110.125471,0.1736,0.093556,0
113.514765,203.91089,253.435315,7.162566,1603.337104,163.680719,0.358078,0.430332,0.436812,98.371465,61.726823,32.379844,100.0,37.746163,21.965444,38.129082,7.155897,98.964991,0.136003,0.287413,0
120.116933,232.364202,355.591019,59.279071,1036.813637,89.332213,0.467746,0.50669,0.564324,226.154988,212.376967,34.313675,100.0,40.217025,23.622122,39.033696,10.929309,117.14284,0.240809,0.307555,1
62.11241,203.276852,270.258792,51.716535,1117.393813,167.918381,0.31745,0.767489,0.866199,27.267928,159.102928,31.701284,100.0,34.772335,48.694005,14.376617,8.999974,72.267353,0.170785,0.03463,1
58.70009,200.527028,548.941658,56.091151,965.814656,207.845179,0.467487,0.584026,0.683385,41.639409,1010.742378,28.60227,100.0,33.03812,16.158469,50.731459,6.264502,102.877308,0.257765,0.613366,1
128.721364,190.490186,239.98232,19.012483,647.262509,256.000112,0.238191,0.76496,0.660595,150.657473,30.38525,24.699101,100.0,10.0,40.312556,52.121372,0.779734,95.783634,0.10632,1.167721,0
77.527198,155.148775,324.25652,12.835194,899.158595,243.772434,0.534728,0.41202,0.392076,390.106157,643.921286,24.291516,100.0,39.876531,30.505723,30.529964,3.779629,113.227778,0.23053,0.571516,0
97.196569,168.900565,325.846686,41.48234,678.704881,87.116138,0.439884,0.509447,0.652833,315.218439,330.563645,28.497131,100.0,47.131069,31.406698,29.197398,0.0,97.910746,0.179865,0.347525,0
77.213916,201.147043,239.254751,33.372269,1379.773031,14.108253,0.445651,0.493327,0.549493,277.370755,1.461726,20.637785,100.0,23.391538,44.079269,34.558932,12.65904,109.465368,0.17813,1.647459,0
74.214087,310.026486,584.348795,33.774238,798.471416,299.765472,0.774393,0.790796,0.664188,262.190663,213.393114,23.643206,100.0,22.46958,59.131201,17.437768,2.831818,162.514293,0.346298,2.287233,0
58.582113,161.382752,404.715562,55.854055,151.746386,314.032623,0.378262,0.349658,0.325538,386.753848,87.763517,20.394343,100.0,19.958071,46.646046,29.101447,7.829594,90.520649,0.159477,1.640751,0
102.058062,211.930026,330.105357,39.10445,100.0,352.400227,0.462607,0.336305,0.448063,636.377469,22.594338,23.572958,100.0,38.809394,16.182643,48.566389,1.291915,117.673653,0.21795,0.33809,1
31.487675,83.803079,536.322175,22.108511,100.0,345.496161,0.465655,0.489941,0.541918,136.106186,237.785707,19.076085,100.0,19.581306,38.785473,40.267052,8.647182,100.639788,0.220821,0.243753,0
12.877742,36.620018,81.356953,27.003661,1208.985379,228.17305,0.272484,0.411306,0.420068,108.327555,371.961856,22.705328,91.552397,30.622683,51.5169,15.478032,3.816871,104.468318,0.174474,1.056945,0
66.071192,141.975207,169.08543,12.342271,324.247844,321.937813,0.326506,0.643594,0.567637,113.070406,183.808449,21.645106,96.166349,15.648465,32.765816,48.782765,8.578802,107.824344,0.109062,0.723832,0
170.136735,332.208791,534.850021,15.577272,1050.042888,161.283031,0.343215,0.409721,0.417602,497.238001,49.187797,30.431907,100.0,36.570255,36.361668,23.682982,11.340437,105.54896,0.220365,1.016386,0
77.617938,130.88898,220.744525,12.884254,968.287259,283.44083,0.32791,0.399826,0.289645,189.499379,945.762085,30.97286,100.0,27.224705,29.230259,42.838645,0.0,86.711759,0.162418,0.314463,0
54.221373,73.290755,247.264709,49.566024,867.645703,343.920435,0.224518,0.498419,0.477417,254.418511,211.514845,27.449514,100.0,34.346904,55.80281,8.275749,5.365697,44.728508,0.173522,0.018051,1
48.528732,194.045442,573.635371,43.768041,1119.202602,286.660281,0.553549,0.0,0.16163,375.635616,293.998348,15.140463,100.0,22.590208,21.849536,56.126841,4.088403,113.350461,0.265576,0.122822,0
45.817846,180.950647,244.524359,34.168976,979.151769,149.675532,0.241876,0.651678,0.60889,5.0,329.829256,27.596007,100.0,24.159522,31.359002,51.107901,1.184886,74.24454,0.18033,0.910795,0
1.85254,65.573611,416.666222,25.590231,100.0,135.993329,0.544961,0.816418,0.831011,798.192648,15.434329,29.260868,100.0,25.696869,21.136345,53.348302,6.570255,123.915473,0.280796,0.262427,0
153.861759,211.615339,279.320098,41.767186,738.18738,104.955392,0.269072,0.349048,0.389495,33.856618,332.570385,22.042068,100.0,22.646038,50.635888,31.946898,8.119013,86.995106,0.26143,0.453856,1
41.849178,122.504361,257.176703,49.709794,1112.551567,132.142869,0.190697,0.440839,0.409291,756.925609,90.116806,28.606262,100.0,22.100859,21.503878,55.421259,6.950582,64.643961,0.1,2.253713,0
67.066254,134.583811,532.935594,53.467827,1720.141405,295.407598,0.472239,0.805392,0.825289,18.168886,662.601003,29.627785,100.0,17.923759,26.080367,55.305777,6.136095,98.853328,0.331266,0.303903,0
51.551017,326.74497,604.815126,35.085893,1743.228808,252.540116,0.592641,0.881618,0.86552,394.858136,69.90318,14.304492,100.0,37.188495,32.915167,22.945367,5.80437,122.948439,0.34847,1.620806,0
35.815547,114.701392,209.826104,50.093682,218.424743,89.956505,0.319376,0.220472,0.262342,64.001682,247.46062,29.772177,100.0,35.306152,39.937275,28.402156,4.037622,69.086051,0.17435,0.004001,1
159.453767,287.80992,515.405468,33.121827,725.13735,256.152646,0.657681,0.536473,0.581514,19.637048,94.217519,22.723122,100.0,27.355519,31.78237,38.261856,12.310178,139.243704,0.348655,0.574671,1
23.985084,112.276026,239.655341,31.099155,116.942593,136.582368,0.355067,0.731501,0.642925,147.919039,252.238572,15.782647,100.0,40.299992,38.061109,23.961256,5.597066,93.420655,0.31378,0.637847,0
104.687536,236.20747,376.288558,52.598752,1659.942538,200.798103,0.478225,0.797636,0.788502,98.547599,108.885529,24.959051,100.0,48.254688,10.0,34.323621,1.758396,138.683131,0.177061,1.087725,0
15.232381,80.629033,238.497678,26.250566,1406.428104,133.332938,0.376572,0.728688,0.695925,36.585568,141.806337,21.687122,100.0,24.209707,48.855877,24.852672,4.693352,71.779903,0.222976,0.233758,0
58.998743,122.568699,375.509504,26.775197,1075.293943,187.786567,0.500918,0.764594,0.810813,148.118817,162.571428,29.118486,100.0,34.308551,43.102717,22.940894,4.18682,109.63311,0.198868,0.895575,0
143.990793,246.283905,440.202136,21.770124,983.047431,262.729402,0.577511,0.937904,0.852774,244.562805,1126.428216,27.682696,100.0,34.318157,39.074034,25.944574,8.582997,157.565716,0.300655,2.379133,0
44.169238,101.018308,261.961735,33.528595,1590.31555,263.207034,0.573176,0.411506,0.395036,331.54139,106.053834,27.269013,100.0,24.946314,10.0,60.0,4.702788,113.517946,0.329665,0.049278,0
97.889881,173.814729,338.318033,34.966752,1505.662597,271.145729,0.467657,0.798277,0.825303,65.907563,36.414586,19.320885,100.0,17.686338,38.501468,44.374783,7.267731,120.594527,0.19423,1.118454,1
42.423551,199.744509,411.595148,41.325363,1479.022348,140.773966,0.478507,0.625549,0.52422,253.106288,28.097004,21.658559,100.0,58.946842,27.003457,16.256912,7.685772,91.963645,0.21973,0.802113,0
50.37522,267.176112,454.774856,28.677627,1128.33993,248.578359,0.440037,0.792274,0.819332,377.778052,68.403671,22.167467,100.0,35.776085,27.672519,32.174094,9.698436,143.356616,0.232258,1.946474,0
115.170774,448.972251,572.488691,16.981051,725.38585,85.936187,0.61761,0.46414,0.449688,53.254617,29.463431,27.895348,100.0,32.33658,37.629567,31.489094,5.747743,147.792445,0.343005,0.570781,0
99.54007,248.612679,464.539545,52.676313,1283.562416,171.874231,0.610246,0.72534,0.821543,228.128737,4.235382,32.259985,100.0,35.589516,57.145137,10.466701,8.577245,124.41319,0.34798,0.452176,0
171.434368,295.40467,536.738726,24.030048,1308.020953,209.91849,0.434401,0.398338,0.448387,22.74933,1431.117842,27.288352,100.0,58.678538,67.434634,5.0,14.372607,141.707275,0.258433,0.49326,0
44.008559,91.636766,311.523988,55.761888,804.681265,247.133587,0.490654,0.815202,0.753074,159.786328,976.120996,19.022992,100.0,29.60738,57.248116,13.190249,8.870376,116.895198,0.267882,0.287595,0
86.051895,286.584974,608.094808,16.404433,724.375541,328.318557,0.574206,0.601128,0.605168,14.88127,467.385342,21.439507,100.0,32.534542,35.887421,30.644901,0.0,122.707589,0.283573,1.583958,0
70.152619,337.533615,453.665229,35.803161,1466.656635,109.716709,0.462423,0.288904,0.281531,194.212576,159.938558,26.46654,100.0,32.656898,63.908635,5.321798,1.362635,129.901933,0.289767,0.674214,1
87.895212,161.105997,273.287481,34.51383,1732.058054,304.302929,0.384473,0.606108,0.613297,318.320337,248.456288,30.967219,100.0,43.999738,61.685499,5.0,5.901601,102.449618,0.243098,0.334055,0
136.160115,452.276828,870.367197,50.575632,525.30211,112.004731,0.787142,0.477286,0.481199,29.840366,373.625119,23.358202,100.0,34.971888,39.167824,29.579427,11.237479,165.493857,0.395035,0.292288,0
37.442836,251.815215,350.111061,12.636826,768.311662,198.687391,0.443476,0.212883,0.256106,414.220256,723.351281,28.053628,100.0,14.928577,10.0,60.0,8.633325,95.38778,0.247819,0.005182,0
83.44737,233.771117,384.056668,55.046545,1075.466538,298.115945,0.311232,0.678685,0.716341,29.222884,339.839358,14.662235,100.0,12.582341,24.374539,59.502788,0.719138,104.463845,0.12711,0.624189,0
158.148672,248.242641,279.140766,34.228549,1143.299499,260.333858,0.424866,0.631624,0.655143,703.294732,38.502772,20.723415,100.0,43.382908,10.0,47.635418,4.818811,118.479554,0.172824,0.279461,1
70.209643,105.78283,173.824608,37.236016,638.81682,310.633081,0.267348,0.42746,0.450662,131.149561,0.441177,28.351935,100.0,34.72306,30.487876,34.51131,7.035883,53.737653,0.199834,0.069516,0
114.540745,390.419271,525.767723,33.059146,1841.760315,293.357229,0.546535,0.489101,0.452118,110.512359,71.923676,9.628695,100.0,28.339666,39.160434,26.46615,5.250884,139.486979,0.249221,1.24668,0
8.346746,40.578195,170.934535,6.98137,1111.047633,99.485014,0.272764,0.442635,0.408312,71.40966,71.483045,30.534755,100.0,23.289022,10.646482,60.0,2.262261,75.967052,0.20084,0.667254,0
72.739216,356.915308,511.135772,32.339986,1165.691704,357.457202,0.532451,0.575631,0.470218,192.244941,42.195897,26.314948,100.0,51.216507,52.270292,5.0,4.569523,137.936069,0.245721,0.148757,1
46.256799,351.133027,831.937892,19.495231,1779.442041,337.319436,0.851303,0.318543,0.263136,228.755801,231.38706,24.518407,100.0,34.537943,40.945902,26.993429,5.564145,178.156416,0.340449,0.003135,1
98.39575,146.782204,187.751177,23.84785,675.469187,154.862864,0.238862,0.569708,0.64059,33.179433,86.360836,11.770165,100.0,37.733997,10.0,54.951959,12.258958,59.138589,0.200443,0.351197,0
83.862433,115.795187,295.008072,40.700588,855.784062,16.995411,0.321671,0.568604,0.622193,256.215735,540.375841,29.678051,100.0,40.983426,41.486543,18.041229,5.342498,87.536838,0.12782,1.122476,0
31.826298,103.291535,268.61996,32.373342,273.338885,109.258802,0.151531,0.638958,0.564517,54.268699,7.878396,35.765825,100.0,36.718186,10.0,56.080681,3.039857,51.88053,0.163092,0.60741,0
17.238277,112.07923,641.5052,10.127002,813.824764,301.014911,0.781766,0.284724,0.231916,190.969147,158.143911,22.511049,100.0,27.101706,71.329003,5.0,3.898117,146.840333,0.336123,0.875987,0
230.119224,296.922965,600.007243,9.01727,155.536238,342.313351,0.493704,0.663239,0.580107,32.579083,348.379385,21.071262,100.0,29.788055,17.493791,52.519077,8.262785,125.398648,0.215941,0.557036,1
88.997296,159.594626,287.934622,15.211173,1273.924677,299.401904,0.50629,0.653148,0.653469,13.199447,113.954247,22.252117,100.0,39.111325,22.906349,41.487546,14.568305,125.551284,0.237961,0.252238,0
87.387067,184.881656,596.639515,15.498683,1109.998375,142.827565,0.58291,0.343727,0.364512,254.157485,65.828005,28.499404,100.0,41.763144,30.816148,29.937047,3.534414,96.249331,0.291809,0.797791,0
36.50755,305.677628,426.391481,38.456542,761.465346,20.35314,0.584185,0.459798,0.432398,168.702884,46.353062,30.080857,100.0,43.633003,39.795581,16.054112,7.543073,130.564531,0.373261,1.532011,0
51.703909,140.293841,459.723923,14.779796,849.788146,186.329824,0.594988,0.362748,0.472682,69.454478,52.346716,27.451398,100.0,23.229205,31.350323,46.707389,1.398768,128.271982,0.313335,0.593193,0
159.351992,318.05011,769.821755,53.494568,1280.733208,135.497703,0.850571,0.482916,0.498733,49.492666,372.884131,22.443561,100.0,34.009416,12.715661,50.848398,7.781314,182.374358,0.433411,0.297502,1
71.350654,108.252442,302.515364,16.536836,332.101957,44.270059,0.361782,0.58516,0.428421,213.874352,261.16922,30.577266,100.0,23.134462,39.225182,42.262671,0.526699,114.530932,0.243208,2.722475,0
163.203459,270.599537,351.116093,10.012229,1002.083934,38.107205,0.278983,0.386247,0.412653,375.7825,546.656589,17.155706,100.0,30.67586,28.558037,43.578659,7.384726,93.950804,0.188357,0.159843,0
89.236623,165.183497,202.961949,53.166031,1249.754903,55.093278,0.254315,0.879525,0.880772,184.268867,113.667807,31.086757,100.0,29.190206,28.255199,42.926357,2.273767,93.572424,0.149262,0.222844,0
138.927523,294.120111,493.3396,21.243017,100.0,74.096522,0.487891,0.41951,0.435762,365.540857,234.34939,31.914097,100.0,31.908419,63.396704,5.848933,6.607149,135.236758,0.230881,1.032142,0
7.538976,41.805264,352.900047,28.398245,1242.469003,271.363107,0.389748,0.736991,0.616767,483.371542,107.278699,21.644405,100.0,42.154336,31.413235,27.850685,8.276646,99.621984,0.2075,0.770643,0
34.706148,264.923968,1000.0,57.746451,100.0,137.413249,0.82723,0.354992,0.449763,323.936771,40.301463,34.553,100.0,22.64527,32.480219,46.732297,8.984269,167.717138,0.422628,2.511673,0
70.317816,143.863888,528.320464,56.940307,841.202758,157.297727,0.520444,0.543682,0.489713,11.526922,490.908794,30.009753,100.0,53.579417,40.271236,5.323365,6.731579,95.824605,0.378947,0.9062,1
55.372867,110.255252,295.091661,44.320429,318.304448,215.417281,0.1,0.701416,0.733392,599.22486,163.82018,24.018776,100.0,45.740016,45.782881,10.513021,13.822502,75.409947,0.1,0.083768,0
98.861172,401.528591,478.634444,8.791642,1615.62329,345.648052,0.476809,0.631673,0.683665,197.673177,58.393346,21.954834,100.0,14.253526,42.204346,49.462437,1.563814,132.914822,0.258357,3.328624,0
17.268547,137.956203,302.096967,37.633707,321.439473,272.328858,0.369362,0.204336,0.338412,108.715317,213.192848,28.689717,100.0,35.385663,10.0,57.252029,10.95182,86.74147,0.214064,0.448068,0
17.649781,113.425986,590.287671,59.399286,100.0,232.456541,0.523553,0.573235,0.436078,89.959454,161.714123,20.169566,100.0,19.183164,32.955746,46.862185,3.38214,94.290297,0.243582,2.465493,0
96.123719,130.074191,719.76043,57.080393,966.676071,267.779568,0.684782,0.699208,0.64133,224.667866,465.07376,32.70026,100.0,35.805813,31.600662,31.572298,9.946011,145.804575,0.221565,0.079977,0
134.708903,182.574516,302.297187,10.830137,693.14851,258.945308,0.37321,0.575389,0.681536,203.179651,361.204137,20.633258,100.0,16.199192,18.615507,60.0,2.523016,53.375577,0.282062,0.13035,0
51.451066,86.746467,240.340272,26.778202,147.697386,248.489734,0.40557,0.678729,0.779464,48.16235,201.69747,38.785489,100.0,44.623159,17.313933,42.607641,5.95803,65.73707,0.249751,0.051058,1
174.966838,277.313607,706.394344,22.354521,1162.9076,178.706563,0.805898,0.596763,0.648422,252.15922,141.121669,25.795383,100.0,45.129832,55.56222,5.0,12.515157,143.077153,0.392259,0.409237,1
203.6754,416.123316,829.180435,12.135046,100.0,204.064949,0.835342,0.313321,0.273377,8.526247,516.424138,16.050719,100.0,26.694683,39.880933,28.05474,5.52118,169.12862,0.347453,0.702174,1
64.826792,192.308035,315.966664,43.213907,381.879514,166.136928,0.365633,0.595731,0.605996,152.941739,229.534809,31.853315,100.0,33.76966,29.17976,34.03,12.086636,89.116216,0.24159,0.724042,0
49.939651,156.90386,442.866338,20.06166,612.390865,142.185059,0.511954,0.65151,0.724563,6.607124,155.258805,21.692278,100.0,17.832527,43.1592,36.003745,3.627466,122.695271,0.202742,1.272274,0
40.672686,138.383088,267.703589,23.967619,1301.111196,97.476506,0.507543,0.533011,0.539472,36.41411,395.584172,12.808452,100.0,25.729163,57.30991,18.880474,1.435273,106.258514,0.273812,0.334493,0
34.47248,213.744165,574.914742,9.969738,1547.734184,127.876752,0.638826,0.766029,0.664597,17.258917,116.758612,35.362897,100.0,30.034102,46.179533,20.019319,9.027488,151.582402,0.253335,0.109426,0
110.361032,195.383721,378.844501,32.388216,1451.391124,154.270662,0.448081,0.430737,0.383136,53.341196,117.130203,40.0,100.0,14.532755,59.59069,29.108265,3.702905,140.4164,0.188637,0.177966,0
30.601361,58.059981,201.460179,13.699233,823.363105,208.576586,0.37853,0.304491,0.449005,37.573679,119.932188,27.179724,100.0,49.735365,42.111871,13.244252,0.0,86.358127,0.210397,0.195584,0
25.645326,222.692157,525.347709,28.764973,100.0,179.955035,0.55135,0.382123,0.466283,101.476567,153.480306,27.895278,100.0,33.267132,48.863973,20.489566,0.0,140.610088,0.257735,0.05671,0
33.050134,74.024532,266.782483,12.883822,1095.426511,38.861624,0.241428,0.328257,0.338727,241.995711,927.101332,26.805541,100.0,45.453337,34.270989,14.151082,5.634878,75.79854,0.245807,0.914684,0
65.336444,89.318809,386.969115,57.461744,1635.28687,122.390516,0.47484,0.152638,0.141919,166.238763,32.475092,27.742137,100.0,29.75903,57.158756,10.554373,3.497293,106.402271,0.16147,0.21816,0
69.069844,192.525066,277.303208,12.974039,1516.895204,135.429649,0.352742,0.316671,0.211951,59.074098,25.524331,22.185943,100.0,24.060205,64.97346,10.186349,2.976792,72.92916,0.230386,0.821599,0
106.024422,121.52615,220.473083,33.703793,1131.474505,254.493347,0.265542,0.497957,0.498766,30.723417,90.728684,23.986789,100.0,32.83525,41.010699,24.541177,5.134306,72.063078,0.226774,1.024149,0
60.577665,159.595347,332.127063,15.83389,305.248618,119.84115,0.436682,0.648812,0.605675,958.001273,310.194844,22.86679,100.0,42.208206,17.423526,37.609674,9.161018,88.467584,0.199484,2.229008,0
16.05104,128.642412,235.728872,9.199899,637.346498,2.864094,0.119114,0.3169,0.491876,156.371893,597.473988,24.044075,100.0,24.300772,39.974777,33.320211,5.040693,57.219617,0.107919,0.070511,0
48.052651,185.791191,321.106145,16.126974,1866.907199,30.361184,0.318874,0.478007,0.509811,70.497219,567.929646,16.794164,100.0,34.559897,36.534008,29.178676,6.331598,92.214094,0.227938,0.301852,0
66.65866,194.796906,370.529487,8.012576,191.635233,178.91943,0.327081,0.750936,0.695025,403.573532,461.010993,29.830476,100.0,25.244263,48.777399,24.419358,5.692431,81.914111,0.148788,0.360496,0
38.505448,70.559231,187.468715,12.666856,326.079386,67.858382,0.181863,0.704384,0.553305,40.515481,38.85292,24.657727,96.46258,10.0,32.340775,56.713189,1.959429,65.054546,0.14495,0.251146,0
83.642091,263.169163,729.900275,32.141629,1371.275776,178.064068,0.705017,0.331607,0.438779,44.289041,143.728949,28.317245,100.0,27.758087,39.651726,34.733559,2.196103,146.963757,0.320548,0.295372,0
3.880699,100.531621,202.4723,40.849854,684.420378,206.713934,0.1811,0.471135,0.484866,116.04818,675.785267,27.025311,100.0,33.141539,47.578968,12.459301,0.0,62.828795,0.162548,0.872086,0
60.12592,135.082763,304.062676,9.80369,309.122439,336.037645,0.52615,0.113392,0.254322,6.038017,4.017534,10.420938,100.0,31.747316,27.518884,35.89335,5.242968,94.891852,0.272507,1.904032,0
153.985253,188.140929,359.698546,29.256024,1663.985589,236.008773,0.45091,0.526278,0.542588,185.395919,67.501229,26.754429,100.0,28.580611,43.083022,26.8721,5.695244,83.045753,0.233117,0.103698,0
131.996938,336.965944,535.431973,36.968586,1130.527989,11.17466,0.47568,0.480105,0.396771,89.564928,18.639609,28.994671,100.0,32.73621,41.763591,24.266027,10.801036,147.571843,0.244736,0.810103,0
73.200948,265.017622,408.306684,17.882412,709.099418,137.062987,0.273017,0.887714,0.813864,189.284078,96.727219,18.925597,100.0,24.604993,10.0,60.0,3.749367,103.954749,0.153746,1.044626,0
68.554388,135.182937,454.602531,25.464313,327.112582,285.644509,0.428068,0.767789,0.77169,207.829032,661.718454,24.047291,100.0,37.164073,35.758246,27.116856,7.200598,105.44597,0.269801,0.95068,1
92.786911,231.033299,563.267478,8.950918,1923.703282,93.802484,0.545806,0.066017,0.08669,105.251826,698.179312,21.994101,100.0,26.783512,14.421069,57.669168,11.033094,112.355777,0.281402,0.132788,0
25.940364,188.303035,307.903207,17.107209,887.774091,332.990306,0.298223,0.973471,0.765406,84.530536,23.903528,26.421194,100.0,40.694006,60.152043,5.0,11.703582,69.606914,0.191106,3.241747,0
124.493706,205.970709,554.885508,30.671411,1598.664031,190.443855,0.825901,0.304133,0.321561,181.992584,87.452161,23.152099,100.0,16.420746,28.364305,52.121364,6.173701,144.6936,0.446161,1.32353,1
171.363111,364.626903,480.124182,59.47432,1346.816772,33.281169,0.342686,0.599632,0.643707,60.331466,351.347746,13.614498,100.0,32.613082,30.648711,37.029118,12.566201,105.875137,0.241159,1.235052,1
59.862908,259.919623,429.385477,59.794578,639.549219,87.001394,0.470081,0.0,0.021237,275.708149,167.394451,18.157215,100.0,37.048036,50.749274,11.411255,0.448927,122.878211,0.218679,0.05163,0
73.142053,93.588158,276.498658,58.879192,643.529443,326.267712,0.322031,0.538788,0.65629,267.582128,10.19049,27.758252,100.0,45.375486,10.0,44.44246,3.182792,70.746812,0.302329,1.77586,0
107.074592,265.331932,339.973944,28.269751,1623.157449,356.92551,0.364065,0.82589,0.790844,493.484992,194.192448,26.697182,100.0,25.762857,19.132493,54.122333,6.573396,124.172018,0.188338,0.4275,0
35.373029,103.353703,214.498857,9.437421,1631.258666,310.685721,0.1,0.73548,0.683664,154.637933,64.879857,38.366521,100.0,44.50117,58.401904,5.0,6.110793,20.0,0.245501,0.26701,0
175.179413,225.434773,282.709872,22.796539,100.0,115.443606,0.336026,0.45101,0.402009,265.249546,767.909766,24.19214,100.0,36.420851,36.973421,27.720286,5.149677,105.226757,0.1,0.175199,1
226.550808,242.462081,440.265538,18.074291,1174.89013,276.774845,0.492266,0.712047,0.65017,57.122173,1500.0,13.767703,100.0,50.613033,14.302744,31.701685,4.991148,116.287302,0.227849,0.435208,0
98.537963,204.844479,283.528083,5.776962,839.392598,80.001952,0.411968,0.59942,0.64719,488.358137,35.508439,32.760363,100.0,15.424977,25.525958,60.0,1.18595,103.360579,0.219113,0.236725,0
184.857345,264.65212,708.149724,10.237849,383.338419,138.428023,0.750248,0.188088,0.20136,68.271366,45.248815,30.298048,100.0,34.18421,16.356082,50.969685,10.011385,115.893549,0.334182,1.139315,0
22.773817,88.132386,218.622005,29.925556,1030.873047,250.980526,0.407654,0.438398,0.346366,100.004983,270.878917,19.440446,100.0,31.174285,27.157589,40.606289,4.633112,78.914725,0.208624,0.356263,0
81.543246,246.870775,539.119223,23.681436,225.201605,348.804482,0.35363,0.69816,0.735887,40.769356,101.911154,29.107876,100.0,33.358888,31.732742,37.223957,6.511005,79.621377,0.22971,0.105575,0
8.859269,580.711415,861.055613,14.919455,666.772323,158.11138,0.8084,0.592043,0.637109,33.347328,353.737846,25.936216,100.0,41.150902,65.888782,5.0,3.939763,200.0,0.337102,0.311849,0
48.06329,187.273906,297.66238,44.385498,500.763134,178.501112,0.603464,0.50422,0.424748,16.035051,180.216394,18.921718,100.0,46.891638,20.424283,33.24289,7.976769,119.930247,0.295822,0.561401,0
48.98267,128.519539,261.543098,24.641358,650.104368,79.26067,0.428321,0.081566,0.145371,15.820118,661.418193,25.932814,100.0,35.176542,15.597437,45.87443,4.405551,68.54485,0.246015,0.204456,0
39.132022,236.482339,368.583139,51.852732,864.260753,145.160187,0.267952,0.66915,0.760819,58.738278,51.702357,20.652637,100.0,13.891385,33.185687,55.245423,7.51585,88.644563,0.335167,1.219708,0
23.176347,66.580597,282.581085,18.253744,392.216669,22.686699,0.349008,0.155337,0.239436,1470.221416,524.043618,15.443023,100.0,27.387756,38.344112,35.385382,4.697973,93.704486,0.282445,0.821645,0
97.745797,166.250653,899.947106,34.611642,1686.589514,309.090922,0.760214,0.878059,0.661983,193.56905,192.853365,23.114327,100.0,60.0,32.424073,7.567455,0.0,160.732298,0.377527,0.088583,0
32.918938,144.53587,353.89521,15.127657,1146.641617,8.400452,0.357657,0.479716,0.399298,558.322769,658.960442,28.108234,100.0,21.053084,36.856879,43.683164,5.747042,87.462807,0.279595,1.680013,0
97.822247,210.311246,336.288327,32.241534,1797.281514,246.06885,0.585811,0.621195,0.571568,200.241234,421.014379,23.869751,100.0,33.527306,63.747235,5.0,6.987021,140.162564,0.176209,0.479223,0
63.327721,246.530524,467.714433,13.385658,819.960015,98.359813,0.593407,0.445461,0.520668,45.191028,1196.142539,20.300195,100.0,39.558521,20.110062,42.773801,4.282662,118.576573,0.214121,0.433652,0
85.203436,348.387936,427.377243,13.886824,625.605019,171.399396,0.311276,0.498408,0.4586,469.020541,210.191018,27.412317,100.0,42.514843,34.65574,20.526398,0.611151,105.890738,0.178892,0.852207,0
42.508618,222.75249,325.262119,38.672286,1779.207807,101.361038,0.299951,0.803759,0.668278,211.698582,496.841108,22.872366,100.0,24.904062,60.479925,19.716074,3.955786,94.219463,0.131898,0.731046,0
62.836821,327.547045,775.429445,19.508232,610.97013,144.02544,0.759196,0.409615,0.38078,611.114278,358.978505,18.776273,100.0,47.422416,65.548033,5.0,3.900191,166.654238,0.37391,2.024454,1
254.041108,526.618429,679.539169,14.480197,810.853989,196.840039,0.651175,0.66879,0.757304,312.303158,108.510669,25.534725,100.0,44.976859,43.407772,7.764917,0.0,164.443974,0.352985,0.278668,0
83.078133,206.347244,305.601776,56.137254,1260.023705,230.721628,0.391084,0.412842,0.370135,179.27531,273.76476,22.815553,100.0,36.361852,10.0,60.0,7.351922,85.058842,0.206964,2.696745,1
175.527936,265.25831,334.40875,7.365179,281.137096,338.503012,0.306811,0.611345,0.62419,705.945425,212.611527,35.194163,100.0,21.465802,50.585322,29.999689,5.751172,83.224982,0.149124,0.15068,0
169.23626,323.437841,497.775894,36.083146,1255.647342,119.592325,0.486487,0.51796,0.507016,198.512002,116.584676,29.509154,100.0,25.365635,51.532058,19.993711,9.943013,141.545277,0.319873,0.583111,0
19.125932,41.870474,114.844801,35.154511,1191.673533,210.548705,0.119018,0.465038,0.542329,106.884094,125.026003,29.009129,77.236243,24.218831,43.703887,32.861869,3.266464,31.000562,0.1,0.170238,0
168.891564,351.572891,716.768825,18.783488,1534.662659,324.619973,0.672491,0.477208,0.538174,165.1751,303.589672,13.553828,100.0,28.827581,31.263651,42.951598,5.96558,150.522837,0.301095,2.239044,0
62.803588,230.18745,509.829638,29.902446,1345.022252,104.483451,0.603745,0.517725,0.555562,337.082102,97.740861,28.583301,100.0,46.631705,26.544055,17.546599,4.973785,143.453238,0.241429,0.286252,0
48.927257,90.99442,212.615566,9.825578,1549.989176,311.417993,0.310398,0.671445,0.73369,146.190577,161.960974,29.524528,100.0,34.702044,52.922503,12.884383,0.0,55.154199,0.186366,2.88833,0
26.743364,274.475937,783.66786,44.669858,844.78905,344.719835,0.695987,0.358838,0.363563,383.230009,201.672769,14.328026,100.0,38.309514,44.771267,16.942277,2.545444,139.209328,0.306395,0.699452,0
19.277105,223.805209,356.004649,17.193343,468.664841,305.097734,0.515834,0.462257,0.516966,573.63222,212.862756,19.007175,100.0,33.203629,55.770265,11.160853,3.617866,92.048254,0.250837,0.001081,1
95.759032,243.875002,396.648661,15.636195,1954.992707,205.14978,0.543525,0.323538,0.192596,49.169417,306.014932,19.528269,100.0,48.239957,33.876595,13.107609,0.0,157.472023,0.284455,0.205643,1
18.537037,107.317542,211.507343,22.318316,136.652192,259.961594,0.27967,0.686606,0.647275,6.905427,123.502513,30.498692,100.0,14.272397,45.698949,39.233685,2.866843,67.641099,0.274932,1.151519,0
98.767661,352.535659,617.327248,54.630346,186.743461,173.183713,0.598922,0.598545,0.537891,23.466476,102.22615,31.342391,100.0,10.0,21.320766,60.0,4.779823,154.155052,0.344102,0.131911,1
5.236341,30.006033,108.955625,48.805666,1182.56402,215.01209,0.368866,0.77368,0.784804,93.753508,454.678877,19.581468,42.442948,30.910272,62.965594,7.200173,1.544079,111.148278,0.194234,1.442607,0
28.955671,125.335429,251.141348,57.079076,1712.493024,350.810664,0.474162,0.0,0.111586,720.234317,205.9078,17.082447,100.0,31.185429,66.780132,5.0,8.367164,83.232816,0.219657,0.998446,0
55.610589,215.147641,327.867183,40.857929,994.775423,90.4034,0.227191,0.82068,0.753532,472.699644,164.562038,11.191518,100.0,30.860623,37.748156,31.934969,0.450481,73.810301,0.181192,0.466963,0
68.88799,286.457451,495.010448,41.460683,1399.65185,285.316964,0.640188,0.407033,0.4158,332.249168,233.896304,14.203735,100.0,23.740631,10.0,60.0,3.901218,135.718868,0.227772,1.853264,0
30.461258,231.191967,294.057981,31.401705,100.0,182.243934,0.522328,0.895258,0.861936,53.463873,103.148489,19.728832,100.0,16.971408,57.639125,26.00073,0.0,116.404135,0.156724,0.582798,1
21.216447,60.278167,222.821021,54.785248,650.227519,63.674371,0.355062,0.458007,0.46371,223.691439,365.202664,20.184909,100.0,30.149785,71.255447,5.0,3.784789,79.851578,0.211757,0.780842,0
50.625811,187.618594,552.143971,33.098243,100.0,231.672737,0.52263,0.60746,0.785592,6.952626,220.875923,23.966678,100.0,27.27731,32.695572,40.020242,0.0,138.278601,0.258043,1.590642,0
39.981475,153.674512,225.129249,24.528304,1290.205479,285.273686,0.256791,0.778762,0.813194,51.069722,37.9867,27.584865,100.0,33.912819,32.504233,34.09965,4.520563,82.560993,0.240835,2.341495,0
44.551877,65.50181,339.866062,40.220626,126.384337,204.752095,0.559948,0.744995,0.811106,175.814379,156.671352,25.396401,100.0,38.930433,32.563852,32.594247,9.516691,135.303178,0.268791,0.460036,0
102.486747,138.608596,449.055887,35.037672,261.090577,301.475808,0.56524,0.840037,0.823427,44.317229,501.297693,20.019221,100.0,44.233352,33.523561,23.077715,5.314323,119.951057,0.318212,0.350409,0
150.663756,166.683984,323.915877,11.82109,1157.012602,131.712701,0.430054,0.619712,0.583054,225.184616,254.585739,23.38381,100.0,40.408371,55.791978,5.938098,6.532019,92.671112,0.254765,0.613636,0
48.250335,69.112715,98.527905,26.599898,1430.912176,328.956588,0.417027,0.789192,0.616817,300.509038,415.967938,19.046465,95.757298,31.102276,46.165021,24.927341,1.128885,106.238452,0.225004,0.47574,0
102.562371,141.669939,409.008525,22.232898,820.515946,233.395236,0.346886,0.652204,0.614865,332.113393,45.80452,21.336068,100.0,36.379246,20.895261,42.656861,2.964907,77.215941,0.145724,3.952917,1
41.075068,132.23259,489.351868,51.575858,1185.086252,289.137357,0.506874,0.54999,0.594822,218.60294,172.745024,22.476023,100.0,18.4809,33.615267,49.766491,7.927043,110.439242,0.254503,1.259812,0
38.318119,133.32575,617.936204,25.836341,1168.894083,98.274645,0.644246,0.508615,0.54245,15.303189,283.504174,28.551899,100.0,22.169031,42.828057,36.389788,0.622206,138.426744,0.24698,3.533533,0
50.369288,184.259328,371.723717,50.185538,792.28657,160.606192,0.394806,0.478377,0.437123,18.583498,43.474144,29.469225,100.0,50.189501,27.890077,16.816982,2.393489,110.922131,0.183206,0.602939,0
135.28709,195.536131,239.807477,29.331428,352.647259,327.462268,0.1198,0.648263,0.580672,28.178387,18.978499,19.022238,100.0,42.881881,45.031038,13.933037,0.0,56.459889,0.1,2.284852,0
14.343334,239.622297,504.095061,46.442531,1182.445703,18.322398,0.628868,0.464203,0.563863,187.109251,107.810686,24.108915,100.0,15.329551,39.977757,47.832318,0.650827,149.384133,0.360995,0.021845,0
12.16992,204.674351,255.458738,12.440506,1206.547845,145.433417,0.242019,0.749821,0.769608,660.433689,39.425081,28.270428,100.0,23.758199,55.870361,21.657166,0.120911,66.723099,0.158916,1.042225,0
198.83276,328.795661,568.583579,55.855762,1347.012202,280.914717,0.506383,0.74508,0.757462,146.413864,165.649225,23.17789,100.0,51.806406,50.045522,5.0,3.720285,123.823111,0.206995,0.446754,1
29.584774,320.132127,613.637956,31.430794,1056.033212,267.773288,0.585687,0.672002,0.801243,454.254811,241.561608,21.854942,100.0,22.989241,30.793946,43.686612,3.714794,147.686525,0.223124,0.402203,0
56.278077,178.081253,549.463355,19.288904,315.750043,306.584219,0.544021,0.566045,0.508431,5.0,182.776113,30.029862,100.0,11.141048,38.683835,47.789932,5.114927,119.661728,0.319883,1.425461,0
44.231764,72.549196,200.092969,18.281928,1245.170081,266.18052,0.257928,0.561667,0.543659,138.578637,683.384025,27.86493,98.063462,25.843218,25.742032,49.373522,0.433056,55.593213,0.208213,0.106199,0
172.402607,328.740956,416.529117,19.579251,899.30946,340.953174,0.550421,0.594585,0.610297,268.56883,584.274279,23.765257,100.0,26.129749,71.023192,5.298387,6.901651,148.43762,0.208195,0.854097,0
134.320196,242.985696,432.49179,25.16983,658.631278,179.37344,0.584503,0.771462,0.751987,118.366309,259.889845,18.461011,100.0,44.132985,48.872184,5.0,4.329193,135.11115,0.313559,0.444215,0
20.980289,94.719439,157.505264,44.463574,752.682081,224.744341,0.207945,0.812576,0.760309,530.653691,175.717852,14.501391,100.0,41.088131,15.700285,41.946268,10.713488,38.375335,0.121599,0.030485,0
69.364784,151.401296,288.941879,57.228167,554.871411,305.174073,0.285786,0.784539,0.629818,121.819091,312.125008,25.12403,100.0,26.488189,34.227714,39.225487,0.284364,84.369599,0.218848,0.429843,0
83.991115,224.626816,335.65917,41.797059,1344.421889,252.608742,0.372469,0.235783,0.183398,7.215387,234.794042,27.668113,100.0,31.132243,11.9853,57.479547,9.557701,106.117215,0.132683,0.050086,0
100.404299,226.84925,555.595578,35.094145,190.942633,36.740419,0.48289,0.713999,0.805601,58.232702,698.320179,17.685529,100.0,35.10314,31.192534,31.126777,7.547681,114.422036,0.249242,0.303353,0
7.59132,337.666324,762.282093,29.672879,403.257033,132.118723,0.745104,0.896592,0.670988,81.823885,139.348474,29.932684,100.0,39.895581,39.226355,20.745478,0.0,169.314107,0.35762,0.349147,0
12.132345,127.468254,379.939683,50.550696,735.613558,198.932687,0.328336,0.646346,0.736136,216.52562,763.611621,21.9756,100.0,27.853153,51.789195,20.689563,4.815153,99.752739,0.271502,0.184666,0
105.773828,227.627429,531.135367,51.731146,1706.875424,271.698316,0.764187,0.571793,0.540616,285.833959,854.154666,13.552058,100.0,35.185486,54.061022,10.419498,8.365016,131.282673,0.311474,0.986766,1
17.982337,125.663706,316.073948,21.117072,1427.140275,195.684325,0.381455,0.558074,0.574625,137.167127,173.291999,26.940531,100.0,47.710184,16.083831,37.061281,7.661892,102.861456,0.16375,0.002531,0
82.913454,189.528217,369.951889,57.438114,100.0,279.917727,0.360676,0.500583,0.510063,284.450983,61.053351,23.428188,100.0,30.385247,40.810838,28.311606,8.346724,56.215409,0.145623,1.178341,0
22.180483,63.527168,115.71709,26.731345,1575.673544,301.539412,0.268946,0.333024,0.302689,761.733458,195.135479,23.118578,90.951445,33.527074,43.129384,24.086002,0.0,55.765392,0.128761,0.017662,1
13.073855,79.418352,303.633933,49.004294,1574.710108,95.446177,0.234883,0.413852,0.377447,101.162916,312.093861,29.043043,100.0,38.702202,39.370611,19.672988,5.336018,36.121135,0.226556,0.211051,0
28.600112,166.57892,457.370277,58.175093,312.995837,221.795342,0.417609,0.260732,0.150301,46.53783,262.523207,33.054756,100.0,25.718348,13.930084,60.0,8.992228,120.798355,0.175351,0.125716,1
61.350683,89.637968,238.465754,43.701196,100.0,200.559736,0.345075,0.651719,0.704379,5.277395,302.711166,27.504827,100.0,22.270817,24.968741,51.256174,13.865479,75.998626,0.21346,0.869626,0
80.094471,164.954212,318.460323,13.88529,863.889189,81.834211,0.384229,0.617762,0.585786,625.298201,170.532612,21.541273,100.0,36.33559,35.026416,28.869643,1.003869,93.772155,0.226485,1.165089,1
87.600572,323.536338,355.286812,37.237533,1461.212205,176.356112,0.50687,0.597025,0.548403,864.808473,414.80042,13.618335,100.0,38.400865,50.381867,11.181818,12.892796,123.780454,0.198746,0.050844,0
115.10968,196.294456,352.558928,11.532742,1695.630985,197.484582,0.126716,0.510447,0.322176,217.073335,468.329168,27.739313,100.0,31.102453,23.125934,44.135422,5.550334,56.304093,0.149989,0.630299,0
30.196447,309.811987,640.292198,48.402812,464.586368,294.242355,0.726061,0.464809,0.424836,25.715837,164.933971,24.322728,100.0,24.997626,29.093919,44.816322,0.0,157.854575,0.379107,0.063633,0
110.426619,193.02762,409.798568,20.472335,1775.989552,165.956175,0.393992,0.557319,0.64934,178.459849,570.474416,19.319798,100.0,26.878589,33.774732,38.517447,11.882046,111.744409,0.189797,0.167764,0
66.14664,267.293169,435.932993,43.236815,100.0,29.129754,0.353518,0.910961,0.801007,34.299425,629.049562,20.888557,100.0,34.864265,11.839734,52.3616,2.824174,103.712951,0.19323,0.67466,1
74.53999,184.996299,260.956491,55.054932,715.974693,175.426545,0.149498,0.530869,0.566325,107.332867,80.759317,32.98363,100.0,19.05783,31.676104,43.332256,10.345976,49.381942,0.112615,0.605036,0
270.048647,312.118706,437.239983,14.955542,691.394665,301.66234,0.416087,0.523995,0.592879,53.022276,154.489149,29.715873,100.0,43.514621,44.067448,16.220709,5.048838,87.960227,0.165993,0.265678,0
97.253885,420.860386,529.61956,26.607181,1476.168512,205.651963,0.709174,0.91272,0.806599,70.30521,450.217973,30.794513,100.0,49.2152,22.359632,27.58991,10.185255,186.498861,0.348292,0.092656,0
52.493203,90.925743,174.16674,40.591533,1549.151233,114.791482,0.344953,0.406018,0.395413,5.0,124.117319,30.341099,100.0,15.491428,30.234762,55.931503,6.569133,87.908666,0.197756,0.687143,1
45.504282,116.226875,332.366988,28.081223,1377.111828,331.549541,0.545949,0.601129,0.61708,239.697592,31.101266,25.57118,100.0,38.115074,28.523599,28.174568,1.977184,109.060659,0.280733,0.062221,1
61.840696,411.498391,540.123856,14.615042,224.724976,56.034498,0.547722,0.647954,0.513082,20.488958,114.005355,17.796009,100.0,40.724477,48.182536,11.576322,0.454332,158.656905,0.162095,0.323331,0
15.192682,136.554049,446.94473,6.598939,1331.309516,117.675955,0.490581,0.663313,0.704324,485.671746,497.755005,24.643678,100.0,41.602916,11.364836,46.416412,0.0,139.967319,0.268644,0.762437,0
82.837659,138.804306,308.653589,27.362898,1154.520984,157.368489,0.204428,0.424966,0.466556,149.507168,542.877819,27.9378,100.0,13.826095,28.98542,52.35894,2.350862,65.188794,0.215269,0.810498,0
61.232069,168.441502,690.216659,40.706496,100.0,265.67204,0.528738,0.466788,0.427063,1316.46536,31.353898,23.316342,100.0,28.437281,62.29452,13.896729,0.0,136.279379,0.234355,1.469894,0
73.834138,227.659526,354.561128,36.569131,100.0,300.868845,0.386722,0.419395,0.599957,720.427087,229.581929,25.602769,100.0,25.746959,55.846258,22.430328,0.946806,101.416233,0.170485,0.728558,0
65.901062,146.82196,506.483511,13.593268,1418.994645,21.081771,0.392893,0.365246,0.352357,53.024099,38.869032,27.362032,100.0,29.319955,54.688121,17.187675,12.025292,120.418198,0.252983,0.477253,1
17.009292,269.078555,675.626123,29.788139,809.95035,285.132895,0.588561,0.595798,0.589437,386.872889,216.760222,29.816117,100.0,18.417414,59.749873,24.318339,2.195945,137.099052,0.223266,0.04347,0
99.710545,159.217452,278.303671,25.320908,257.408954,259.390229,0.340885,0.320911,0.389214,43.036739,227.042942,29.675705,100.0,50.980083,22.466929,27.821816,6.628723,80.77056,0.1,1.052017,1
37.482227,53.592714,214.354001,20.081132,795.914036,322.07483,0.409435,0.833841,0.835209,465.410338,56.166839,21.811389,100.0,36.799369,58.310301,5.0,1.31888,107.037727,0.230973,1.847277,0
124.836241,312.096809,447.890888,45.109918,1082.020541,324.159477,0.481692,0.556498,0.535745,522.94454,366.404289,16.086331,100.0,20.817831,10.0,60.0,12.174636,125.550477,0.218056,0.083934,1
105.962094,199.852459,314.548328,22.030862,858.574437,279.909201,0.231334,0.629644,0.633108,160.574072,132.407948,33.221189,100.0,25.934813,29.050159,41.812868,8.877446,75.330731,0.191938,0.009891,0
191.28512,392.09951,651.8909,34.707807,124.006923,68.472966,0.471927,0.340076,0.274774,116.141859,47.381428,25.943992,100.0,47.418094,47.971741,5.0,6.414687,142.835579,0.247832,0.795542,1
61.680104,139.717103,418.613793,55.777294,1842.778452,112.993742,0.467813,0.632819,0.611228,81.740645,92.565256,22.251926,100.0,30.89603,41.038791,34.240804,3.439135,102.940061,0.276017,0.753531,0
115.179295,253.313394,360.648757,34.660179,1402.108984,337.075092,0.343643,0.489705,0.503256,84.318326,1055.072917,12.852355,100.0,46.068683,41.52234,9.665735,2.017403,70.698417,0.206448,0.494519,0
206.16443,281.21211,387.11461,38.93626,732.311274,215.342388,0.440663,0.614516,0.558404,8.448361,116.649895,28.287768,100.0,39.433217,22.461879,37.089105,5.977816,109.133845,0.275685,0.342532,1
34.584055,121.772589,295.146435,9.028529,752.452672,193.953864,0.330457,0.66409,0.642619,685.492226,126.902688,26.975731,100.0,17.067574,10.0,60.0,5.055808,72.584547,0.352255,0.086297,0
135.733613,165.88479,335.629154,14.797378,1079.743697,329.655398,0.37824,0.808794,0.568682,49.721102,118.173975,22.342688,100.0,21.116226,44.067047,36.240989,4.163801,80.37207,0.191009,0.310759,0
95.948882,136.731779,188.755898,10.552316,335.189302,314.711487,0.3806,0.530454,0.448591,204.050494,190.380039,26.312554,100.0,19.094116,54.075982,26.185728,1.140736,106.579092,0.203284,0.556926,0
25.047629,153.274634,416.919366,47.064712,1061.338218,261.898615,0.559745,0.717192,0.759551,63.543152,10.367809,32.460313,100.0,37.130737,39.640407,21.967479,2.511593,112.078299,0.219637,1.072597,0
55.809482,243.05131,289.021941,50.975659,234.633782,317.610829,0.382553,0.296626,0.434177,345.345493,220.405723,16.406459,100.0,52.970424,41.821689,12.642744,11.348004,94.720164,0.200826,0.54562,0
298.776307,435.782337,534.332501,15.255041,864.732892,40.980592,0.464664,0.705263,0.7595,36.356712,153.848694,30.755039,100.0,33.904434,43.796833,20.785704,7.91616,132.195918,0.24229,1.289176,0
130.485408,178.594195,373.641748,17.059946,315.71425,272.715828,0.362471,0.543445,0.706814,19.504799,572.323451,18.413999,100.0,30.818808,24.355723,52.028961,7.926719,97.267838,0.186188,0.078844,1
89.255125,235.651419,496.970562,22.776401,340.958009,347.630473,0.59875,0.822997,0.769791,200.275212,98.129613,16.917895,100.0,37.906422,35.391106,25.482342,6.470563,140.582527,0.29362,1.015141,0
35.473385,84.584222,178.775039,37.509269,1722.861307,17.631645,0.382099,0.599984,0.623259,47.810065,47.13534,22.391226,100.0,31.169183,18.835313,50.230939,5.358007,88.270971,0.219384,0.554089,0
5.491052,132.286594,289.753487,39.198791,929.612947,80.296435,0.218918,0.71353,0.775023,100.374407,326.731311,32.209772,100.0,28.290889,54.248803,19.842426,2.102114,68.40757,0.16817,1.481474,0
18.233503,78.111605,206.819482,42.771468,1003.703243,285.82862,0.428549,0.849347,0.801508,192.964813,118.042824,19.340571,100.0,34.124717,10.0,54.761302,10.012524,74.764554,0.20865,1.566427,0
63.68284,155.07243,170.379509,54.785602,100.0,187.216979,0.166848,0.481255,0.510804,105.270946,305.651735,23.174771,100.0,40.353325,33.507547,22.117232,8.717028,67.961727,0.1,0.352074,0
63.717866,128.52078,261.394678,21.227208,601.499121,31.182608,0.389064,0.884286,0.852758,27.485658,17.907677,15.136726,100.0,26.396821,65.607211,8.798226,3.78559,76.588953,0.249739,0.814731,0
156.287758,306.836424,387.487278,41.231744,1130.606059,96.46489,0.70947,0.498712,0.520004,35.563521,808.339942,27.112063,100.0,21.010099,45.394444,29.791667,5.263757,174.272761,0.311546,3.934461,1
28.129538,101.17138,271.868172,35.784757,997.068133,116.661456,0.172117,0.34497,0.338815,45.698867,916.427586,18.873814,100.0,42.42302,19.616931,30.854468,1.385432,51.857199,0.178095,0.679722,0
25.860964,179.733325,251.352973,21.821048,100.0,115.58258,0.36417,0.492226,0.388999,35.928205,142.871588,21.267673,100.0,10.0,44.691821,46.591266,8.37863,73.106073,0.187876,0.294948,0
97.054542,107.680766,233.731597,54.907835,1003.568958,315.96219,0.267277,0.962461,0.889267,33.41087,43.073842,29.403365,100.0,17.442519,50.713475,28.545444,10.796197,74.262315,0.10275,1.037072,0
46.293718,240.137047,397.41959,10.251588,1083.279402,238.333125,0.482531,0.903436,0.788802,88.720943,186.275687,19.912946,100.0,32.100224,40.501272,30.037921,10.679029,128.015935,0.232323,1.798133,0
45.83966,93.595099,273.552705,44.160056,1541.880999,264.57022,0.270622,0.531426,0.503885,57.700612,188.121123,26.54547,100.0,41.766172,47.004371,11.95222,6.698695,64.92496,0.1,1.34265,0
145.469967,412.037046,558.59505,45.033054,572.384441,4.885232,0.326859,0.319133,0.463913,104.411929,42.748827,25.882326,100.0,34.22286,18.182486,49.742298,10.419957,119.916932,0.145468,2.640901,1
24.344166,101.530439,451.813599,55.342959,100.0,153.904321,0.40866,0.303301,0.358052,212.700019,25.174867,25.436695,100.0,25.694856,26.777936,51.508604,0.0,112.781801,0.206983,0.47777,0
130.393018,364.316067,567.708967,33.521933,401.614624,114.415426,0.617253,0.289155,0.418388,254.27851,22.422678,17.860195,100.0,40.880373,43.254394,18.005082,9.34305,153.993767,0.233928,0.16113,0
88.421358,108.70713,357.167448,22.689229,351.467481,306.693145,0.538514,0.597581,0.524092,117.085598,100.020253,25.072346,100.0,23.36003,32.704843,47.129515,8.981771,92.292399,0.256286,1.23173,0
42.276378,254.258592,414.280681,50.525737,1268.354439,343.393075,0.492693,0.655147,0.653915,30.581422,367.57211,22.914665,100.0,39.313585,30.837478,27.904923,11.800688,118.979662,0.203964,2.3612,0
62.117423,116.72967,122.236696,47.394566,100.0,152.402706,0.351177,0.426029,0.325273,87.589027,9.220631,22.365416,81.140505,27.026966,21.626952,54.669964,0.0,77.033852,0.230538,0.578893,0
31.02646,241.850497,308.324658,32.517359,675.82177,350.301821,0.312732,0.484087,0.401056,76.657576,405.82773,28.313148,100.0,18.884451,60.248686,22.479664,0.0,62.022937,0.1,0.641704,0
54.032583,156.251045,214.908419,47.232156,1612.897737,5.169313,0.225194,0.231438,0.241503,8.335806,466.974614,16.422722,100.0,39.822411,39.481083,22.149101,8.372438,48.84371,0.171113,0.8039,0
198.449087,281.774279,426.557886,19.733158,903.606231,117.258986,0.496882,0.720656,0.580992,385.418606,111.348699,20.071057,100.0,49.357556,53.530194,5.0,8.58804,149.885231,0.24644,1.25581,0
34.300775,271.99545,669.107922,37.422848,1348.158408,278.975224,0.631241,0.836802,0.760057,33.189932,590.918481,23.925088,100.0,27.595711,10.0,60.0,0.0,136.248446,0.26404,0.675697,0
10.423921,78.221052,275.477791,52.58509,100.0,129.635867,0.446407,0.759126,0.752611,322.393448,75.726629,33.135545,100.0,42.930801,52.919835,5.085896,7.132688,91.841629,0.22608,0.698226,0
63.635619,342.919871,642.855593,22.489148,100.0,331.546439,0.505868,0.667793,0.633005,41.752077,416.188097,13.136112,100.0,10.187278,19.768003,60.0,3.451506,111.771934,0.274541,2.120534,0
174.9526,261.125077,348.952035,31.595249,1618.621229,78.647361,0.482879,0.724962,0.61185,68.846576,146.99788,25.172569,100.0,16.932326,33.55963,53.636339,4.531501,148.667503,0.127789,0.808173,1
75.566295,183.869119,363.834026,57.307467,950.607683,286.440022,0.530062,0.423145,0.38734,440.633904,12.264068,22.918854,100.0,21.123571,40.98354,36.399148,3.324076,123.914042,0.294698,4.475663,0
51.270212,168.490914,521.002528,48.901651,951.637181,72.612811,0.579361,0.819416,0.8727,355.069992,103.12844,28.543019,100.0,30.044248,69.595895,5.0,2.870285,118.621538,0.36223,1.070249,0
49.37966,88.516607,391.690418,53.787146,340.923586,70.95777,0.524209,0.506512,0.600636,67.460619,58.571467,19.697132,100.0,37.088674,67.004352,5.0,3.194674,119.320028,0.194359,0.262349,0
133.121915,265.939293,378.798001,26.188588,950.390864,160.469769,0.357059,0.429859,0.451029,26.161416,843.184639,22.757861,100.0,18.351248,36.853535,38.480828,0.0,119.608718,0.293037,1.194391,0
83.015557,137.541347,297.488299,59.807789,327.031216,340.178612,0.269724,0.694901,0.749363,105.208219,143.80745,18.608537,100.0,21.482168,44.717524,32.789528,14.670651,43.185632,0.219193,0.395239,1
96.867991,142.493809,458.29165,13.391108,1493.435224,210.763786,0.524768,0.456239,0.439904,167.584106,110.379747,21.495973,100.0,40.66874,28.362353,31.494656,10.898433,131.390912,0.225611,0.347818,0
70.744335,115.815452,221.925844,33.532382,2263.915355,228.611842,0.216415,0.640186,0.681402,321.059575,70.420543,27.78688,100.0,22.363924,38.643191,48.021375,9.949512,50.71353,0.160598,0.282237,1
117.628396,194.665141,347.562906,31.360036,1141.970527,3.503762,0.42548,0.566526,0.597209,386.942722,466.032507,26.436633,100.0,46.858262,37.652907,18.218838,5.983591,78.591361,0.198463,1.82349,1
198.457125,442.492747,477.158122,48.91377,582.526807,20.381474,0.535744,0.374402,0.277393,47.953324,257.370473,22.377462,100.0,23.61587,43.150376,30.509852,6.35407,175.275141,0.274227,1.076479,1
62.776915,122.909892,407.727499,54.973977,100.0,24.096249,0.439828,0.598343,0.465867,60.327585,698.608634,29.364037,100.0,44.39246,29.025791,30.181732,0.0,103.414344,0.317802,0.402846,0
81.872901,212.184159,486.137007,45.212666,100.0,295.071183,0.541446,0.387587,0.449781,5.0,12.288509,38.592576,100.0,40.56424,45.867422,17.99301,9.395482,112.560011,0.296462,2.011803,1
192.575628,423.396781,462.861563,39.474893,1677.430916,85.266764,0.556902,0.272515,0.301246,159.188586,319.902247,19.24412,100.0,32.516428,43.859549,22.906142,7.520862,173.858903,0.259085,0.725687,0
70.596798,157.083959,310.039081,28.508605,385.404078,118.381746,0.353531,0.239307,0.257697,103.798502,626.841439,27.155727,100.0,34.027166,20.838598,45.324718,12.13024,81.641753,0.223103,1.174542,0
131.808605,247.55276,579.261336,33.067925,714.582559,219.583,0.544685,0.829601,0.804499,479.83437,233.275871,24.30857,100.0,33.024241,36.267231,32.27449,7.285873,111.275587,0.200381,0.39051,0
29.053691,285.483952,360.135862,33.011517,1227.662987,210.223554,0.488382,0.883696,0.85617,345.916495,16.963711,30.512466,100.0,44.067134,29.504494,28.01228,4.544582,135.113786,0.330297,1.20407,0
33.211113,181.530784,392.319101,6.120266,1641.1449,147.790619,0.460799,0.275378,0.315986,233.149229,242.302166,20.698329,100.0,10.0,70.603491,19.312885,0.0,83.493804,0.229835,0.795598,0
231.041511,367.151005,494.041136,32.667519,800.206539,1.548074,0.565043,0.583768,0.542985,64.600603,1104.689115,30.031215,100.0,27.898934,58.478182,10.40246,16.723293,142.09282,0.265672,0.38437,1
110.455194,212.641651,540.954288,52.078394,697.666565,161.856927,0.618069,0.073255,0.1102,444.791919,263.122261,23.372198,100.0,33.713494,53.742659,7.588434,0.0,112.424811,0.30696,0.145671,1
56.372123,330.45028,363.389767,44.010071,935.810514,265.997742,0.423736,0.649581,0.679452,21.288925,506.365773,22.618527,100.0,44.904537,30.044796,22.179284,5.893732,99.86596,0.203508,0.272858,1
40.208064,117.700813,153.53121,48.763974,586.181092,84.686154,0.196082,0.258313,0.331042,318.896506,286.363137,24.968012,67.485451,25.341858,67.500208,5.520575,2.74332,69.971024,0.1061,1.305292,0
49.499601,119.145505,224.064661,26.476674,613.090398,255.008884,0.228771,0.568194,0.485357,184.997435,543.730395,24.953372,100.0,10.0,32.504418,57.085313,8.058116,51.70576,0.176457,0.383286,0
19.04306,99.663543,275.748721,34.093528,1105.940059,5.455015,0.325541,0.397835,0.325123,262.378202,9.216776,18.593151,100.0,10.0,26.643545,60.0,4.30613,90.875259,0.176591,0.581353,0
103.75422,260.655307,438.80724,6.841596,992.645759,326.88281,0.521161,0.228269,0.200529,201.436888,313.288746,24.195015,100.0,32.426785,74.26979,5.0,1.153252,91.787015,0.204704,0.32431,0
96.151432,220.699424,264.65588,26.064887,1965.802653,342.014115,0.377799,0.860808,0.807774,454.15956,303.311223,32.039154,100.0,17.182438,48.68392,31.447714,6.595462,95.434673,0.261664,1.912893,0
94.482943,144.097236,372.584614,31.092882,1119.424408,0.886134,0.431087,0.768488,0.679807,184.773901,457.894253,17.014997,100.0,29.060827,25.437803,46.96717,10.973798,90.748965,0.10717,0.01272,0
163.511739,333.247923,592.598086,19.036489,1475.572774,164.814629,0.638928,0.734451,0.67429,102.610578,177.004259,26.831537,100.0,17.587772,31.821646,48.229281,8.188371,145.450599,0.243285,0.3005,0
67.472879,214.119412,392.927296,6.718254,364.357412,148.975898,0.323524,0.688551,0.630324,118.058963,616.480881,30.120065,100.0,27.681253,50.486363,19.845583,6.131586,83.380714,0.233036,0.677586,0
88.551782,148.996725,481.981819,42.972446,1162.578645,303.078008,0.463243,0.45765,0.491963,13.55279,103.904381,23.828027,100.0,53.133297,33.186206,13.280466,10.791837,109.935508,0.227448,0.267788,0
11.042298,142.453381,381.869785,28.929826,538.509327,194.659773,0.49168,0.621789,0.742048,146.664067,74.747398,22.602282,100.0,45.609144,36.582539,17.122575,2.242101,114.234493,0.313205,0.797572,0
111.254357,307.378089,432.72645,27.862301,1097.726632,220.091569,0.384473,0.4841,0.547341,22.506492,14.13351,24.064117,100.0,31.457103,64.912918,5.0,12.852159,102.339232,0.271336,0.251283,1
97.925812,181.869838,579.892907,18.749271,1244.257299,72.902161,0.607037,0.675141,0.499546,98.468729,377.932924,18.421559,100.0,28.597345,27.444421,46.071732,5.070017,121.388531,0.339886,0.939421,0
21.646523,42.511692,480.682029,34.580672,924.934422,27.74328,0.513736,0.343236,0.362227,304.077187,113.061697,22.766986,100.0,21.82159,30.564866,50.970784,4.100994,107.44457,0.335027,0.408755,0
56.570851,152.12317,365.395772,29.091473,2103.662861,249.239195,0.3992,0.685782,0.557727,397.629479,204.344061,34.239914,100.0,37.779181,80.0,5.0,12.751326,103.016283,0.207086,0.820968,0
147.875254,228.005346,317.479329,31.069146,1613.989885,223.443357,0.437737,0.374552,0.331231,29.379706,25.178296,23.240124,100.0,27.691521,45.656662,33.229487,6.388852,75.177386,0.226772,0.086365,1
86.455459,101.781329,427.133697,36.947924,1488.622666,299.638344,0.485783,0.662603,0.665,103.611775,213.913196,24.084487,100.0,46.449453,46.090226,5.274664,8.938622,82.251612,0.251814,0.782596,0
37.473235,108.260124,171.36479,5.347856,1282.143096,304.086041,0.125913,0.570046,0.642229,646.594823,223.195581,18.400288,100.0,32.900928,62.707081,5.0,0.0,30.940284,0.174345,1.226509,0
98.126664,139.254629,233.630919,54.923275,1781.680409,227.172699,0.350202,0.438236,0.494497,433.766985,380.364333,26.42956,100.0,33.358075,47.276931,15.466164,2.170936,79.399097,0.17422,0.843761,1
216.267599,451.175758,750.383097,8.909807,181.515351,193.810098,0.687115,0.704045,0.714585,100.940485,279.910985,17.670411,100.0,13.227894,59.245822,26.089951,11.5274,138.719692,0.365693,0.475243,1
15.55378,252.207008,337.349364,29.800861,1585.141559,329.042977,0.250359,0.376448,0.387216,161.361108,193.867806,22.816544,100.0,25.324255,15.566067,60.0,1.39298,89.444611,0.17156,0.188978,0
108.367858,248.091786,624.379261,16.405508,404.377844,288.455089,0.704948,0.751712,0.708002,114.550879,92.274313,7.709632,100.0,52.147131,45.957121,5.0,8.188216,135.566008,0.376969,0.439492,1
83.877021,175.131393,264.095143,33.80803,617.83044,317.672998,0.205897,0.081167,0.135434,135.992168,142.242223,24.145969,100.0,14.668598,35.458909,50.022855,11.533774,78.858892,0.197472,0.348385,0
19.607097,96.626174,237.422216,20.412656,1180.696222,358.502723,0.266341,0.527632,0.578977,31.288419,92.625533,24.958893,100.0,28.837375,46.312907,22.346395,0.0,59.254716,0.166142,0.074013,0
86.903307,273.39082,404.741046,52.300357,1516.610083,145.262084,0.47338,0.730925,0.66113,544.210449,745.959465,19.494999,100.0,29.081243,10.0,56.72268,17.112636,131.260421,0.327976,0.050094,1
40.776588,127.149121,385.461356,26.799791,323.211684,258.096478,0.420312,0.699353,0.547465,470.798932,433.613042,20.78048,100.0,34.381062,15.167635,54.162974,0.579988,90.08031,0.273807,0.30756,0
51.70392,150.774194,406.006478,40.131556,643.727561,247.704413,0.382677,0.326996,0.320157,33.654386,351.83181,19.897259,100.0,35.820522,37.349111,28.022904,7.129201,89.062836,0.124117,0.371727,0
98.546557,219.987643,348.586207,18.688385,948.766036,62.691377,0.296926,0.691897,0.656421,117.290792,1014.642384,28.031376,100.0,25.534606,50.067984,21.93078,9.78006,96.288259,0.1,1.533064,0
95.658442,367.607637,604.175353,6.067338,806.816998,229.157496,0.537541,0.322234,0.333973,62.520459,5.175329,20.742744,100.0,41.040239,17.204221,39.048993,5.713597,129.75314,0.217557,1.414254,0
94.19454,118.154405,312.764189,27.228499,1327.016031,154.112139,0.258106,0.763601,0.768738,161.03458,169.629598,32.271464,100.0,24.622853,29.292688,47.727209,8.48176,45.34731,0.169043,0.958845,0
297.888912,359.923572,629.820894,34.506757,2617.963808,162.228812,0.622699,0.647756,0.664698,334.235175,170.35825,32.573795,100.0,37.793596,43.810844,21.424464,8.787436,124.429529,0.354592,0.036299,1
58.596663,91.380137,338.049325,30.275093,1109.660354,64.849676,0.332805,0.306453,0.334433,1500.0,756.576194,24.33028,100.0,14.373755,36.538934,44.743487,3.680135,93.296204,0.179507,0.023462,0
24.198131,161.214053,249.157925,57.91079,532.401781,268.106165,0.173908,0.786837,0.742433,40.463009,35.846194,33.253673,100.0,22.947413,54.641282,22.26155,7.671437,42.640393,0.124482,1.066156,1
109.286744,133.995554,511.651692,43.876155,251.745835,251.258756,0.505982,0.555876,0.506517,44.781134,1363.999881,32.695259,100.0,14.712253,56.335329,29.663991,10.020752,102.468661,0.271247,0.092447,0
83.460847,137.640022,176.906317,59.761839,737.373043,191.62445,0.186048,0.332157,0.351669,216.981559,402.869814,26.398814,100.0,34.341016,21.223638,44.759623,2.602657,82.395421,0.219093,0.132136,1
42.5982,156.408007,296.465555,21.228305,429.875057,56.418909,0.378806,0.562824,0.608763,388.733543,262.364439,18.676673,100.0,34.795148,36.723033,28.089571,6.165663,83.135028,0.231004,1.098762,1
40.065084,208.922392,446.07364,48.39793,1133.774896,200.471323,0.515374,0.518602,0.556781,321.803809,1069.954598,26.19881,100.0,26.927236,29.697861,39.008245,3.802002,106.354662,0.248024,1.271023,0
171.102305,265.894164,432.944982,35.555716,1126.010818,36.048032,0.6022,0.865369,0.813232,14.503459,29.221076,25.354203,100.0,34.287438,58.357818,7.563658,5.462351,140.010858,0.234597,0.412321,1
6.729339,61.698356,217.397404,38.646819,668.415898,122.173929,0.349566,0.340405,0.404598,51.291722,305.616469,20.752058,100.0,18.307148,52.49143,31.557045,9.514798,98.204893,0.138846,1.888181,0
82.004406,161.417227,299.371778,59.221926,1892.477507,134.048823,0.245641,0.446881,0.528217,270.039,9.377042,36.069899,100.0,44.944052,23.135732,27.671515,6.923822,97.497457,0.1,0.598766,0
38.680376,115.218549,241.160196,40.969296,532.27634,318.033141,0.1,0.895908,0.873322,243.368347,267.490807,27.863192,100.0,41.204479,60.120761,5.0,5.238465,34.417,0.139776,1.544418,0
90.992627,275.370664,627.076894,54.434929,840.284466,149.602347,0.481141,0.611215,0.616566,235.718913,29.169182,16.851609,100.0,21.010895,16.923623,60.0,9.586104,127.731652,0.264517,1.662891,0
33.414082,93.169285,250.684122,44.916263,1219.581333,215.449153,0.262828,0.536556,0.547679,141.300598,106.24255,26.457688,100.0,18.184848,30.714451,47.760211,7.897262,66.563294,0.201741,0.142213,0
92.651702,269.511902,427.052984,12.006237,1346.027447,314.920436,0.302198,0.677088,0.610421,85.098326,756.498943,24.338659,100.0,25.950618,20.714849,51.480289,4.529759,90.692622,0.229889,3.339033,0
141.770122,235.101583,337.983543,43.468304,1538.788261,153.273398,0.325674,0.489376,0.493514,547.316992,16.079213,26.664285,100.0,33.884963,30.862989,32.66614,8.079499,98.846982,0.202408,0.454749,1
43.617041,250.067008,500.936622,31.637357,1114.248239,318.133267,0.529022,0.351653,0.404033,52.489716,209.160457,23.01816,100.0,32.668243,10.0,57.446969,1.683185,128.966462,0.217834,1.702071,0
49.492816,157.544905,217.695172,55.53389,1425.45635,49.126073,0.228723,0.74498,0.731319,280.174086,286.384589,16.463203,100.0,19.705354,37.97272,39.012143,7.406469,54.024089,0.126824,0.567831,0
90.034594,155.514088,642.456678,49.375895,567.445914,131.343537,0.673963,0.524167,0.576342,82.644772,111.989794,30.389023,100.0,26.695396,10.576662,57.646235,8.444466,120.706387,0.321566,0.382559,1
116.287335,320.31337,408.761613,10.727408,1359.04098,34.10181,0.386597,0.781483,0.71067,245.052424,151.339776,34.811846,100.0,35.01013,30.302532,35.992179,9.181605,134.099736,0.195788,0.305812,0
260.523234,600.0,755.745658,12.36536,1352.364575,201.934667,0.666188,0.411538,0.409739,50.939213,227.893283,21.526978,100.0,26.94035,56.505735,19.713853,13.540441,171.382289,0.221496,0.019335,0
50.415615,163.735776,382.673703,8.828605,1656.443337,344.621542,0.596073,0.449893,0.532186,60.954377,246.840116,23.189517,100.0,32.512748,40.594859,25.973535,0.800388,134.119267,0.25307,0.254366,0
49.462632,235.258752,545.302657,32.128468,100.0,236.502661,0.560204,0.526743,0.514297,334.371593,184.584514,30.780576,100.0,42.299797,73.731744,5.0,9.167641,149.646664,0.34633,1.685584,0
25.937997,135.800923,270.320267,9.442447,446.408442,225.387222,0.340974,0.609282,0.672886,857.892014,102.53296,21.165624,100.0,24.53888,55.294159,16.641609,0.0,81.643529,0.210407,1.192044,0
4.334308,62.31162,178.937327,44.802309,1311.570485,100.137108,0.336521,0.611661,0.529464,451.463323,64.702712,29.146162,100.0,41.297052,54.87337,5.0,5.811349,97.477015,0.203336,2.725458,0
142.693874,354.950812,540.235889,35.379722,100.0,335.198433,0.646906,0.622551,0.630457,357.900135,49.527807,23.600691,100.0,30.996401,29.220012,40.32463,12.271339,142.339734,0.265993,0.21676,1
60.896878,98.353161,204.270918,50.973676,1146.003087,169.752523,0.237023,0.736606,0.686239,17.235003,216.990266,19.160542,100.0,30.109895,33.59922,33.940244,11.827243,80.871597,0.1,1.227024,0
25.062094,57.972653,203.83675,20.388768,1429.902212,96.120739,0.377857,0.508186,0.55764,190.03958,690.026125,20.530363,100.0,16.635347,46.489787,37.546732,5.715429,83.849127,0.215463,0.707218,0
127.382474,341.323798,746.294637,33.552743,611.812376,355.571993,0.689463,0.671353,0.686829,337.862459,345.223167,23.748684,100.0,40.135192,29.99943,27.224803,11.667727,153.613416,0.33977,0.239767,0
109.095329,190.96976,278.781244,11.461383,684.905,152.324616,0.438589,0.933167,0.9,149.79921,12.797809,24.20873,100.0,53.216289,38.236455,12.022773,6.676522,116.500514,0.161541,0.502199,1
48.965761,90.680216,117.395764,53.65355,362.931326,133.739634,0.1,0.433851,0.446438,52.921815,356.188388,17.128029,100.0,20.265493,56.111638,19.02103,4.559281,40.38461,0.157588,0.132794,1
84.644666,364.847765,463.974344,14.625273,639.22644,12.586056,0.463704,0.60174,0.673082,628.447841,429.44826,25.178072,100.0,21.457258,40.284023,37.548977,9.563612,115.240886,0.217951,0.894783,0
29.35192,192.032696,251.532514,10.629924,653.715749,64.18619,0.336063,0.542374,0.484938,207.677701,25.076006,10.762782,100.0,48.846251,14.830101,34.533681,0.0,64.265157,0.215016,0.079387,0
113.244527,208.107449,452.712274,16.277783,558.579363,291.308888,0.520885,0.713804,0.6912,251.071203,212.53795,28.035977,100.0,38.929678,49.092203,12.460154,7.680015,127.454853,0.264457,0.936782,0
41.548572,170.023487,286.436515,49.342732,531.160911,173.770238,0.25911,0.317583,0.403591,283.262634,305.304979,28.639646,100.0,24.409087,31.252633,40.254505,4.283027,85.767469,0.166175,0.915036,0
154.588272,272.69725,603.616502,10.819799,764.497608,343.754902,0.448198,0.294707,0.323725,62.278579,722.406978,19.414547,100.0,50.428753,29.58582,20.322916,6.212068,141.160998,0.369521,1.563688,0
99.591559,260.510897,404.079147,38.793512,758.447842,30.198889,0.489498,0.364697,0.43029,301.974989,28.823824,24.342967,100.0,26.938894,76.842054,5.0,16.060529,125.947185,0.279257,0.174915,1
20.242368,112.411923,172.906577,46.039972,1837.06595,221.739639,0.226301,0.655963,0.694827,183.795219,431.510336,21.362783,100.0,32.300619,40.409261,27.867051,7.819811,52.83144,0.160732,0.792402,0
142.990067,313.31785,619.015997,46.309464,702.907428,259.194293,0.587089,0.429969,0.466104,169.824676,10.501536,21.610747,100.0,35.710497,71.593992,5.0,5.941478,140.971129,0.317135,1.265252,1
134.883173,247.422487,338.406571,15.453349,1072.075108,223.625926,0.553086,0.658225,0.677217,24.745536,280.785173,22.456902,100.0,40.365866,26.04857,36.915548,0.0,125.235517,0.253592,0.526287,0
122.162202,138.765335,165.213235,8.38932,611.558517,190.755922,0.21113,0.28509,0.398618,31.67317,5.164778,23.158109,94.831959,36.851682,27.327405,35.730917,1.901159,82.554881,0.19443,0.462442,0
127.066447,195.503947,408.137283,29.684351,605.202112,208.187395,0.395224,0.635114,0.668379,294.374671,4.55047,20.884985,100.0,54.702925,30.440937,13.781062,10.522028,116.433838,0.231987,0.871941,0
67.822895,217.884631,320.105197,16.136694,100.0,248.237853,0.192076,0.849828,0.772756,173.786502,397.393163,25.53602,100.0,47.101687,36.43352,15.514997,2.437654,106.446259,0.139922,0.158468,1
83.500345,115.665763,339.027658,43.459894,114.316876,310.774876,0.279893,0.57243,0.434502,18.100476,237.142324,33.061395,100.0,49.273963,33.217067,16.648079,6.141884,71.040563,0.163783,0.497457,1
57.803339,170.396918,448.480098,24.618104,296.50086,121.084072,0.56879,0.696966,0.788208,38.361253,395.108307,26.787291,100.0,24.720562,22.168785,54.960859,3.497036,140.118973,0.271207,0.776343,0
10.912579,92.942851,289.787685,29.714467,991.848417,165.475469,0.273777,0.527973,0.441684,186.173923,133.817112,22.860454,100.0,35.560569,53.097828,11.481242,0.106897,92.650307,0.176355,0.488492,0
98.365932,382.105374,488.09801,11.241671,1438.086828,228.927451,0.577734,0.544063,0.36519,39.022374,139.104088,31.336335,100.0,50.529289,39.622753,8.989517,11.997142,156.156576,0.342463,2.879504,0
15.34368,189.564158,501.87794,36.215266,100.0,113.117743,0.397346,0.68756,0.703258,689.884237,1029.5928,30.892507,100.0,27.633834,51.541839,22.999603,5.281428,91.130889,0.240501,0.088368,0
25.865463,59.592866,144.099588,15.20383,625.461599,64.361832,0.135565,0.82155,0.780687,142.545448,324.958145,29.29104,100.0,27.720779,43.202444,35.327318,4.93259,40.448186,0.1,0.170168,0
39.600814,194.771789,418.36248,42.344211,216.554645,347.820752,0.366137,0.555893,0.474712,36.012967,327.385109,26.496767,100.0,42.145323,78.965095,5.0,12.789761,106.275154,0.290866,0.379659,0
71.260753,152.049386,404.627664,8.914285,767.861453,70.1024,0.49161,0.749559,0.784424,197.165183,329.763774,26.568053,100.0,37.150643,40.448228,23.095179,3.203264,117.755335,0.279579,1.104668,0
226.103717,331.868532,505.23752,58.674203,1437.884747,83.783914,0.508261,0.460239,0.384194,145.673977,1000.130994,27.996251,100.0,31.792926,53.767966,12.012907,9.441921,110.791575,0.383313,1.992348,1
39.296745,120.802471,394.95105,42.648984,676.558799,222.726996,0.324645,0.657096,0.67238,21.475025,559.360671,31.043514,100.0,35.004372,58.826004,7.698654,5.70558,64.31896,0.190786,0.095481,0
238.887395,528.302305,726.222229,14.995126,876.241514,27.852592,0.788737,0.775505,0.698877,414.631612,549.377743,19.90345,100.0,11.965285,19.443151,60.0,3.10485,198.746993,0.413875,0.454141,0
132.117129,406.627889,622.353532,5.775206,1627.614198,12.257155,0.67843,0.863928,0.742587,289.439848,444.59047,23.148988,100.0,28.316529,21.278856,46.243942,6.087829,128.334984,0.355491,1.747275,0
89.408813,148.885157,423.644522,23.395459,1128.950465,23.044897,0.494141,0.598668,0.497986,799.289117,207.417528,29.447276,100.0,22.656585,22.17006,56.157329,5.165952,111.818845,0.262526,4.0166,0
35.440341,241.818901,433.036772,13.40473,519.954072,44.374912,0.497606,0.371124,0.39622,162.467847,331.48961,24.656684,100.0,49.643735,32.225819,13.113129,2.48006,109.655772,0.321064,0.160117,0
72.099087,139.118413,433.841154,17.012623,979.457643,154.51087,0.383368,0.329273,0.281386,484.940968,470.495706,24.559262,100.0,30.040546,33.265238,34.931782,8.818453,77.757519,0.205218,0.253307,0
76.812834,133.487253,500.352448,53.001264,486.225494,298.533832,0.651158,0.235467,0.272951,411.819065,207.292993,29.251552,100.0,32.930032,41.923525,24.858953,7.927618,123.136795,0.314691,0.128605,0
112.159602,224.846956,453.30637,38.176256,1110.241006,123.109882,0.475207,0.550997,0.642174,1500.0,80.075093,18.374065,100.0,44.11674,63.666176,5.0,8.25771,116.54984,0.192171,0.061751,0
37.175387,138.816007,417.451507,14.705171,1157.670077,153.911309,0.481635,0.752678,0.770367,46.638268,223.483366,29.693139,100.0,49.073721,12.575462,35.112928,4.898128,105.531755,0.237753,0.302276,0
135.055257,184.21859,358.103066,35.616267,216.42015,216.090393,0.442679,0.732502,0.667071,217.649482,25.059493,18.542094,100.0,34.934784,13.436397,47.946165,9.082739,85.591807,0.190411,0.287568,0
65.66897,91.345176,462.154238,19.067936,987.574709,108.771993,0.398341,0.448246,0.470008,27.002698,59.196503,21.818819,100.0,22.633377,28.865905,46.250106,3.479876,61.821621,0.221862,0.025229,0
98.142332,203.749939,411.393848,58.691048,841.213371,155.713636,0.639324,0.377823,0.261356,678.717756,676.312533,14.597225,100.0,25.964311,22.523302,52.013606,1.881585,138.536993,0.334874,1.172188,0
61.410908,110.590907,374.483061,6.801648,1172.338699,139.072207,0.415604,0.567813,0.561601,809.279582,51.10449,21.249272,100.0,35.235007,14.006473,46.304766,0.148945,100.178094,0.245469,1.123619,0
168.561402,254.293932,316.170411,45.277513,1315.673526,123.078075,0.372084,0.422919,0.508536,719.099934,190.537637,27.429759,100.0,35.553893,32.706153,38.936045,7.6945,111.827339,0.221431,0.187599,1
27.449466,247.248153,497.446522,47.514836,1138.724802,139.821541,0.481578,0.509399,0.531321,199.856766,17.805755,25.153139,100.0,23.098094,41.81451,32.951521,8.187595,91.475873,0.285206,0.126224,0
85.38977,175.649879,359.046417,8.693952,748.403323,4.002376,0.520187,0.655923,0.707101,44.838593,119.353884,22.541787,100.0,10.0,36.891564,50.439713,5.869431,119.177547,0.384719,0.983135,1
19.778854,44.17625,288.5923,14.452815,1366.66501,319.053841,0.464521,0.543152,0.43775,179.400422,42.514013,26.625762,100.0,14.162805,29.150574,52.677028,8.380326,102.574005,0.220595,0.212482,0
104.214059,307.793149,567.743573,26.136866,463.468612,351.844847,0.598411,0.940417,0.9,536.265746,11.558563,26.702066,100.0,18.953203,38.261686,44.283363,6.173708,132.143924,0.411333,1.023166,0
25.281408,166.744304,442.630526,52.748515,239.739003,310.498629,0.329653,0.236588,0.241528,119.364671,257.953663,17.569282,100.0,29.587242,10.458654,58.309419,16.32895,79.689095,0.125802,0.588531,0
55.094958,237.255934,489.390065,34.534997,100.0,2.067219,0.499535,0.704584,0.644997,272.951415,153.893092,30.569982,100.0,28.502035,49.341335,23.813645,10.179264,110.930512,0.138395,0.500223,0
49.758505,150.009815,299.256192,41.041877,864.929524,270.318797,0.347869,0.441601,0.503422,15.637664,244.481892,27.47718,100.0,13.7048,38.105524,49.201659,2.803117,77.858994,0.262856,1.253909,0
279.687342,379.474441,831.941693,48.065706,489.22678,206.316062,0.761986,0.505344,0.596178,30.262295,17.754789,15.315239,100.0,29.313332,43.866973,32.486848,11.3252,190.540315,0.350985,0.530485,1
36.426177,406.930127,738.138238,50.546753,1098.877238,33.902968,0.629084,0.467077,0.567574,14.468802,449.867212,33.72924,100.0,50.332145,39.243403,6.841104,4.031716,145.429078,0.223023,0.366359,1
135.816955,278.039468,437.472565,31.19565,100.0,335.829289,0.316428,0.382296,0.528544,174.024583,42.490048,22.333476,100.0,35.917529,12.411914,51.472036,9.787052,83.021058,0.193297,0.155623,1
4.046485,205.416989,359.533312,32.983623,576.410725,279.438167,0.552718,0.386045,0.470928,85.500197,702.847888,17.639668,100.0,54.019879,31.065534,14.138274,6.204036,89.328884,0.253022,0.800621,0
71.428421,600.0,610.085636,44.490322,1135.134953,52.306663,0.692732,0.877252,0.832085,5.24893,960.570561,16.339951,100.0,32.053458,60.133043,5.0,9.167723,192.897715,0.342699,0.338032,1
173.785409,537.129842,614.241915,19.48383,385.081927,347.054915,0.625551,0.535149,0.476717,437.908535,393.190773,14.601149,100.0,31.716033,47.740691,21.864122,0.0,154.35691,0.286577,1.060395,0
11.743576,51.062357,151.00825,51.996936,1104.628374,45.431551,0.16338,0.539587,0.609037,159.63988,119.260568,21.111154,100.0,35.110707,34.860345,29.103993,2.369073,36.342645,0.202338,0.344071,0
131.570315,179.081443,336.049964,6.143275,621.488702,163.684756,0.421653,0.460978,0.621686,687.434381,929.393516,19.528768,100.0,52.028327,51.26282,5.0,1.317282,123.383847,0.236235,0.563367,1
61.816729,94.623028,457.501544,15.767438,883.595845,57.231264,0.509289,0.458275,0.490658,219.621801,90.639203,17.282929,100.0,49.300552,54.496223,5.0,4.526696,86.809053,0.272462,1.452969,0
6.314169,105.071629,250.569462,49.010997,1197.579003,54.068686,0.272869,0.582156,0.542182,257.204816,43.502147,22.098512,100.0,40.340508,60.431724,5.0,0.991177,48.006506,0.166274,0.845153,0
145.320489,561.82502,637.963217,23.714202,1376.398512,348.410066,0.681238,0.882199,0.81551,64.574854,445.628343,33.144634,100.0,36.702702,50.944272,16.285223,4.329477,155.126377,0.353302,0.251819,0
107.980712,111.617732,353.329272,13.240806,946.246206,205.964201,0.451568,0.140503,0.121034,5.158338,42.640567,19.80214,100.0,22.563176,61.869005,13.335857,0.116573,75.626834,0.232509,0.669786,1
31.829142,98.446715,351.319486,15.271512,492.994853,93.30297,0.467357,0.414506,0.495024,184.187598,361.442995,22.031001,100.0,17.242021,39.167083,46.008886,4.001127,87.989841,0.294121,1.025211,1
112.897746,212.987443,359.461411,34.191602,670.980569,279.503774,0.316729,0.182809,0.124561,9.340912,108.223292,27.413323,100.0,27.083717,53.159973,20.771639,13.971554,86.239748,0.121491,0.200463,1
12.902246,56.712301,392.976589,51.539984,1218.477682,315.087984,0.477156,0.592735,0.561169,61.392889,256.955588,34.821119,100.0,48.843498,22.089136,33.904606,8.461463,91.081328,0.253222,0.048364,0
41.801144,125.143101,475.095541,8.885789,389.373208,330.337417,0.621588,0.767677,0.708509,410.891649,4.026161,25.12058,100.0,51.648238,50.860692,5.0,7.280889,137.563945,0.268548,0.588927,0
69.987794,157.62898,199.575922,6.67645,810.966702,335.87459,0.299276,0.451342,0.522607,269.982457,147.051071,26.742874,100.0,14.299651,41.423929,51.005585,11.837829,86.109291,0.135598,0.910615,0
67.104234,97.062976,351.036556,30.584247,707.057951,326.009459,0.619202,0.694272,0.6532,901.510406,248.312067,29.059933,100.0,46.844944,47.954341,5.0,8.593819,124.608511,0.230643,1.06052,0
95.893128,274.323655,298.729144,57.590308,848.319108,230.015663,0.33588,0.843074,0.773601,253.628517,59.708673,26.917923,100.0,52.09765,58.265026,5.0,9.902119,101.777808,0.154584,0.111948,0
274.983918,359.092361,517.224024,20.345539,395.358735,123.287994,0.367868,0.746232,0.854302,810.957238,124.910792,14.035008,100.0,45.734377,23.693061,28.718722,2.798587,118.711135,0.226917,0.115172,0
80.990264,121.783066,705.061399,57.75438,100.0,333.204364,0.614413,0.343882,0.393133,24.184135,312.696202,19.39505,100.0,27.014856,61.42052,14.050571,11.513444,120.903339,0.317789,0.356626,1
82.70574,183.962642,430.342252,53.822465,1160.371308,44.09875,0.398861,0.561191,0.68288,395.405896,9.458197,28.230261,100.0,41.033512,49.052467,8.290447,5.379715,121.206705,0.259878,0.048645,0
154.976803,329.242554,438.687543,20.572429,1382.065712,60.767933,0.528742,0.360292,0.425278,273.640344,208.69523,20.776501,100.0,15.03958,42.895459,50.036057,8.460349,121.186975,0.24281,1.20837,1
66.750383,161.454162,423.779132,49.932144,100.0,156.177915,0.543395,0.360491,0.368779,39.141248,295.864709,16.188695,100.0,16.578439,18.984282,60.0,9.749769,107.776115,0.321556,1.068965,0
9.488311,53.775571,156.831455,42.722702,1084.46308,102.119379,0.246917,0.210496,0.3263,192.225059,12.615065,22.369367,92.608084,59.514196,28.536482,11.675333,3.960256,48.028139,0.163407,0.548176,0
74.790597,190.097838,398.796936,33.150231,1441.591457,221.663813,0.468237,0.923492,0.834514,114.645148,166.359819,27.303655,100.0,27.006482,53.236405,16.957425,6.104151,95.612272,0.277408,0.208191,0
7.950837,355.071446,443.832463,28.260388,1197.955523,325.908692,0.668765,0.758502,0.668368,181.025504,77.764144,27.055355,100.0,19.482579,38.222929,36.250925,0.0,136.501602,0.319713,0.805499,0
144.726661,209.088651,341.325227,49.852652,691.664911,176.771277,0.307018,0.676233,0.686664,147.260487,663.013325,24.283909,100.0,28.107265,57.000584,15.861575,4.036008,68.264631,0.150844,1.836849,0
69.313561,119.513634,452.366124,48.619369,428.251815,199.393414,0.477224,0.343121,0.395664,209.404141,356.319006,12.922722,100.0,52.547187,51.435964,5.0,6.683938,99.430579,0.176671,0.042396,1
92.933746,165.396679,610.545306,46.631498,940.48904,152.328142,0.573721,0.81361,0.81712,212.625346,444.688348,25.230502,100.0,44.833386,26.279603,31.049456,0.0,118.139184,0.221124,0.524437,0
27.94116,81.259447,289.451391,59.904077,1023.892529,254.724898,0.228647,0.549716,0.432989,171.081035,68.917713,16.231978,100.0,24.71989,37.705916,29.510504,13.010434,53.680992,0.111921,0.40679,0
29.324377,84.528681,365.112463,31.318185,947.903756,36.247961,0.207853,0.657655,0.607676,42.009962,243.215159,27.335905,100.0,31.314881,36.605235,28.832425,3.797259,45.856523,0.128182,0.499178,0
106.967382,143.823862,263.325864,49.380764,809.932685,17.492359,0.453478,0.368355,0.512298,27.301453,185.497174,26.228788,100.0,37.533771,52.583208,10.095373,8.970929,120.723238,0.271024,1.153324,0
54.994739,255.839408,336.001284,52.43631,358.674138,230.881851,0.309181,0.272062,0.452364,723.483362,296.138646,20.717751,100.0,39.527156,39.524617,25.123637,0.452776,113.581752,0.23793,0.201798,0
36.674397,200.442528,394.826805,16.638142,1111.344146,192.556276,0.410563,0.163749,0.236226,18.298548,334.695142,15.920735,100.0,37.704371,37.410414,24.62832,0.670492,110.984217,0.277006,1.070555,0
173.719735,253.322245,439.882011,7.313654,1135.427247,146.64889,0.516959,0.812249,0.815697,132.111337,623.00374,30.805139,100.0,21.699774,45.487784,33.304653,4.994419,126.344603,0.104551,0.331062,0
76.327877,138.724841,739.867416,27.261162,1000.411063,120.237351,0.609888,0.471542,0.607735,718.601228,453.102937,25.761245,100.0,29.608352,34.118518,32.876601,0.0,147.01771,0.270261,0.247335,0
41.434199,174.812928,329.541531,52.120518,955.496823,18.65068,0.296669,0.272414,0.288899,69.511552,877.312488,18.401976,100.0,19.975826,51.363747,28.6008,7.47707,85.649949,0.170614,0.200043,0
80.015103,193.803424,344.006027,20.90068,1739.624744,245.000218,0.390231,0.526406,0.660515,182.690965,103.578027,32.85097,100.0,42.665159,41.11523,14.944707,9.682151,76.327603,0.195753,0.388005,0
48.171815,159.028231,404.812761,43.500558,587.810608,151.728313,0.400263,0.44013,0.439489,366.261433,30.065434,24.262728,100.0,31.119677,58.281657,15.494945,5.637592,80.214661,0.134279,1.748998,0
100.268701,342.738431,460.024972,5.404148,1540.717549,160.296494,0.363432,0.404655,0.387252,64.071227,112.876001,20.119378,100.0,35.867514,50.97779,6.996937,4.719201,109.13953,0.258505,9.7e-05,0
26.334575,170.800704,269.236118,24.545044,532.987765,321.640147,0.389569,0.964773,0.828438,204.68485,63.299306,30.360137,100.0,24.851719,41.637588,35.680057,3.018186,104.50704,0.307357,0.002932,0
146.422986,600.0,823.259625,38.853418,1454.475286,265.517238,0.753347,0.468031,0.478602,112.26712,85.243818,28.7901,100.0,39.218569,61.877054,5.0,4.512476,200.0,0.326567,1.117369,0
48.134698,115.372666,170.311802,12.136645,1516.683775,78.999534,0.25844,0.445009,0.473424,898.539597,917.52066,27.529931,100.0,39.595091,29.251547,30.532708,3.636114,88.927733,0.281103,0.197469,0
19.049659,375.556541,612.601988,54.31338,753.474398,236.579939,0.626405,0.467805,0.361117,89.855038,28.927472,25.486267,100.0,16.504584,41.172318,41.699304,6.176241,164.472485,0.183267,2.198336,0
21.642515,161.222265,288.994493,13.595069,1730.481527,47.611915,0.442607,0.803036,0.750783,92.947067,473.602051,17.29082,100.0,40.915558,40.598996,16.945921,5.145207,117.272137,0.179713,1.255702,0
58.297473,100.962208,373.123278,55.038645,1134.517943,69.862992,0.452462,0.50668,0.503269,341.661031,512.139867,17.598042,100.0,19.464936,45.032635,32.2146,3.425496,92.438381,0.225067,0.104182,0
36.904438,94.467505,470.458445,16.901412,461.363779,257.093727,0.41363,0.587106,0.611443,48.678235,488.041515,21.5907,100.0,24.69376,29.721525,40.907121,3.487706,85.238069,0.257167,0.082031,0
15.287077,172.613385,271.110587,59.685327,712.921703,45.320551,0.446665,0.637161,0.50109,5.0,426.253208,12.106874,100.0,42.307437,40.632898,24.495015,3.844944,97.039022,0.240426,1.122266,0
16.277807,50.307834,198.207466,38.261179,1466.381153,100.869822,0.221148,0.58046,0.639031,12.922521,40.711542,25.701113,100.0,25.04663,29.208657,45.274823,3.199258,58.817479,0.102724,1.589493,1
69.876969,164.393079,484.372905,9.638969,1361.532351,323.301696,0.430331,0.499641,0.617825,225.475183,35.588204,23.513968,100.0,33.513362,15.796775,47.574405,5.129678,112.258776,0.267525,0.699199,0
83.564412,525.511791,733.570142,8.590248,370.979799,265.793572,0.627332,0.727736,0.743071,494.941725,159.48889,24.301302,100.0,31.201176,36.088684,34.825866,0.0,200.0,0.328684,0.664639,0
73.80244,79.663066,530.329427,9.120693,830.371344,334.605426,0.31643,0.598871,0.624176,5.0,218.76003,33.388161,100.0,16.397031,42.756885,43.432345,7.965238,68.939305,0.163724,0.835224,0
170.181704,264.207432,477.257617,37.444101,1001.761491,317.460003,0.444821,0.788191,0.691752,161.74378,657.959779,17.12931,100.0,47.776321,21.996232,30.300324,9.535612,103.400883,0.216885,2.649734,1
92.923569,150.503098,515.282156,49.526856,646.197705,112.528592,0.577656,0.814305,0.801851,315.8755,61.863188,24.81366,100.0,47.919628,32.781999,16.219692,12.496776,131.375092,0.225814,2.798236,1
40.997556,406.448179,477.332111,27.162951,2078.899862,227.655876,0.369546,0.610166,0.536952,224.76686,7.013565,17.17444,100.0,37.335913,47.036769,18.43269,0.0,109.563859,0.236064,0.812852,0
30.589128,119.476973,215.441835,29.465967,1016.831872,136.330444,0.453986,0.100453,0.305285,83.071659,256.908636,31.641333,100.0,28.943401,49.118064,19.431381,7.703115,119.474921,0.179482,1.110357,0
13.271158,63.519596,479.589023,37.410824,869.093905,250.957559,0.283583,0.474751,0.501489,33.238988,296.646182,17.825892,100.0,33.303311,50.543079,13.399671,0.391002,90.476046,0.114089,1.403537,1
111.227021,145.731193,240.197455,34.317233,1495.425522,125.444528,0.225848,0.664796,0.546736,147.779105,53.957553,35.358289,100.0,46.974808,22.180808,27.578955,10.017265,96.855244,0.240273,0.012404,1
227.006781,265.841969,684.791397,42.843395,717.393233,0.474254,0.533319,0.378631,0.464943,5.0,107.578399,18.208187,100.0,26.552224,74.358005,5.0,13.354248,133.732198,0.271302,0.763225,1
128.489948,458.985608,564.656113,30.948215,1403.713805,33.817757,0.671765,0.721964,0.744299,1020.910476,111.043703,25.862035,100.0,27.558622,13.862041,60.0,14.073866,190.556416,0.279095,0.518333,0
55.526968,65.853872,125.423698,44.262338,100.0,277.564437,0.27186,0.671487,0.604361,475.805015,365.523907,27.061229,100.0,29.831214,35.253376,33.28622,7.543733,48.305431,0.1,1.075951,0
33.838384,177.005597,330.670261,59.852091,673.172977,30.241888,0.354466,0.399368,0.439746,445.393115,59.512918,29.185041,100.0,10.0,10.0,60.0,0.0,110.756419,0.209763,0.0526,0
105.541505,363.521361,434.517633,24.266381,1424.535209,215.792166,0.327162,0.207872,0.145277,171.65407,57.695113,17.565023,100.0,39.974792,22.302964,38.479408,3.761462,117.835518,0.195272,0.027145,0
58.103954,151.24222,408.690902,5.67185,1685.09886,308.800264,0.327541,0.74085,0.78918,311.637338,450.536695,16.874083,100.0,34.441461,24.049171,41.91115,4.970054,88.149425,0.250186,1.986343,0
52.932412,92.399245,117.011232,11.909378,513.352143,266.796445,0.224458,0.712021,0.71501,367.781736,33.650809,21.207369,76.911507,41.450329,58.345412,5.0,3.905212,60.403445,0.1,0.963039,0
179.853605,322.653323,839.995769,35.44328,455.089182,148.837966,0.746382,0.468274,0.414592,76.712925,32.890643,28.157563,100.0,27.146036,65.108562,5.991517,4.054174,121.434226,0.303606,0.843283,0
9.896867,57.477721,243.606094,23.934178,1183.723215,75.097518,0.250861,0.725998,0.813334,80.270023,433.870779,24.034733,100.0,16.405423,41.833306,44.286528,6.140548,74.410683,0.195272,1.395226,0
89.433057,150.779382,417.001015,56.699043,588.483053,332.113496,0.447075,0.48956,0.554688,214.505516,165.629882,30.482602,100.0,33.846223,30.483874,33.096069,17.874731,94.262694,0.228238,0.184564,0
36.15094,88.978613,376.573467,39.509535,765.711041,203.903885,0.37883,0.710302,0.637162,57.036195,19.309638,18.997458,100.0,19.549652,10.0,60.0,5.53912,80.910424,0.248283,1.683277,0
67.493317,122.395053,322.163797,33.619535,1338.202512,145.951221,0.198873,0.253169,0.316197,206.092465,363.66828,22.480184,100.0,38.637306,25.17859,38.801549,9.885777,65.893407,0.163001,0.081288,1
29.671266,222.229138,456.910563,48.892173,627.948909,339.140772,0.355285,0.655213,0.645101,255.083025,187.01279,23.538734,100.0,39.575254,10.0,54.500272,6.925322,101.000707,0.215134,0.207627,0
58.14373,143.237649,282.507653,19.222443,100.0,77.406388,0.209464,0.977908,0.9,287.61229,104.493596,23.227684,100.0,55.891878,27.334074,22.996164,0.849595,54.353448,0.183898,0.024004,0
300.0,449.256759,736.247943,50.08562,249.457782,159.221474,0.653057,0.886621,0.87925,313.193236,124.493425,27.530592,100.0,47.821607,32.884257,17.960855,7.031491,150.649387,0.247325,0.119646,1
119.80791,268.834859,293.374704,5.168361,904.977793,39.112455,0.358378,0.51023,0.488404,754.511797,671.76253,31.431273,100.0,35.375257,41.418472,24.842506,5.720399,86.575546,0.222412,0.97218,0
105.469544,204.444561,666.418523,39.082255,100.0,44.956894,0.671346,0.64961,0.525648,470.153521,48.645445,20.47989,100.0,29.565693,34.954757,30.033017,7.711071,142.716357,0.334397,1.295308,0
69.005081,337.059471,472.915869,56.411643,751.419791,143.494652,0.620638,0.775326,0.591271,197.214803,136.890289,21.215168,100.0,42.08767,30.68965,31.947641,5.64058,164.849603,0.402466,0.33058,0
64.155924,108.376946,417.705905,48.332297,203.951742,251.877728,0.314347,0.520628,0.509736,438.304135,55.160308,25.791604,100.0,35.718267,29.980615,33.799803,6.624913,80.837459,0.1,1.100603,1
72.741631,163.50207,506.018957,51.949881,1719.969503,122.00182,0.560758,0.842248,0.876173,114.523243,46.382573,26.008469,100.0,27.206712,35.764231,39.149027,2.680812,125.321586,0.256509,1.056143,0
97.479974,114.545105,245.008676,26.832508,1982.571297,248.25527,0.229597,0.568634,0.50197,385.409275,286.565389,30.473695,100.0,10.0,55.451174,36.472759,5.500641,62.775855,0.187491,0.197674,0
121.444234,225.454206,399.048942,50.333142,370.901449,289.868569,0.636744,0.373052,0.435198,114.109888,122.208814,24.563545,100.0,57.666592,48.897398,5.0,8.122871,131.210631,0.347088,0.971969,1
246.010691,430.48177,598.807559,35.295742,1028.37934,315.928049,0.598396,0.818116,0.713073,37.598336,58.391998,22.779168,100.0,44.129861,27.374655,26.598437,7.360436,143.25644,0.27883,0.252192,1
55.337296,85.096116,240.627767,39.019713,419.798134,16.099021,0.248373,0.596808,0.640585,162.156851,61.018927,34.498197,100.0,39.464602,32.688947,25.636606,1.061267,59.934059,0.150066,0.107401,0
176.804541,240.128788,347.798073,8.240344,745.342199,278.543396,0.423059,0.729458,0.763325,5.758843,102.065932,25.983633,100.0,33.037409,69.369581,5.0,1.293253,86.294659,0.216722,0.488672,0
247.87562,301.51175,479.646096,16.085343,1801.734664,52.971164,0.527406,0.675719,0.757803,393.95785,295.902658,28.299283,100.0,53.271602,28.408458,16.782516,17.164369,149.122247,0.335381,0.006674,1
128.224555,133.559042,284.30086,35.303043,666.655726,251.374426,0.303661,0.486677,0.554613,57.930488,691.056923,14.537062,100.0,42.153094,48.429965,7.32123,2.582036,83.062693,0.183995,0.169431,0
63.263031,102.313752,487.203959,8.234058,756.981269,133.798488,0.573517,0.972928,0.878497,278.01022,214.201995,23.174543,100.0,17.055585,53.78394,28.836891,4.22595,119.497311,0.245073,0.772668,0
128.838565,285.990025,496.031431,45.779574,428.735366,254.805587,0.672665,0.81791,0.790513,358.712818,485.080449,30.780526,100.0,29.555856,38.391846,31.648226,11.103306,155.356855,0.284912,0.721195,1
14.463034,110.194,225.266261,51.203135,1473.094689,76.976728,0.383293,0.798666,0.802876,441.380643,84.537519,24.690467,100.0,40.685519,27.631351,30.41605,9.944127,82.355626,0.176921,0.182765,0
219.457507,344.370331,743.634681,55.61993,100.0,232.196659,0.7172,0.814003,0.649976,43.67669,38.843107,23.591721,100.0,45.647706,10.0,43.918998,19.024291,166.880207,0.372819,0.355441,0
137.149655,322.117715,675.95324,10.597265,678.601339,45.185071,0.852227,0.813268,0.803801,136.661265,261.451302,12.679869,100.0,29.141639,47.698378,23.981041,0.296266,170.423744,0.432868,0.686524,0
61.137021,372.921804,527.002914,56.684614,877.056953,61.108397,0.596163,0.303909,0.305317,17.726903,553.152179,23.219935,100.0,49.170832,41.663933,6.137607,6.687864,139.008988,0.203754,0.347556,1
57.478521,96.289141,298.114661,8.7191,569.461335,221.206293,0.243625,0.25671,0.345733,140.782238,126.177149,31.515876,100.0,17.732622,26.41418,52.358296,0.0,65.841876,0.139854,1.119427,0
18.539208,163.444683,551.180243,31.073092,1331.772754,121.237737,0.573994,0.543036,0.607765,304.094332,18.23273,24.076022,100.0,29.51779,46.697701,25.490368,5.068218,123.530673,0.309143,0.526997,0
152.409015,213.723934,514.987367,51.213806,1501.013642,253.360106,0.516064,0.421344,0.496194,447.05275,168.212403,26.876781,100.0,29.977608,40.247519,31.000047,5.510763,141.099234,0.273448,0.68992,1
58.536858,100.647337,150.898953,8.867113,193.980244,246.657397,0.174125,0.597005,0.651858,793.051977,96.036411,22.09368,100.0,42.808088,25.650667,30.519666,3.789216,42.467953,0.126073,0.248368,0
232.79589,311.476812,401.543687,6.002709,1946.743327,223.788236,0.472749,0.534852,0.572286,430.743883,55.190375,22.039906,100.0,46.696779,15.185148,36.439753,3.682273,107.638773,0.287525,1.71378,0
14.2093,163.866807,287.182433,6.372125,188.370588,262.994595,0.156204,0.251008,0.27382,184.3904,353.965799,24.377173,100.0,46.430391,31.136365,24.823933,0.0,53.279338,0.204703,0.483806,0
30.229825,132.779655,266.253224,33.119863,1544.315341,285.816687,0.486627,0.382932,0.326973,71.295933,870.969843,27.030758,100.0,17.056408,60.906028,18.505855,0.706958,121.841211,0.214686,0.626743,0
26.994139,98.005016,268.92533,49.637821,974.913849,328.112382,0.38978,0.788162,0.790174,322.387286,32.137492,28.697756,100.0,33.926994,48.83786,13.831546,0.838239,92.67839,0.136961,0.331571,0
3.543105,164.271938,393.414599,12.008467,648.149451,28.985699,0.250263,0.51068,0.367627,11.475843,237.839736,28.293013,100.0,15.491575,44.166101,38.041363,3.73135,107.845628,0.16296,2.142233,0
111.536643,263.799548,434.624829,11.853564,695.316535,205.757645,0.52944,0.734746,0.684322,163.552016,101.219865,22.036036,100.0,32.769098,44.879486,15.009418,3.690568,124.8171,0.21104,0.194717,0
22.77515,90.321194,437.246711,36.270077,883.243605,269.55966,0.515986,0.509155,0.565678,204.488264,409.664655,25.294171,100.0,50.679179,24.441765,30.830422,5.110954,112.077279,0.296397,0.758721,1
30.35877,174.345617,309.636583,17.886258,1004.208931,78.098924,0.509721,0.647399,0.611226,86.089938,115.448276,16.42123,100.0,54.624893,30.31902,11.143966,0.0,115.223673,0.20682,0.117621,0
24.197959,124.633876,471.672348,45.161755,439.922824,94.903611,0.673326,0.762237,0.750138,42.545478,220.47723,25.567025,100.0,37.634385,39.051978,26.375139,5.968029,137.651514,0.414086,0.061726,0
48.863762,102.797699,313.394254,57.229946,783.030021,96.107164,0.555638,0.687766,0.576046,29.118382,28.672218,12.016915,100.0,35.553222,37.035523,28.271745,5.070065,102.262496,0.21687,1.778033,0
201.234505,352.885424,555.225426,47.131837,514.663589,206.03987,0.544163,0.845187,0.779487,138.547608,254.164208,14.951309,100.0,30.454167,21.050828,49.630338,14.987392,138.245639,0.264533,0.322433,1
97.484659,252.578354,535.364258,53.244645,292.475236,131.821405,0.609141,0.628584,0.623163,359.463045,167.760287,25.232788,100.0,32.118472,20.172438,52.694938,15.601328,119.754466,0.303307,0.871695,0
78.929928,114.927614,371.158977,33.577233,491.344149,239.794106,0.367447,0.513141,0.373254,70.815221,19.850421,27.243644,100.0,48.356621,36.709975,16.297882,7.54246,91.807488,0.176112,0.747126,0
67.629414,210.885034,381.318097,50.777562,325.012684,219.686286,0.521963,0.722869,0.678284,72.259432,161.638641,16.756827,100.0,22.822691,30.112424,46.901937,9.693644,126.04013,0.253788,1.00807,0
42.319644,243.922139,350.433017,15.059675,689.922544,236.56026,0.181723,0.659442,0.611346,205.459311,410.454785,27.348416,100.0,29.375872,33.561497,41.523891,2.358234,68.666345,0.153602,0.39469,0
42.882124,82.499665,472.945856,8.759134,1116.237453,90.834342,0.374464,0.842249,0.721998,142.554676,282.270417,23.025125,100.0,32.503198,34.870816,26.179937,4.415679,74.538138,0.307753,3.678977,0
75.898234,190.105092,384.568698,41.077421,960.355177,276.253695,0.383496,0.739447,0.670904,471.911582,25.027686,30.815672,100.0,24.492108,60.396624,18.944326,4.826586,85.289175,0.231854,0.642069,0
185.919018,226.298855,422.015707,7.857388,1887.172388,239.052798,0.452692,0.856795,0.839519,54.109444,1500.0,32.747066,100.0,37.820691,30.740175,31.729609,7.085156,96.398061,0.241967,0.041585,1
39.634711,83.611342,749.085826,54.086478,100.0,47.033861,0.75307,0.728719,0.734954,639.015799,55.014915,10.597423,100.0,49.296814,45.793497,5.0,4.909652,130.416628,0.406301,0.189128,0
140.270091,162.665564,511.687003,43.035478,1134.670483,72.062227,0.662369,0.45553,0.617056,120.703767,220.676303,35.544075,100.0,39.165203,21.0725,39.028789,9.15195,173.102355,0.346097,0.75005,1
25.286992,244.95233,405.795411,57.37104,903.210119,108.347453,0.379919,0.198826,0.346483,226.084301,84.165347,29.503902,100.0,24.483835,60.14938,16.434032,7.983236,105.799062,0.2751,0.726296,0
110.90076,313.814192,498.040535,22.263766,1307.835171,336.974943,0.394119,0.583559,0.592951,454.322057,178.249318,27.649907,100.0,23.921589,66.119581,8.471881,6.255776,106.795295,0.176044,0.125095,1
180.810441,391.697502,490.290724,31.738707,1258.232602,117.485951,0.477993,0.247111,0.291532,251.388336,39.704369,22.027981,100.0,18.154433,31.743183,47.218216,9.108797,119.968537,0.17547,0.709881,0
63.421965,136.510576,211.807401,45.79297,817.504125,7.15647,0.219431,0.725113,0.723608,36.148041,610.523526,27.133099,100.0,30.892353,17.951129,51.385332,13.283638,64.320371,0.242991,0.98468,0
42.59996,227.236762,388.013891,18.352844,986.325642,50.985266,0.485133,0.851336,0.769971,160.247046,5.558657,26.229461,100.0,22.927842,10.346311,60.0,3.554333,124.32383,0.275114,0.112161,0
110.587433,152.407484,397.850745,34.801685,527.965394,11.581857,0.590673,0.24597,0.307778,429.246321,191.465069,29.182459,100.0,34.743213,40.938961,23.946195,9.787322,131.820428,0.259687,0.441831,0
216.671834,252.177296,355.904641,41.2707,1206.83999,145.022128,0.54602,0.52887,0.654977,127.277471,1009.688862,26.221735,100.0,24.349333,33.200687,43.899118,9.0164,141.595499,0.216681,0.583194,1
135.770651,209.964716,511.878985,58.834476,100.0,286.975224,0.644041,0.318181,0.422112,18.501617,138.691265,27.408466,100.0,16.573102,60.45364,25.134428,12.082978,152.790897,0.284596,1.842296,1
237.325216,431.854784,518.407201,45.958681,1288.413219,162.156881,0.483691,0.677764,0.756499,867.069094,287.641684,28.537465,100.0,10.707382,42.732603,48.550762,14.493233,135.447597,0.34381,0.1451,1
68.547682,185.36603,347.736807,11.497197,888.413278,302.037889,0.379402,0.609406,0.700618,141.184162,718.468713,12.445054,100.0,38.916273,27.118612,35.679326,8.120575,84.939649,0.151352,2.176288,0
65.165774,132.402516,417.724876,31.14334,656.468981,17.110556,0.497527,0.601664,0.598209,33.396087,352.38129,22.362811,100.0,16.716238,52.584615,32.561283,8.629563,104.279308,0.346936,0.01057,0
16.022754,80.485649,619.503724,37.382393,783.7334,169.100231,0.549516,0.744275,0.621155,130.997446,245.985731,24.106746,100.0,37.461233,10.0,53.410154,9.312524,122.272659,0.242924,0.216825,0
40.985102,260.908009,684.637087,13.064273,820.401883,283.347134,0.614195,0.729662,0.680476,213.127142,89.311524,21.797611,100.0,24.840295,37.568455,31.200572,0.0,128.397084,0.294575,0.347625,0
61.275835,225.505472,594.407443,28.758133,1548.65188,242.899998,0.642694,0.654643,0.59954,43.776609,109.603066,30.85151,100.0,34.877945,39.317553,23.647565,0.915358,170.513272,0.305968,0.242224,0
66.402792,294.127643,493.292149,20.62032,2516.746832,307.017193,0.382855,0.440058,0.422527,1500.0,292.565938,33.796771,100.0,31.468798,45.930705,21.787418,9.762112,96.541509,0.221479,0.58557,0
109.079308,326.394282,638.722289,11.535515,1509.935412,98.580501,0.752174,0.560978,0.66008,630.265912,99.735373,24.943671,100.0,33.626678,29.374165,39.46687,1.429761,173.073424,0.267754,0.537015,1
44.850294,63.088987,216.27583,33.162306,617.337107,180.306287,0.243682,0.554008,0.374755,593.946438,794.775329,24.923726,100.0,42.498816,35.597208,20.454309,5.74348,67.24907,0.289985,0.235142,1
47.232406,247.299612,520.99128,14.109819,1214.890912,243.676288,0.596898,0.658518,0.683955,24.878279,37.913565,24.777065,100.0,24.205923,29.69897,49.032225,8.541573,146.225601,0.325531,0.346289,0
265.569797,431.933532,501.670072,37.479557,1236.664583,60.656384,0.547101,0.705767,0.643692,94.946943,20.495872,14.691514,100.0,48.361641,46.119773,9.817498,9.944694,114.454444,0.313104,0.327024,1
3.788022,49.526536,278.698343,14.333331,437.419639,293.690417,0.462313,0.047398,0.226433,15.945773,72.115337,18.814404,100.0,40.397164,49.922758,16.271463,0.601239,108.576089,0.247256,1.035499,0
29.393011,103.25873,172.720701,44.797721,269.600351,112.129218,0.1,0.623335,0.630457,284.899861,322.461385,18.88142,100.0,28.282736,24.492473,49.122387,0.857606,39.839078,0.128386,1.149902,0
5.465202,92.19214,446.728818,15.738289,868.359536,33.590629,0.605764,0.470153,0.483903,270.931864,61.033504,28.92012,100.0,29.435593,49.58877,18.980517,4.098977,107.337548,0.315648,0.165614,0
7.4697,314.495572,617.239432,54.295681,1303.853801,275.652465,0.748464,0.501636,0.523005,314.448594,722.696676,21.709334,100.0,33.248091,18.801786,49.124124,6.147116,178.237907,0.359898,0.997835,0
49.863577,153.249652,601.771052,6.441515,100.0,253.806473,0.639628,0.174264,0.286383,294.007301,480.497055,23.616207,100.0,27.285332,33.98601,41.220279,9.626628,104.071485,0.25996,0.34926,0
87.071831,248.520517,326.247257,33.709856,539.551066,318.124711,0.429441,0.849162,0.833296,16.305973,42.368274,23.047868,100.0,12.843702,52.273929,30.383128,7.827126,138.065245,0.197963,0.005077,1
48.196363,246.243362,907.77236,22.605762,1186.325854,321.146908,0.931244,0.701223,0.603635,145.21529,13.197942,22.489761,100.0,21.193188,30.521346,51.87151,10.3359,187.427136,0.455307,0.406962,0
91.148907,161.278764,344.68347,17.379209,920.861807,100.269282,0.302872,0.933164,0.765178,481.682788,364.930511,36.602974,100.0,21.157087,30.25901,47.065873,9.586083,79.347133,0.256915,1.680676,0
121.948413,338.108876,689.596167,30.938153,1608.13681,230.890599,0.691571,0.762119,0.630211,40.419407,49.987084,24.694099,100.0,29.80617,41.09313,29.710896,10.146655,138.582859,0.282649,0.126354,0
79.508883,174.597652,270.225975,51.311074,194.316273,359.684279,0.418694,0.665319,0.56415,210.786086,53.71539,32.472314,100.0,18.57725,10.0,60.0,3.705212,96.243419,0.215226,0.002675,0
90.955696,537.017093,778.030347,55.340246,2076.082467,87.770357,0.582564,0.710117,0.573408,337.984589,754.107552,19.826452,100.0,41.102189,26.715153,35.387487,13.564134,178.673557,0.270918,0.553695,0
53.643292,98.726683,268.295823,21.678674,131.003778,170.235601,0.375155,0.464115,0.318035,350.6507,68.887132,17.376292,100.0,33.391012,31.75605,29.286977,1.526053,90.059985,0.255994,0.234399,0
44.763344,132.99156,435.652549,13.483399,100.0,327.659891,0.479011,0.439558,0.513453,23.43656,701.992373,29.395483,100.0,27.404524,34.416932,37.996255,2.469673,113.577072,0.241351,1.474066,0
4.751728,209.102875,251.950476,44.607725,870.54361,37.108671,0.376893,0.802329,0.782199,152.21846,245.933197,24.981721,100.0,22.962953,41.362023,34.177737,2.28804,112.592176,0.195909,0.816174,0
126.566231,182.279539,271.604512,37.00993,332.770536,334.169963,0.203672,0.524507,0.626623,171.900693,41.122111,27.81352,100.0,32.191094,37.328955,32.836786,8.499445,56.013495,0.112156,0.320362,0
76.70681,250.330026,625.173164,16.055888,880.622168,175.736014,0.557032,0.289129,0.246038,65.36938,391.909821,34.866535,100.0,42.301252,57.537434,5.0,1.722393,104.264863,0.322602,0.318944,0
85.770989,162.975812,250.719718,46.816268,863.136561,321.494684,0.173498,0.168762,0.188449,165.821209,24.752789,25.161324,100.0,11.277144,65.9747,26.486396,0.501203,47.311583,0.137889,0.499658,0
15.124288,54.283998,225.904065,33.541174,802.112894,223.693708,0.15133,0.60979,0.622157,24.745403,301.539862,26.386163,100.0,15.456757,36.303681,47.371438,15.918938,47.685557,0.117462,1.696753,0
31.170599,63.856649,219.363089,40.936736,478.794484,241.716797,0.369549,0.507591,0.52948,13.412776,878.123207,22.013752,100.0,20.622655,27.45655,53.746279,0.067464,78.242683,0.205804,1.065154,0
51.21273,164.899244,389.849425,24.763647,1116.328076,278.274871,0.372484,0.24639,0.44604,390.074607,335.220926,24.837013,100.0,17.52722,57.968547,26.604225,10.007582,88.545405,0.291202,0.368888,0
22.60124,160.283439,263.019732,29.150366,741.331443,24.168993,0.25733,0.238262,0.390973,11.354687,583.638893,25.619013,100.0,16.02289,33.840478,51.29864,8.445771,82.341223,0.184662,0.829202,0
78.562221,121.630515,516.967486,14.918815,1451.832435,225.996602,0.648484,0.337356,0.268888,68.987822,65.561128,26.965877,100.0,32.059257,27.795713,41.767599,7.053836,122.986939,0.383065,0.035544,1
74.328181,220.62903,448.625153,46.608373,809.813874,332.617408,0.446983,0.722449,0.776354,67.601729,23.132204,25.771093,100.0,31.541075,50.935458,12.758135,5.966546,93.194672,0.189688,0.506352,1
70.644086,100.871294,522.448875,13.635623,417.676289,344.204541,0.640454,0.898235,0.816403,438.25131,275.769177,14.721707,100.0,27.797968,38.271198,32.208334,0.0,111.377256,0.312089,0.329282,1
125.180237,196.189992,497.093048,47.806643,100.0,348.59572,0.417591,0.582543,0.595442,131.256848,243.928505,33.165755,100.0,34.166426,51.5876,12.752003,9.051153,111.466769,0.22156,0.299931,0
80.014791,173.371902,392.559139,48.890432,813.945284,232.499837,0.399049,0.287747,0.414639,95.342103,548.911729,24.536789,100.0,31.087077,26.655436,44.246471,12.052135,113.26457,0.353898,0.080425,1
170.53982,258.322078,276.604676,46.063053,265.397714,227.983265,0.244547,0.327142,0.439188,60.96531,136.249924,33.524351,100.0,23.610797,33.488767,46.431808,11.83622,103.556865,0.167091,1.045613,1
82.170803,191.838843,463.885092,6.068253,225.019073,198.887424,0.549092,0.59324,0.64697,33.790936,43.334352,19.055056,100.0,27.205189,51.501836,22.128647,4.575137,114.422165,0.230008,0.153995,0
37.343032,127.956947,398.175884,20.022327,1163.728655,218.719209,0.417758,0.425336,0.49955,377.979298,114.828727,21.00946,100.0,34.334349,10.0,54.755304,10.613613,98.100142,0.244837,2.043124,0
65.411114,146.813947,563.493732,30.758576,100.0,220.362455,0.652082,0.298819,0.305895,192.107128,30.418309,22.786282,100.0,18.592074,30.513066,50.967161,8.65149,139.570822,0.336644,0.113622,0
2.191957,83.321424,290.620914,37.754941,1606.096689,15.266977,0.362313,0.791918,0.771749,167.814353,33.791869,21.537715,100.0,35.223897,54.182532,11.505777,3.715096,87.020295,0.285516,0.475367,0
86.551184,146.559181,155.457025,55.557215,979.858192,31.993663,0.1,0.606747,0.579537,174.371741,524.867629,26.169206,89.321692,10.0,33.9938,55.754672,10.765425,58.066578,0.1,0.182164,0
32.083786,180.488419,375.664693,25.658328,878.078684,222.989966,0.392908,0.529847,0.511592,220.435276,276.375062,30.547209,100.0,31.615889,55.152438,11.243559,4.042424,107.427858,0.285297,0.236038,0
72.936936,154.914678,436.971735,53.126283,382.61703,113.117915,0.317883,0.76375,0.693027,110.175587,93.694591,32.245778,100.0,35.474336,26.173917,34.880026,1.51967,71.70536,0.201029,0.104172,0
36.849225,91.476837,285.864744,13.988611,1282.186148,108.513175,0.377635,0.740941,0.660722,715.597912,42.796518,21.198872,100.0,21.348639,41.928448,33.695976,12.934489,76.478219,0.239358,1.894945,0
22.61961,164.548565,301.946668,25.420427,898.547533,69.63863,0.412173,0.500825,0.575189,838.007362,91.793032,20.40843,100.0,43.691081,33.279075,19.58347,6.45526,104.683191,0.259892,0.301432,0
208.639189,336.098933,651.090933,7.875511,556.951679,288.385189,0.719318,0.493599,0.642777,444.041567,125.37768,28.613452,100.0,44.578006,11.820344,44.112325,0.0,146.617693,0.33002,4.390456,0
36.214867,77.628538,114.021817,45.836911,999.912348,347.158261,0.184633,0.477165,0.531446,272.410986,659.834744,17.667756,86.458177,34.295223,32.679189,31.118962,9.60473,46.121936,0.1,6.302705,1
30.402278,273.647869,465.930309,13.285902,100.0,225.992881,0.33283,0.506366,0.499694,41.642314,319.902378,28.024515,100.0,49.806659,30.591631,21.498684,8.768103,99.617224,0.208987,1.631455,1
112.478362,184.079293,328.553097,19.136101,100.0,340.351162,0.400228,0.634542,0.676579,210.775206,86.164831,22.580127,100.0,23.181141,27.707617,42.444989,9.305075,91.064499,0.197134,0.19438,0
49.839393,123.946473,211.099859,47.637829,339.906957,318.198296,0.320149,0.629117,0.578476,47.744627,133.935591,21.353406,100.0,41.677362,23.92508,31.973661,11.704001,85.738368,0.136497,0.536189,0
33.77476,129.499093,352.278769,34.409419,1074.763634,78.453712,0.381182,0.561039,0.667612,1173.154595,271.243528,7.118775,100.0,47.528238,60.43425,5.0,7.314295,79.590816,0.224343,0.152321,0
114.828541,239.429347,690.429558,5.7685,898.370839,55.269324,0.695414,0.64845,0.522022,121.103125,229.986846,25.590422,100.0,19.436515,27.10592,53.968898,2.337826,112.524204,0.277942,1.405561,0
63.820148,162.93049,262.376656,5.122936,1424.489633,76.171243,0.134228,0.645654,0.582904,85.133459,268.932145,31.005607,100.0,32.844654,43.238838,24.149528,5.470874,60.824409,0.13717,0.204889,0
126.19527,176.859835,449.090061,33.086335,440.005074,34.635378,0.48835,0.553558,0.584376,86.499399,253.601798,16.890465,100.0,15.736012,35.987756,51.207449,13.120637,109.843948,0.255324,0.303781,0
174.805685,194.66158,441.80808,21.772553,1187.33392,209.8365,0.464698,0.347463,0.408551,316.301851,902.242046,25.695985,100.0,41.185904,51.30058,11.969808,12.828333,128.017225,0.235481,1.951549,1
48.763501,288.918681,365.114979,14.91713,843.064724,101.754015,0.289075,0.736185,0.74834,187.325566,400.605363,26.997049,100.0,50.332223,65.738137,5.0,0.0,86.655114,0.135281,1.638727,0
107.929892,153.238562,398.805172,38.747667,428.477403,328.65001,0.491811,0.831529,0.739707,96.953709,418.158366,20.833164,100.0,25.983393,62.739512,11.648211,12.969748,110.326381,0.183918,0.350376,0
180.538727,315.435882,465.119039,17.564006,1092.653835,220.826798,0.445925,0.035769,0.067701,77.928514,111.915385,26.589564,100.0,31.625998,29.518023,40.46558,5.955955,112.387321,0.24722,0.345202,0
214.719316,313.228232,431.595922,37.571393,866.994071,129.4598,0.489768,0.417357,0.463882,41.724863,44.462605,29.378789,100.0,26.373156,46.975273,26.347011,9.136629,114.167975,0.315288,0.572789,1
40.322265,55.512585,171.991697,25.859627,585.440403,354.470628,0.294997,0.585804,0.586199,450.170115,299.545728,25.097701,100.0,59.415593,56.901733,5.0,4.752861,62.544798,0.223884,2.729171,0
139.600691,198.694612,890.651629,15.271042,920.999544,343.150019,0.889934,0.475586,0.576017,698.414945,633.528159,27.319213,100.0,22.005516,33.362638,44.504251,14.464984,158.618111,0.329451,0.00736,0
6.021456,284.350791,333.949919,12.595761,835.234807,280.301485,0.249779,0.814924,0.728877,48.400269,99.511778,22.434528,100.0,21.965075,54.185893,23.275177,0.0,87.750262,0.149031,0.638147,0
81.294287,102.714932,467.395864,18.027333,823.155966,285.006123,0.458876,0.633389,0.583677,162.548629,8.128309,28.873199,100.0,38.134671,38.499695,24.853766,3.515195,100.638238,0.228673,3.815946,1
17.460618,93.809917,256.732902,6.640766,693.703425,351.817247,0.531169,0.786419,0.713962,23.473791,950.065782,13.718535,100.0,31.024532,17.492789,49.480343,5.396317,94.563344,0.204463,1.783668,0
48.773331,173.321282,266.84796,21.946983,247.525731,216.16424,0.466374,0.738828,0.627987,62.164117,286.85143,28.620692,100.0,59.631385,69.790608,5.0,5.006446,119.868831,0.215223,0.338534,0
281.477621,326.984309,468.962743,54.607508,937.382708,316.807146,0.58207,0.230114,0.293366,42.293941,246.165754,31.391276,100.0,53.845941,10.355225,31.280296,13.032583,129.050039,0.236798,1.179888,1
128.031611,234.467473,616.377813,50.724917,498.642813,23.33798,0.651354,0.602716,0.601477,365.891973,26.532752,19.494081,100.0,38.780448,16.000048,42.119226,12.968493,140.773619,0.387735,0.790028,0
17.925475,161.355627,553.876944,25.460207,389.835566,199.462507,0.47199,0.780067,0.787638,82.278745,118.36143,19.344971,100.0,42.246598,30.469306,30.57534,0.0,119.339951,0.256071,0.510649,0
24.568997,155.584881,246.89763,36.670849,779.650078,180.905882,0.293634,0.75272,0.625977,266.19271,124.919701,33.708957,100.0,40.043013,52.688657,12.162247,3.035072,98.909898,0.257555,0.315082,0
149.63556,255.863844,496.983352,36.204831,1267.013272,13.58059,0.480192,0.262136,0.295288,280.185121,459.115273,26.315886,100.0,43.498635,47.388606,15.081941,19.533481,82.085573,0.262619,0.480677,0
146.160231,232.124819,463.185449,50.580565,992.806754,31.302715,0.485238,0.398156,0.541369,165.483524,279.314404,14.86069,100.0,37.761557,68.308775,5.0,5.443852,128.883892,0.322398,0.047071,0
151.748014,198.830245,357.001842,17.995956,634.428896,7.862013,0.258803,0.31765,0.354453,17.746802,148.263632,22.684703,100.0,20.901213,54.140272,24.709347,7.996607,82.239496,0.102008,1.449784,0
80.99468,221.398601,478.27003,21.301312,614.326971,105.845402,0.601979,0.938374,0.867494,121.645252,24.371053,13.669133,100.0,22.94843,40.73767,37.282364,4.042403,139.598629,0.355493,2.301849,0
127.612247,224.716586,521.45427,21.598199,1217.906631,19.264043,0.274588,0.715532,0.672893,84.816409,2.399766,22.653098,100.0,42.679815,57.412452,5.0,0.0,76.239617,0.172019,1.807943,1
50.771855,353.352298,440.933298,7.247849,100.0,152.337487,0.560504,0.513424,0.520908,51.39398,215.220334,23.828281,100.0,26.483203,33.50916,43.230742,0.0,149.886809,0.271048,0.342947,0
48.861424,214.300902,260.145389,22.307832,1298.682495,292.588708,0.408746,0.414902,0.445312,241.352314,47.969269,27.67764,100.0,46.762189,39.923964,14.671093,0.935524,118.44388,0.274869,2.197097,0
77.511913,144.389822,220.394607,53.285258,100.0,220.978731,0.520019,0.648034,0.620756,359.249434,90.461159,24.174658,100.0,39.990713,30.178553,37.616138,11.615754,120.820399,0.259652,0.263852,0
33.224896,148.322936,287.226189,55.159321,192.296046,242.564368,0.319163,0.772274,0.726979,283.550792,303.810881,33.579022,100.0,18.946785,55.17296,29.260257,3.260465,95.172195,0.217309,0.653466,0
28.349813,64.116136,223.145116,11.029944,642.867084,11.342407,0.237675,0.761687,0.744324,127.14288,30.283824,24.683872,100.0,19.375411,32.275468,52.003998,8.513418,90.072858,0.118742,0.593751,0
102.908467,121.837184,436.977832,30.19322,1985.062071,302.22949,0.483466,0.730639,0.758553,123.575627,188.109949,12.557155,100.0,17.633993,16.795567,60.0,3.869886,125.41434,0.345751,0.903437,0
109.774821,174.939304,350.885985,25.97419,1738.70968,52.628537,0.454235,0.565687,0.568166,73.816205,23.52484,27.6914,100.0,40.634233,16.661059,45.460467,8.613793,95.476408,0.199717,1.168355,0
29.026332,58.793034,197.874875,31.914756,1253.243878,108.954315,0.259171,0.52422,0.567968,64.066595,109.42771,24.645485,93.640841,44.803085,20.102898,38.578788,6.356126,75.077729,0.117803,1.628796,0
40.542907,194.481939,238.50591,35.509574,1078.271189,186.045802,0.184425,0.276871,0.194157,152.746481,207.015771,22.974851,100.0,27.715985,45.624136,29.531045,5.645085,83.47675,0.101054,0.415087,0
92.257322,377.220744,751.364858,6.114232,100.0,334.797635,0.794513,0.21294,0.223472,252.249351,132.898379,30.3316,100.0,31.949345,35.311602,27.713553,8.192746,181.332178,0.296661,0.261325,0
86.466618,286.835756,378.01513,51.323324,978.379081,359.333701,0.421247,0.611801,0.686598,147.262373,123.191441,28.994905,100.0,35.520771,38.310328,23.947283,8.524506,121.356425,0.137059,0.152418,1
81.068693,154.854076,548.481685,58.551524,625.389241,281.757846,0.465391,0.811414,0.63066,332.188143,9.949312,18.817564,100.0,41.630963,44.180992,12.00068,11.147811,82.009404,0.247712,2.625158,0
30.415126,188.965928,318.267073,40.937265,491.665333,262.553121,0.208043,0.64678,0.705052,9.65665,541.172721,25.626217,100.0,28.159694,46.070413,25.338566,0.0,68.99017,0.1,0.366819,0
300.0,362.534226,442.457755,41.324873,977.401545,189.965639,0.722981,0.513735,0.585193,78.237138,460.200286,33.119915,100.0,36.770894,32.707292,29.712446,7.437507,160.392489,0.298663,1.311525,0
45.156435,262.838441,449.636449,34.038892,664.444995,239.625842,0.565395,0.084316,0.180598,547.021374,137.16402,24.464171,100.0,31.195136,36.290287,41.904995,2.990855,116.430447,0.172217,0.279993,1
95.151382,238.632051,340.254327,23.385038,1334.649773,51.992703,0.445155,0.331874,0.386843,149.551751,348.862649,16.274733,100.0,14.843602,30.548238,53.234615,1.36459,124.865365,0.314849,0.805534,0
22.513686,118.544,269.989213,13.19378,100.0,96.910603,0.317993,0.922486,0.862788,61.60581,43.833451,26.379646,100.0,47.049024,43.701806,9.503577,4.575409,61.395677,0.217015,0.031875,1
63.845651,155.26762,338.187964,37.123484,937.505711,354.471431,0.456459,0.31022,0.436705,12.277779,421.404298,22.135171,100.0,35.477251,36.216581,30.31749,6.215915,117.684193,0.135657,0.324465,0
28.36823,171.648939,465.952795,7.471777,460.451388,352.661408,0.390831,0.31286,0.299975,312.727565,46.708662,24.198398,100.0,29.901022,23.761713,46.78945,9.537086,93.293681,0.207988,0.877266,1
43.571678,135.66704,659.907694,50.347641,695.182086,116.270062,0.680861,0.694945,0.741577,6.894561,589.24803,18.249218,100.0,23.669798,39.338191,42.92301,9.586798,152.623338,0.308813,0.205162,0
82.244496,275.366657,394.264642,28.150143,1052.31321,86.777486,0.459424,0.492391,0.557312,81.883117,163.577567,26.017572,100.0,24.210574,48.658815,28.812453,3.522662,122.048687,0.233019,1.038679,0
168.432743,241.039663,438.990526,27.811482,341.346069,82.626507,0.370388,0.299439,0.438553,85.48812,7.770246,20.521163,100.0,16.092871,66.095452,17.186803,8.70469,101.662676,0.227772,1.606789,0
39.644448,124.397008,190.591142,22.994397,982.11607,174.551178,0.251558,0.182311,0.185853,296.921223,367.621062,28.844144,99.444425,19.64035,19.06518,60.0,7.995555,69.405665,0.1,0.270754,0
79.176981,167.647797,432.175008,58.314464,793.830897,80.555969,0.426072,0.461568,0.598661,275.598649,281.519965,32.10409,100.0,21.684744,17.271615,60.0,10.812886,93.559219,0.180115,1.745817,0
94.218168,174.381444,382.33966,14.620432,569.706567,233.458788,0.348594,0.508175,0.530626,71.34147,716.661984,25.118496,100.0,25.891657,14.979961,60.0,5.906487,92.967855,0.176261,0.075577,0
113.488713,163.242023,206.495223,13.32193,664.713757,26.935132,0.221636,0.747132,0.71982,493.010675,393.87306,18.295409,100.0,46.543162,27.739091,27.670367,2.017646,38.492154,0.183645,1.02222,0
8.927201,77.433573,293.28408,14.104233,822.724054,37.3238,0.178606,0.420156,0.600874,52.061951,109.087008,19.472068,100.0,38.561197,34.848939,25.220435,3.165441,49.825644,0.124598,1.969586,0
125.874132,220.672638,319.335354,41.219012,516.081744,99.696339,0.477716,0.364724,0.309215,225.310836,93.791561,25.063783,100.0,21.887212,30.660793,45.898095,3.847524,123.087118,0.257513,0.737851,0
95.033536,184.747061,334.590743,59.554243,903.547238,279.879564,0.540634,0.567338,0.725523,270.957903,379.322292,25.915191,100.0,14.468424,14.85028,60.0,11.550024,118.027966,0.206585,0.723254,0
80.970694,341.363346,790.314145,17.951134,760.911689,116.384234,0.679134,0.896365,0.751092,486.104286,81.875372,20.840822,100.0,21.908316,60.858855,22.279597,8.379725,169.248575,0.280898,0.989391,0
35.471617,160.461006,210.239442,54.808957,594.358731,169.494042,0.389703,0.552016,0.567553,87.138571,1055.3702,22.796968,100.0,47.900203,10.0,44.622157,4.294895,82.435564,0.251806,1.039109,1
86.674216,311.417823,590.699161,20.323911,1694.921117,236.383937,0.598893,0.220846,0.289885,207.822983,803.638023,27.484699,100.0,39.302308,66.288628,5.0,6.287611,125.787264,0.316528,1.114951,1
252.718621,279.040826,366.79437,40.634496,1107.619961,283.874372,0.410755,0.684678,0.668287,125.142031,86.055365,30.423147,100.0,30.015685,46.998008,22.670823,11.968831,111.31937,0.238643,2.555414,0
155.423236,332.197246,407.946236,7.227442,708.643884,110.559248,0.317225,0.327453,0.399542,31.843406,688.6153,23.948587,100.0,31.812841,60.819292,5.0,6.709475,91.683322,0.230163,0.494921,0
48.563639,173.594065,288.415528,32.260969,972.930215,263.148988,0.28938,0.457721,0.652057,19.318364,297.342793,27.670002,100.0,44.596949,22.088859,36.923298,2.205696,89.210908,0.210442,1.659415,0
80.048603,168.764665,239.1153,41.001348,386.589932,102.984266,0.356529,0.563513,0.472441,191.73816,569.411934,23.976047,100.0,31.755039,32.242509,32.69087,3.873268,83.104585,0.17894,1.489497,0
81.990242,128.411067,729.585707,34.497588,681.614197,232.007835,0.622614,0.402468,0.430252,72.630511,944.77168,25.8811,100.0,56.922058,34.646002,11.99775,9.219282,129.261687,0.325821,1.451733,1
54.838928,206.762631,252.727068,18.080946,739.961275,162.316851,0.240649,0.680343,0.674287,11.632403,229.039586,20.092215,100.0,32.902408,30.752999,36.858082,6.166646,40.648834,0.170499,0.390959,0
18.600057,156.284412,221.328649,50.567332,276.603045,333.586015,0.237318,0.449097,0.462321,391.013917,171.213261,26.346545,100.0,21.751515,41.84961,42.811478,8.600086,66.417984,0.149959,0.193619,0
49.273881,205.062301,239.738095,58.357508,1093.677024,353.553619,0.1,0.618651,0.68509,154.874617,163.699548,32.200526,100.0,10.0,42.048891,51.321217,7.723988,50.845957,0.1,0.899827,0
100.354977,167.514119,264.098765,30.255785,647.193649,278.684319,0.357312,0.394549,0.483907,300.371187,122.710236,26.199996,100.0,36.85978,23.748129,40.672855,0.746975,64.152558,0.257962,1.414811,0
48.334312,240.857417,429.924837,39.97556,722.266666,329.567161,0.529133,0.749528,0.69117,157.562534,363.2715,26.51693,100.0,29.693734,68.30182,5.0,6.327723,126.886433,0.302432,0.424964,0
63.816572,208.899363,412.385741,48.47273,615.64007,49.141527,0.486987,0.582663,0.541675,358.740486,1434.672055,18.657124,100.0,21.689524,20.166642,56.466794,6.610406,111.987761,0.227095,0.105277,0
169.866788,241.520056,462.124295,18.281898,2379.545295,235.607025,0.587089,0.844813,0.848279,137.618819,34.130153,26.047821,100.0,39.609056,45.860754,14.938274,4.76497,119.637921,0.251699,1.006077,0
64.142531,307.716773,538.018914,52.544771,568.692425,71.412459,0.512913,0.923157,0.841419,263.547705,73.475085,11.67287,100.0,34.970892,41.998702,22.862186,0.0,146.991911,0.233188,1.454943,0
67.511824,180.203553,511.006467,20.41105,100.0,99.708662,0.715474,0.447251,0.453203,37.731825,1100.256468,27.923401,100.0,26.94543,42.43341,26.370768,0.0,130.410058,0.367915,0.582074,0
74.583459,95.832489,550.390729,47.670694,100.034015,188.216367,0.483353,0.616025,0.526612,30.559356,49.030214,32.630539,100.0,35.364197,10.0,58.661795,3.604585,115.695411,0.199904,1.922355,0
44.633548,116.204799,379.151916,11.165458,1279.651311,267.115417,0.399832,0.546635,0.42856,29.002541,68.838702,20.816192,100.0,30.489454,35.015719,33.832834,3.459816,89.959197,0.214636,0.30241,0
128.783077,319.845536,503.77561,20.861269,1568.226346,259.737867,0.495887,0.739726,0.653122,348.942255,410.314146,22.568927,100.0,42.166668,35.133716,21.957573,9.583037,140.433775,0.28584,0.589499,0
22.586582,95.829343,185.507636,34.349096,559.101404,313.005363,0.276311,0.723504,0.690667,367.626167,216.37691,29.734905,100.0,32.995599,44.032575,17.724547,10.610245,79.452829,0.198006,1.002958,0
44.435406,144.092334,341.488765,33.870715,1539.474835,201.338947,0.366308,0.418583,0.499358,99.525718,8.995239,19.065409,100.0,27.794907,16.704437,54.397858,3.254217,60.069229,0.231548,0.050138,0
80.374788,275.192478,531.868107,51.773715,1270.795,333.483355,0.541794,0.646569,0.611093,6.541923,137.175481,26.809119,100.0,45.703301,43.166623,13.495991,9.642406,113.372271,0.194724,0.330008,1
50.897806,124.823919,270.781517,59.786999,805.259935,319.639894,0.262317,0.644488,0.68241,300.309594,345.187551,19.496188,100.0,20.244989,51.126278,26.476277,8.345732,59.351944,0.191597,0.796027,0
201.174815,364.221017,656.599214,10.896597,769.776858,305.660696,0.61426,0.560426,0.502812,173.892563,134.453942,27.438772,100.0,16.513772,48.680056,31.957744,12.015676,183.583072,0.25751,0.405137,0
68.041654,104.921699,332.442171,19.926347,990.435113,82.627239,0.159148,0.967209,0.837985,248.386402,103.197924,22.543233,100.0,25.418764,38.669321,35.268852,10.721733,69.738742,0.113206,1.492699,0
66.557705,188.67747,291.273623,24.667902,1338.727911,191.321278,0.427826,0.799793,0.807006,499.448532,589.827331,7.476095,100.0,12.36841,57.074391,31.027288,10.428203,125.183287,0.15134,0.137274,0
28.951237,146.170121,261.793028,31.340512,1098.647283,265.045175,0.220326,0.202205,0.291783,199.307038,88.410816,17.697136,100.0,15.09775,52.367613,35.680834,7.74089,50.737439,0.206463,1.84754,0
51.785023,181.271445,545.216468,32.165036,561.595849,351.396903,0.514368,0.758154,0.702042,49.35144,313.938841,23.439255,100.0,29.373993,26.878133,47.637559,4.903476,118.321401,0.287867,0.877522,0
124.746949,265.087478,299.270843,52.090728,812.896476,4.193019,0.248404,0.477071,0.477737,175.541573,290.429293,35.201996,100.0,32.656191,41.211881,26.000955,8.977718,72.788056,0.133731,0.551067,0
37.118971,139.801728,180.576905,47.380762,1890.631727,117.761232,0.310459,0.56047,0.437562,289.936828,29.929133,22.535927,83.092903,29.096022,53.937383,13.120513,6.239189,104.312098,0.20868,0.897981,0
11.847896,106.117858,184.402702,6.036837,1025.606899,123.246091,0.202405,0.826757,0.822428,251.088465,261.09411,19.70162,100.0,37.539622,64.265424,5.0,1.108105,68.461459,0.190408,0.175093,0
59.355551,158.683001,784.797458,30.026197,1334.662713,103.872445,0.522755,0.442973,0.448597,557.158897,636.469567,25.866928,100.0,26.855568,28.197354,48.039292,0.710343,110.847025,0.325936,1.031473,0
70.601502,308.228258,541.194796,38.994061,1169.942494,294.272748,0.588091,0.51363,0.505959,73.17574,971.130558,5.503247,100.0,11.119967,24.273187,60.0,0.0,129.15355,0.313485,0.150013,0
47.042538,156.934217,271.447838,30.321757,1036.678872,16.225717,0.256007,0.64738,0.622737,46.637885,287.705585,31.649477,100.0,40.214664,21.615981,40.178513,0.0,84.181173,0.146332,1.991357,0
171.654452,525.89809,761.229305,12.185489,954.34945,129.39651,0.744708,0.418115,0.576647,113.568132,15.370673,27.698642,100.0,31.08772,17.533163,58.460547,5.715508,189.698386,0.287264,0.945062,0
280.996945,420.922757,528.478104,26.861075,1348.695313,256.206459,0.632425,0.162898,0.227827,33.878154,45.66033,20.969046,100.0,39.668686,38.419927,24.805264,10.458206,152.109215,0.409492,0.926055,1
79.966142,189.89328,372.943728,27.641063,1259.321118,146.426299,0.318247,0.79222,0.703658,86.145072,256.353063,28.337044,100.0,38.880757,27.721185,34.529388,7.241993,75.441899,0.17453,0.127288,0
51.342617,91.082493,215.579058,15.324376,1031.946739,51.86289,0.278154,0.542426,0.594591,189.780253,287.956795,25.808364,100.0,43.905535,47.486394,12.698638,4.287542,80.807196,0.176569,0.027086,0
100.394668,270.800116,500.680567,46.596891,553.118737,219.90689,0.448412,0.403024,0.405352,34.004504,237.561954,23.201917,100.0,22.251423,28.607041,50.457334,10.373032,113.773565,0.258168,0.453561,0
172.484809,255.305247,410.801211,22.677037,1092.779403,188.139685,0.547848,0.807218,0.825549,170.514127,525.76182,27.279354,100.0,18.931989,20.187428,59.776809,6.926519,117.901426,0.316567,2.553856,0
39.730166,227.524275,343.701423,37.394301,866.496032,353.461981,0.400042,0.7475,0.802448,392.233406,731.470965,23.474363,100.0,31.008213,53.531205,16.123483,9.214494,106.105435,0.212073,4.796025,0
120.021807,177.892166,360.572077,33.36516,745.872044,269.469439,0.404177,0.625952,0.638838,169.565964,89.800029,25.015278,100.0,30.354289,37.437057,29.023622,9.32149,109.574028,0.270699,0.265448,0
59.308147,158.277725,293.374667,53.258489,2239.387987,355.023356,0.225278,0.446517,0.528253,60.5089,26.503781,27.333359,100.0,45.727007,51.710215,5.0,4.271454,69.783747,0.288181,0.220221,1
148.852893,229.233034,364.229396,11.710821,130.474346,67.086951,0.484615,0.365014,0.48349,168.659831,33.147976,21.738702,100.0,37.62392,30.10467,31.892727,11.080366,125.445712,0.237531,0.245901,0
28.963746,190.896653,246.936173,11.284465,1379.25643,274.174203,0.397605,0.631904,0.615419,45.71281,308.080852,23.242663,100.0,33.629225,65.939604,5.0,1.94745,85.577133,0.249613,0.516519,0
187.609511,437.577598,663.744732,21.517582,468.664528,198.589759,0.587569,0.368304,0.239363,266.340593,152.433904,16.986256,100.0,18.641029,43.931418,35.292208,7.377821,174.132889,0.241897,0.23873,0
82.006869,179.475011,931.792376,28.716823,965.597745,256.50342,0.907412,0.572265,0.512494,416.934698,643.653295,16.287986,100.0,24.238757,20.42439,52.18038,5.602467,161.489165,0.380841,0.102901,0
100.171058,175.849738,364.242669,21.419824,2184.29376,168.318527,0.468406,0.767854,0.706411,164.791925,148.322553,13.801576,100.0,14.235198,11.922512,60.0,8.042886,116.279688,0.207228,1.929436,0
24.679497,66.257739,207.370383,46.97529,418.815503,76.460695,0.498062,0.94356,0.859212,20.594653,172.415486,26.186911,100.0,23.005914,42.981708,31.874325,12.417211,99.505879,0.204634,2.193699,0
23.966024,93.472017,237.78205,18.489621,538.063673,16.465199,0.341228,0.320569,0.304125,291.36326,99.665086,22.114687,100.0,34.016731,45.049018,21.02885,0.137213,66.509149,0.150322,0.233346,0
88.453112,340.479967,695.797343,9.662611,891.243131,301.783773,0.691387,0.62789,0.625999,426.45156,374.273784,16.937937,100.0,36.964612,49.522659,11.516989,8.587477,152.290879,0.392797,0.554996,0
102.469856,200.95424,212.642521,27.75899,476.391521,293.331005,0.265181,0.666548,0.735287,226.734223,208.858842,21.692287,100.0,39.061554,10.0,48.840659,12.85079,106.161956,0.260727,0.268869,0
55.184917,190.612824,382.764226,47.535861,1342.028175,58.514304,0.41573,0.638069,0.575015,58.659947,42.130092,17.63715,100.0,40.416481,10.0,48.974146,11.689498,86.898288,0.29224,0.085855,0
110.509603,141.469956,303.64099,51.780907,632.735282,232.265124,0.434825,0.65615,0.633983,1035.948504,100.245707,25.1002,100.0,38.26663,10.0,46.789625,5.207984,84.932344,0.228725,0.052366,1
24.50972,54.349607,209.515879,45.333967,1227.00482,265.584132,0.189885,0.572496,0.627553,7.437987,75.132018,29.918695,100.0,25.392404,23.231283,48.730343,10.175709,40.866666,0.190734,2.213403,0
17.200855,43.866785,222.822923,35.683767,235.405434,200.744998,0.382668,0.320395,0.34559,189.14811,62.862748,31.964257,100.0,23.601775,47.820486,32.287009,5.571758,96.690188,0.14769,0.453634,1
74.955447,287.270766,370.015047,44.830544,100.0,114.202405,0.260388,0.481329,0.57145,615.193687,24.446604,23.072442,100.0,46.301643,38.356495,17.385755,1.743757,90.509232,0.1,0.516029,0
23.597984,124.812518,210.011305,42.476424,785.507511,317.140525,0.345143,0.555897,0.513876,132.710176,433.876795,22.939023,100.0,27.712478,10.859274,60.0,0.815732,78.193665,0.186361,1.141149,0
12.228697,68.432111,118.470488,17.890165,115.746081,231.27863,0.29518,0.903677,0.780093,39.93437,685.36765,13.170633,58.210079,28.205933,13.781105,53.482434,0.0,66.794243,0.195183,0.250923,0
31.202977,204.975862,435.149824,35.291739,1659.134456,259.278304,0.550495,0.352451,0.442818,107.194506,278.929143,15.231319,100.0,30.714149,43.474475,22.676241,5.243871,116.388907,0.261046,0.090912,0
99.843101,179.537333,198.534914,47.383513,135.098255,234.761231,0.295793,0.745018,0.661416,20.76882,894.567672,32.012838,100.0,15.597826,56.410749,27.230057,8.403797,79.390867,0.196055,1.129279,0
80.698508,268.029246,467.233236,22.441636,381.156656,259.663922,0.536637,0.361466,0.264736,200.943965,271.776956,25.042769,100.0,29.987571,46.280701,24.899411,5.548299,111.258926,0.273212,0.397526,1
174.024393,271.329217,386.204898,40.968523,1106.809943,52.224172,0.388254,0.49926,0.592295,150.661266,163.53076,30.741972,100.0,14.802207,62.970795,20.353032,5.102653,84.824848,0.194556,0.249087,1
84.925331,274.002676,355.342975,31.481424,606.818025,332.133983,0.289546,0.427878,0.593275,138.694785,112.743948,12.691237,100.0,38.920471,44.492786,18.272127,1.553656,94.297129,0.161253,0.400481,0
25.482016,76.50227,260.662005,32.673737,140.806015,102.891887,0.346534,0.314604,0.309572,27.565018,75.491982,23.544257,100.0,27.137105,62.653943,9.726222,5.838485,70.336034,0.22179,0.027163,0
104.821404,237.008859,364.863257,9.953027,1919.98208,301.15844,0.417032,0.516853,0.530751,102.007559,5.172199,13.59168,100.0,25.593484,76.863738,5.0,7.646747,112.473279,0.317292,0.587152,0
38.758084,193.290157,374.50911,41.641944,399.183098,321.618313,0.510701,0.11469,0.132309,5.0,230.994755,10.984044,100.0,10.901223,34.851405,55.516403,5.600661,118.456284,0.241177,2.230738,0
54.308587,82.404482,169.007741,52.612787,801.871096,234.440498,0.229529,0.47894,0.388807,126.941808,16.446221,18.629029,100.0,35.530131,49.524084,17.597137,3.077935,80.130789,0.227491,1.046825,0
39.412782,140.715333,353.911242,12.778721,795.40374,215.388274,0.41672,0.652014,0.680173,354.883274,215.972212,34.936828,100.0,58.328731,10.0,31.705079,1.425246,98.922023,0.194381,0.824806,1
22.079381,62.728154,221.476725,25.135811,1255.154576,39.257356,0.316997,0.704846,0.5113,66.080401,73.070714,19.163991,100.0,25.711306,49.758404,22.957806,6.449094,82.691056,0.156892,0.461231,0
300.0,330.703185,614.606571,7.67671,1131.17623,157.039641,0.679655,0.690975,0.813839,77.001582,544.819541,31.507676,100.0,31.46911,21.040694,50.043504,6.497142,146.692649,0.363701,0.6699,1
33.568582,117.644861,175.485255,6.629754,486.599481,220.191978,0.344022,0.159863,0.229252,185.278894,231.282435,22.452775,100.0,49.369231,47.936337,5.0,5.100697,57.996954,0.281913,0.16979,0
10.369849,146.363565,273.820704,59.431217,737.086391,29.472938,0.237374,0.416264,0.486068,320.780969,748.60721,31.383897,100.0,58.069365,30.926058,11.574472,4.744951,66.325434,0.115351,0.040196,0
114.156667,172.10222,288.481574,32.140933,786.538783,40.126324,0.41538,0.697609,0.712593,444.161958,17.086082,28.088352,100.0,18.701568,45.315615,37.40562,5.826908,91.600154,0.131523,0.156324,0
7.239845,94.288576,341.719169,24.553546,1274.479749,357.653252,0.372404,0.577914,0.464283,14.598249,28.555589,31.908998,100.0,45.322006,19.143927,39.020809,7.866755,70.714272,0.192892,0.056952,0
59.696801,124.35644,451.968995,20.118239,315.839043,119.604294,0.548435,0.550284,0.639631,6.598603,762.682337,21.142541,100.0,10.0,32.396066,58.87403,4.691748,127.258428,0.337587,0.332774,0
127.008846,305.923667,497.137792,58.900695,1909.055278,125.903695,0.670414,0.289638,0.36192,17.126384,836.907318,25.600025,100.0,10.0,50.166812,43.004511,5.805159,146.299255,0.335126,0.856027,1
68.139939,290.164874,445.057845,18.873793,520.408306,90.550494,0.267461,0.784656,0.835432,18.798914,69.656509,24.718914,100.0,12.327726,43.810282,36.933043,0.0,94.161694,0.1,0.533201,1
52.454484,450.449985,734.598442,44.913962,895.625302,232.567117,0.845854,0.630965,0.638147,188.760553,1131.124162,39.238383,100.0,27.920776,10.0,60.0,0.0,174.684555,0.347026,0.148949,0
33.040156,236.108621,371.701046,20.606695,320.00528,170.307319,0.404108,0.811894,0.798966,83.082176,122.424815,29.392055,100.0,10.032164,35.760604,58.473353,4.252962,107.058587,0.235757,0.648115,0
174.378003,318.61001,770.54324,8.876923,250.920494,284.555145,0.669416,0.234463,0.26568,764.699473,42.336823,23.136652,100.0,46.4106,27.966338,28.805411,6.252503,166.599324,0.371875,3.409049,0
52.06545,230.862849,331.331437,42.580214,462.785795,184.498139,0.33788,0.204402,0.30751,26.395941,51.471962,36.199683,100.0,32.460722,22.118164,42.459546,12.307827,123.629924,0.185203,0.59435,0
112.457995,177.688721,207.755168,5.089697,414.738391,5.549753,0.173449,0.620436,0.628217,31.968307,196.083845,36.697278,100.0,38.811776,26.644999,32.574062,6.320326,42.970793,0.174797,1.429202,0
134.939347,217.747997,274.520411,42.166168,692.871488,173.767461,0.384092,0.606809,0.492125,119.133887,0.401803,20.142269,100.0,28.188372,50.384305,26.644556,9.995377,103.833163,0.252828,2.464658,1
57.564296,176.218402,307.009665,18.770713,410.517486,19.867425,0.257477,0.488087,0.41485,141.550016,243.784975,25.676632,100.0,25.482047,63.05771,18.694204,2.158809,54.949394,0.177427,2.750421,0
26.017321,53.155965,640.246025,46.035733,1247.776211,297.643097,0.764642,0.756677,0.79323,211.333172,441.714759,21.71248,100.0,31.077097,47.881489,22.517009,2.64893,121.516091,0.337661,1.989813,0
137.282962,198.585005,283.788412,47.336259,508.508052,40.916911,0.410412,0.347849,0.342132,88.712539,673.317482,14.558569,100.0,53.428096,27.884865,29.298983,11.278804,105.598638,0.259663,3.015375,0
59.799808,421.649642,870.17135,44.825898,453.092253,78.103445,0.862361,0.506298,0.466354,827.737301,79.781063,25.099836,100.0,34.195364,38.796202,26.405354,4.908246,197.612846,0.362247,0.133558,0
65.24833,148.56135,338.366773,6.346589,703.515568,165.587487,0.183997,0.713463,0.642665,280.984946,248.164943,5.678144,100.0,33.78019,38.721939,31.270541,0.095118,73.85706,0.115968,1.34718,0
49.306367,72.402832,157.298179,43.705514,1396.419439,70.26626,0.101448,0.662905,0.540142,27.607521,148.228619,24.483785,96.468593,20.423396,52.670551,24.247458,11.248014,40.383814,0.1,0.383067,0
133.718384,204.280445,343.540104,59.458009,1007.438087,194.119186,0.383994,0.790131,0.768642,237.662125,301.804017,23.688473,100.0,20.962735,38.429337,42.086675,7.939089,115.843999,0.1,1.597132,1
22.949711,136.036624,439.173844,18.344395,850.155235,165.851433,0.47073,0.676416,0.770221,86.916233,791.838788,23.619436,100.0,24.545359,47.851728,23.946703,0.0,115.563058,0.177305,1.606595,0
65.927831,204.780403,355.745175,20.083121,183.477615,342.90814,0.496364,0.424806,0.547247,78.609816,131.882145,22.722023,100.0,38.768596,39.054372,24.109088,12.597022,113.794703,0.252177,0.344682,0
26.634015,124.108749,210.743832,49.74396,328.64577,31.814483,0.1,0.751656,0.703427,23.19476,374.180829,21.410922,100.0,35.582304,46.575646,16.036913,3.149134,58.138076,0.179608,0.011211,1
49.149076,178.527004,310.728448,13.821824,260.79503,207.623537,0.288202,0.424086,0.539883,27.007113,849.692779,13.747327,100.0,10.262045,52.403103,34.520302,2.013101,75.737116,0.201718,0.846779,1
146.988049,207.598922,554.394411,41.332102,1553.425612,259.343859,0.654944,0.854002,0.788742,340.157435,1124.318565,15.59528,100.0,36.925323,20.658219,46.927473,13.457696,155.311662,0.373688,2.268255,1
145.680874,371.789254,1000.0,46.526451,1165.281562,45.945723,0.916278,0.476782,0.524488,264.368562,622.960756,23.65708,100.0,39.913431,35.471878,26.365775,16.441173,198.513918,0.390963,0.392908,0
55.744586,250.845394,544.040329,7.043836,469.189746,229.126366,0.515702,0.307735,0.404951,54.950702,200.058756,23.700626,100.0,38.484769,34.024564,25.148973,3.891894,118.707893,0.276977,0.109252,0
84.874196,104.543782,572.744231,35.456915,617.814178,311.12606,0.425609,0.834052,0.792991,55.059784,767.475472,29.16037,100.0,38.271858,50.340339,9.425197,12.839072,83.526593,0.204221,1.649404,1
83.618355,128.945979,417.248013,36.673249,487.354912,283.520032,0.560513,0.55248,0.634318,198.093093,287.157145,21.149757,100.0,38.5506,37.707537,19.195915,5.699977,113.712852,0.169664,0.084852,0
26.743119,201.167913,487.909662,21.689359,457.069392,336.661449,0.466226,0.561099,0.523329,280.0731,158.559536,17.554911,100.0,36.037696,26.167345,35.905281,0.162601,114.794238,0.181544,0.153333,0
101.793355,225.557293,472.509489,53.198957,1130.150516,259.410851,0.611003,0.724745,0.710134,68.545019,117.398537,22.132835,100.0,17.315408,31.151453,49.504238,3.61123,134.213332,0.263955,0.015919,0
29.559469,148.867305,368.920556,13.951235,756.23189,141.835259,0.560158,0.451664,0.603779,441.745171,29.654744,10.798413,100.0,42.645288,40.285933,18.268103,8.902116,129.626687,0.289881,0.01149,0
46.687779,155.270367,258.218971,25.030709,1940.583872,331.362498,0.451199,0.655726,0.542435,242.099054,314.434468,25.059944,100.0,50.942275,47.635683,5.0,6.752099,98.410131,0.164788,2.966976,0
10.913005,214.51345,392.335958,51.676778,1525.179912,81.128436,0.430244,0.78714,0.683645,139.051642,143.546993,27.434559,100.0,45.927108,26.826953,24.397071,6.684194,114.098745,0.248477,1.21959,0
115.004649,236.04662,528.703012,15.485352,1554.74017,210.13282,0.50098,0.591263,0.515137,44.4661,167.395071,31.923319,100.0,35.016244,29.040011,32.963198,2.583101,83.211104,0.275407,0.505961,0
134.192877,274.223945,495.079992,50.175577,1235.678487,275.63686,0.465589,0.650111,0.572281,39.444821,111.923688,25.655976,100.0,31.187851,28.410124,45.823274,6.894989,113.168151,0.168683,1.24212,1
87.296657,198.083579,247.990835,9.348805,688.670465,314.02122,0.507626,0.699843,0.758139,201.112887,295.544928,17.228457,100.0,25.097661,29.076732,48.457355,6.126735,110.85556,0.291632,0.25084,0
68.451998,117.417103,462.178577,31.907599,1198.895442,329.955167,0.471662,0.446863,0.354131,90.319238,566.411135,19.845681,100.0,11.38473,31.268141,60.0,1.493865,72.523193,0.235276,2.302081,0
44.56797,226.79174,482.664901,9.143186,725.583653,30.591234,0.615581,0.622199,0.561559,40.68136,1010.996379,22.892713,100.0,42.635778,44.139032,13.124774,0.0,149.675759,0.223857,2.45927,0
117.175652,195.461676,528.133262,42.284697,1715.138025,261.381301,0.597153,0.464597,0.631966,232.124574,225.901335,19.775008,100.0,15.692093,52.912698,27.874427,5.63444,128.618899,0.287771,1.38342,1
204.004617,281.690844,365.478228,48.483082,1102.139692,73.477546,0.369503,0.71873,0.795966,1500.0,58.34026,16.953877,100.0,28.053411,28.709742,44.389804,10.36654,110.785026,0.149967,1.543024,1
33.564592,123.250082,173.981625,51.74222,1031.180179,280.482999,0.22258,0.247438,0.308076,88.937478,106.995812,20.351565,97.316523,27.816094,10.324794,60.0,4.971618,59.654205,0.214835,0.327617,0
56.873565,93.655432,244.68945,58.969424,963.536331,252.248303,0.426326,0.923916,0.805694,34.565994,234.324265,29.804273,100.0,45.819554,42.596754,19.753152,13.511661,105.412609,0.137551,2.361061,1
25.185436,352.781963,580.535728,41.960865,1770.133214,65.286849,0.596582,0.43305,0.510316,35.666874,317.150822,26.231075,100.0,39.308188,12.648721,45.758452,11.669145,146.144907,0.336049,0.644468,0
68.759326,242.557913,667.093735,47.298405,183.124833,299.818862,0.621648,0.706169,0.7531,54.331043,749.182976,29.111354,100.0,25.24007,59.317593,19.682658,7.745861,146.867718,0.378666,0.369393,0
48.700122,94.909797,303.738784,32.816705,1819.143914,166.243969,0.277491,0.79728,0.9,48.629701,61.763718,19.263145,100.0,30.75285,36.599522,31.833532,1.189457,73.36303,0.247347,0.167735,0
60.346783,324.374374,862.397191,55.20053,806.923096,195.788215,0.865044,0.068343,0.106544,334.067005,153.746516,32.223724,100.0,29.711925,41.125084,29.153249,8.56479,189.397085,0.443098,0.275832,1
118.299718,186.668219,313.907173,40.406711,196.925512,349.705351,0.315175,0.527438,0.444686,111.624428,42.916507,26.072999,100.0,38.862526,54.415832,11.046668,5.59887,87.49643,0.167671,1.59073,1
143.285754,220.64062,467.151861,53.595327,523.895134,236.385212,0.556468,0.669189,0.783059,123.440654,661.741384,26.412232,100.0,20.883264,33.689421,42.129812,0.0,131.353084,0.272588,0.073092,1
21.45257,89.180321,129.73559,17.949861,100.0,211.882732,0.46469,0.237591,0.199844,142.817145,445.157237,23.65459,80.180102,35.238492,44.009715,24.513389,10.447713,99.767598,0.25025,1.540749,0
82.947663,316.551442,622.733915,32.320578,1226.828373,6.034598,0.681133,0.769293,0.839449,108.219768,93.208473,9.141585,100.0,29.767133,44.164961,24.692327,1.218004,130.458944,0.255229,0.272924,1
174.799301,383.807849,792.529746,45.140041,380.853525,71.717341,0.954061,0.368487,0.217802,136.46726,14.094203,32.26242,100.0,58.953877,65.057964,5.0,17.095148,179.677256,0.452235,1.764738,0
97.183128,188.839325,407.566812,16.149697,984.333833,9.563552,0.374949,0.468379,0.459186,222.26537,112.39857,25.821008,100.0,23.315495,70.770921,8.815693,5.000996,87.519858,0.243245,1.482928,0
27.30507,124.474954,194.612222,16.623689,1467.108515,119.992473,0.333818,0.806563,0.813289,109.434457,77.981405,17.87617,100.0,45.465961,37.096582,19.83349,8.567009,99.019619,0.21374,1.241425,1
138.76046,307.857948,484.701476,58.792351,563.991536,124.023007,0.63756,0.720793,0.767266,21.797911,321.871952,36.41743,100.0,27.346136,61.902728,7.05086,15.263706,146.321328,0.223272,0.595694,1
102.287268,268.217352,392.880525,28.90357,765.948153,190.918825,0.571931,0.491411,0.474215,201.550776,219.423858,24.101356,100.0,31.006689,10.0,57.581512,9.788263,112.557792,0.318076,1.366587,1
94.964345,196.324123,331.660839,14.99985,248.316695,248.316641,0.509839,0.134963,0.252636,233.572207,313.941704,21.756127,100.0,46.923197,33.861351,19.718661,6.23195,111.72014,0.278726,1.783542,0
55.517089,159.022561,334.778191,23.230514,705.821446,64.564262,0.38622,0.589041,0.581252,553.109863,14.164529,18.132155,100.0,38.049577,48.112172,10.867067,5.225439,87.301337,0.17339,0.738199,0
90.6659,266.428149,334.062882,26.855688,2187.011813,216.595591,0.472945,0.318264,0.365207,142.804424,400.446609,20.207931,100.0,30.799201,15.269214,55.108451,6.553258,114.242545,0.247342,1.158574,0
300.0,324.957052,531.209734,39.269689,1288.966582,330.111459,0.44977,0.849591,0.9,56.195644,78.458709,14.340781,100.0,28.134205,72.409811,5.0,6.542053,130.852994,0.315495,0.048103,1
8.77624,142.55968,273.887203,55.765806,767.634791,66.602828,0.493516,0.910379,0.745601,443.923145,363.641434,21.310195,100.0,47.325348,61.644209,5.0,2.951694,116.037135,0.28429,3.263101,0
46.25885,174.334635,408.631833,59.262454,594.155982,237.271691,0.352122,0.740046,0.627731,393.566154,345.962821,23.227138,100.0,28.095529,32.168719,42.493329,0.0,105.751665,0.268383,1.069951,0
50.24459,284.943094,519.44845,40.843432,878.683302,16.412091,0.666945,0.59479,0.47797,165.361656,250.740565,27.314792,100.0,28.075279,72.425387,5.0,4.018826,144.736926,0.398895,1.464028,0
2.996522,144.965278,228.40563,43.49573,965.025376,191.213148,0.3985,0.675691,0.607669,122.63896,52.957957,13.070966,100.0,24.543471,50.589481,25.674382,0.0,100.038884,0.204006,1.16974,0
258.295767,410.679532,555.888007,22.700604,690.465146,266.954133,0.676225,0.517009,0.484366,326.205255,166.004311,19.161755,100.0,51.911513,41.826,8.309872,12.021181,177.278267,0.300215,0.230963,1
25.170199,87.347521,228.597679,52.143723,1165.029598,12.255041,0.500866,0.617675,0.500254,15.529537,300.808464,16.580328,100.0,18.1912,45.125512,40.257137,0.0,102.796373,0.256661,0.792275,0
23.637606,89.224318,260.467222,16.978908,423.276255,120.119541,0.426637,0.611411,0.585162,45.933185,31.874497,29.418183,100.0,35.171507,25.814881,36.063025,2.213225,63.211461,0.122465,1.282727,0
14.268839,145.971767,524.042556,10.850936,420.806163,316.064515,0.412777,0.610084,0.560621,348.842919,961.873794,28.034321,100.0,35.697709,40.665913,26.4353,3.532622,91.6002,0.272129,1.297065,1
45.811333,61.221944,172.072249,58.529079,1085.097729,81.172726,0.305247,0.745518,0.634572,37.024094,583.195418,12.53039,94.356313,18.831817,24.985781,58.872065,7.818412,98.055254,0.206612,0.284142,0
94.657044,176.175211,320.537208,52.527627,315.679123,260.23484,0.183521,0.596026,0.530736,266.895264,67.13227,22.334892,100.0,29.031363,38.022374,33.443411,1.248986,69.682979,0.105691,0.69367,0
64.605282,103.729685,340.006229,21.700482,1264.508626,220.405779,0.379892,0.560445,0.524971,154.081173,216.480063,32.389983,100.0,27.915026,39.67427,29.301999,10.129826,88.187576,0.200491,1.159184,0
28.923465,97.090061,281.220353,42.134389,892.859694,58.92756,0.296796,0.738208,0.674557,1187.465586,103.226867,28.415988,100.0,25.364789,41.457252,34.764228,5.145277,65.157123,0.115212,1.081322,1
90.797923,110.131322,411.271222,30.68601,100.0,267.014705,0.513365,0.258221,0.249341,407.213725,65.526434,21.910983,100.0,33.173569,37.795696,30.351656,4.055324,100.56132,0.313536,1.147531,0
65.248305,108.268253,339.665264,22.772051,954.749563,191.549157,0.306415,0.648856,0.608226,112.617558,111.941571,26.558227,100.0,35.451521,75.636903,5.0,0.294427,78.789668,0.187629,0.684045,0
160.587462,379.046026,522.556526,20.772582,100.0,40.329288,0.464874,0.190496,0.142168,5.336157,109.88855,28.776878,100.0,28.843626,12.199563,60.0,6.42334,139.830022,0.270673,0.734591,0
37.418785,77.841277,272.661496,12.481509,1246.681005,341.773705,0.381882,0.551919,0.650677,10.947105,582.792772,34.574833,100.0,54.089862,10.0,33.917511,0.0,63.251558,0.215967,1.171908,0
34.322788,87.39855,436.765103,35.212495,775.642835,177.10633,0.588727,0.348525,0.407432,44.569133,853.167038,21.391214,100.0,24.772312,23.967177,53.194313,5.216807,101.394589,0.370335,0.283404,0
122.497335,194.951296,268.121931,29.562818,1825.542108,268.229101,0.328166,0.805765,0.747532,217.305032,181.628006,32.164599,100.0,34.864343,37.717566,27.606269,0.0,93.291472,0.142407,1.579839,0
24.247006,177.416912,256.580914,33.170253,1435.656422,78.372096,0.550399,0.744172,0.733626,6.703173,304.293851,20.697533,100.0,33.346385,31.645646,37.40596,2.210778,121.497485,0.224245,0.394103,0
13.756963,103.574178,191.117319,16.844644,369.653747,49.385955,0.228123,0.693703,0.695117,155.11838,145.628176,20.404386,100.0,38.711895,15.368264,41.991322,1.52471,36.534902,0.1,2.497413,0
63.582295,89.560631,237.047047,56.623587,100.0,266.870439,0.369464,0.876499,0.853017,831.156772,52.161156,22.897371,100.0,34.343567,68.529335,5.0,3.980059,78.407548,0.251463,0.088426,1
96.96869,113.94477,273.421311,40.122516,522.449372,242.576704,0.366533,0.37103,0.529648,174.714662,362.175068,24.957345,100.0,22.805699,46.629914,26.690808,4.352381,105.905809,0.108465,0.03232,0
12.585089,93.806648,475.632252,54.478036,289.370699,98.678768,0.470012,0.284113,0.297667,514.503038,361.572594,28.525262,100.0,39.179544,32.677931,28.362298,3.274523,99.23365,0.153782,0.343773,0
132.394638,220.913505,345.012667,11.009914,1812.869043,268.662037,0.5244,0.623118,0.635984,16.200248,342.318823,23.421286,100.0,32.240225,23.230373,50.565318,5.566054,107.519545,0.23093,1.920203,0
11.102619,194.253547,249.08499,39.256803,894.84267,181.797214,0.22269,0.615781,0.601381,450.579822,270.388758,20.944199,100.0,42.808723,33.688107,24.607955,8.526304,70.429656,0.20535,1.497369,0
39.274172,83.49137,432.256902,51.7204,1366.709402,125.495012,0.259835,0.785831,0.717435,137.052468,27.166568,18.855441,100.0,40.64955,29.871848,33.927362,11.694627,86.481368,0.210669,0.323844,0
65.001518,317.462537,437.773937,23.200643,757.484544,283.281054,0.459495,0.514194,0.543412,302.854619,70.420419,27.558139,100.0,38.647686,44.146178,19.582913,8.751982,128.553559,0.18471,0.536967,0
171.651324,197.92742,470.541232,15.732874,810.166256,222.041789,0.474273,0.606078,0.498534,37.914197,369.295743,24.233313,100.0,42.290709,17.194777,34.420412,12.425088,99.771282,0.15004,0.071824,0
179.076671,205.623056,520.052246,19.576172,883.686489,182.616612,0.648328,0.766855,0.844731,165.55367,24.751906,25.771697,100.0,25.811701,25.460656,49.049477,11.651946,145.194978,0.392548,0.722624,0
75.250136,154.661835,358.733006,20.011355,1453.269659,278.318555,0.279948,0.574284,0.518783,151.986886,336.265523,26.368211,100.0,33.050545,51.641653,13.416399,4.527211,72.300284,0.151377,0.10286,0
45.352185,224.599576,395.677262,29.595943,1055.812378,196.13821,0.488696,0.58084,0.622365,84.383921,239.354854,32.367391,100.0,44.258926,28.316029,24.731807,3.453325,97.479254,0.293592,0.058507,1
47.827457,166.786573,267.837052,22.927998,371.333078,337.872396,0.367927,0.771979,0.678553,281.771527,127.076371,30.715029,100.0,34.620816,48.090411,17.448941,11.482894,106.217915,0.251733,4.3568,0
241.055009,283.854263,382.679763,19.920074,1711.257069,294.500049,0.457558,0.400214,0.382545,94.907555,223.6411,28.490155,100.0,23.566191,36.850447,40.738096,9.04942,124.479544,0.186891,2.296549,1
151.449617,488.714302,810.71424,40.668176,753.592251,128.947526,0.893515,0.008065,0.104553,62.605073,461.583505,23.089553,100.0,20.613183,33.738556,40.426723,3.677919,189.240129,0.37084,0.924767,0
87.820397,203.067995,428.073394,7.91678,672.239938,167.37093,0.461517,0.721245,0.712984,500.690093,444.706954,16.323776,100.0,40.529085,26.68877,30.239813,6.399028,123.20491,0.282798,0.187034,0
77.133952,200.146465,523.382374,23.720008,100.0,344.639905,0.550093,0.575399,0.543353,65.096611,33.038804,21.117224,100.0,25.944139,39.088417,33.205778,11.759331,89.112228,0.262445,0.879554,0
71.628105,239.516401,365.842029,42.936358,1217.199796,322.273582,0.455994,0.773393,0.755358,298.145811,196.426241,23.451451,100.0,31.449987,34.673881,33.463753,9.75962,111.945282,0.167064,0.329474,0
8.226573,134.187937,496.735738,14.671736,950.50632,68.826794,0.512029,0.28223,0.25592,484.572773,497.963402,19.899137,100.0,47.519825,10.0,44.699185,1.971914,142.975937,0.254174,0.163945,0
1.369883,71.191778,516.155886,17.151032,949.962828,98.74938,0.403405,0.641813,0.659805,512.275038,0.021164,27.389087,100.0,22.769529,55.869364,19.226482,7.445442,117.727567,0.197636,2.260639,0
54.004602,329.949168,398.328681,16.036664,698.587664,131.191387,0.397531,0.591034,0.635765,179.067787,151.868144,24.402526,100.0,45.039042,43.209189,13.190601,0.0,108.013631,0.267321,0.100916,0
21.32856,258.15098,329.975693,5.050936,612.39108,316.745653,0.354583,0.255648,0.38716,126.231085,153.800974,18.609813,100.0,20.999608,15.052855,60.0,4.095534,138.649868,0.240956,1.45616,0
77.876098,384.219879,667.850589,31.057226,715.209787,333.870232,0.611433,0.795122,0.748484,15.699865,160.167359,32.159548,100.0,45.193097,34.995867,19.9052,4.512118,158.945853,0.242723,1.350851,0
73.340059,149.16353,345.954437,7.142733,1131.580436,288.842487,0.362412,0.290177,0.249562,34.804344,45.25772,26.650054,100.0,33.88934,32.502851,34.682239,1.146546,86.273496,0.213703,1.780784,0
13.383457,282.440566,435.942125,20.01169,1219.558887,99.255041,0.488511,0.958007,0.805204,160.097752,1.127455,24.605964,100.0,13.216609,22.683116,60.0,0.12308,124.780939,0.161184,0.181082,1
79.115314,120.05661,430.797458,59.714188,784.484206,319.34333,0.438784,0.3772,0.380516,475.145935,607.107697,30.528373,100.0,18.613245,48.337473,30.81823,8.467657,91.185452,0.18588,0.394261,0
82.691382,185.451907,299.508304,55.511792,1374.468747,11.837205,0.43998,0.314088,0.291887,221.622428,0.918008,19.276621,100.0,22.55072,60.568429,15.289673,7.445305,116.611531,0.314585,0.190377,0
80.90163,245.338477,364.713097,16.829169,860.512909,152.209253,0.496964,0.753981,0.741902,76.03958,289.770702,20.264568,100.0,33.473238,30.713745,38.100693,8.776716,114.458135,0.258326,1.221002,0
37.801901,70.819495,146.669557,22.050134,647.886791,135.946308,0.1,0.509146,0.439835,5.0,280.003791,21.846378,100.0,44.385307,31.228979,21.079234,0.0,46.468699,0.184691,0.141662,0
93.511833,386.085419,722.082926,30.503752,999.207787,192.686258,0.570455,0.544446,0.585596,223.832743,580.907373,27.14602,100.0,36.283156,22.867519,38.83682,17.250748,140.586096,0.295688,0.535288,1
98.207227,168.308433,232.428454,51.442745,220.306791,201.830601,0.1,0.37957,0.36752,635.642599,498.756061,25.980415,100.0,22.532232,10.0,60.0,8.59186,27.070965,0.146666,1.306309,1
92.880952,336.461422,648.543242,49.145527,1016.359155,81.145615,0.62388,0.569439,0.567261,64.257054,88.931223,40.0,100.0,47.904402,44.73811,8.763348,8.782742,138.191426,0.302698,2.357855,1
51.817678,87.979654,342.862542,11.943279,128.908947,73.640053,0.357833,0.342156,0.282671,5.0,0.234034,18.183994,100.0,31.324576,68.403682,5.0,6.881279,81.146915,0.104721,1.393243,0
188.206329,289.260885,607.54181,11.844687,386.13652,289.283973,0.631508,0.564719,0.386978,209.756761,694.714601,24.521276,100.0,21.939755,35.475604,41.508924,0.938024,142.592435,0.322457,1.158044,0
161.344085,221.151728,301.618602,27.920274,100.0,27.430847,0.440628,0.528063,0.501585,269.113047,212.497575,22.406424,100.0,30.727552,35.099296,33.192946,15.752081,121.055721,0.297682,0.233766,0
68.583786,128.748946,295.984223,52.855246,812.441524,177.582976,0.347312,0.49702,0.612598,75.725596,189.418925,26.655188,100.0,32.110932,36.909677,31.60957,4.291983,93.972495,0.242158,0.297499,0
34.748906,74.804042,176.110257,53.514675,1704.816851,68.992706,0.189405,0.668592,0.762362,134.186893,740.209446,29.206049,92.901959,22.611062,29.832397,51.45597,10.022217,50.761329,0.1,0.850495,0
31.049034,68.561374,488.833483,10.905122,841.461669,115.044201,0.515077,0.515794,0.431382,123.348638,26.421506,25.398314,100.0,42.467926,19.652333,42.080807,5.089738,98.020284,0.303087,0.377143,1
99.795131,144.123723,332.034628,36.586351,1221.79269,99.825991,0.33284,0.298827,0.431938,56.647444,1197.811647,26.212302,100.0,28.019282,78.93606,5.0,5.220079,87.544712,0.189722,0.208977,1
18.10365,61.21129,184.171564,13.562136,2076.156949,255.068001,0.108811,0.464062,0.438743,367.502702,640.794733,21.843998,100.0,22.878329,45.454936,32.002487,5.990751,38.521593,0.1,0.194061,0
105.2453,315.529694,412.640545,42.737112,1102.027924,164.167417,0.546525,0.803441,0.861893,83.142314,1111.26606,33.805365,100.0,38.715485,47.450516,16.246081,6.541785,127.052681,0.254158,1.347413,0
15.381564,245.97664,448.356995,55.403829,517.393978,107.79906,0.52356,0.508562,0.292723,180.603151,739.330392,21.1708,100.0,36.357424,74.130746,5.0,7.3701,111.388103,0.265249,0.118835,1
59.726322,91.284577,215.054312,30.012311,586.215699,299.286719,0.427689,0.598866,0.695846,45.668541,575.081551,5.208281,100.0,40.660878,41.214582,14.768063,7.856045,88.182736,0.189274,0.317714,0
99.24789,183.964267,317.862963,9.569553,900.329104,30.886251,0.24648,0.653205,0.70616,36.908149,319.91785,20.410941,100.0,40.409121,24.454255,35.701453,4.796856,83.563981,0.166225,0.515469,1
32.363855,239.717021,401.129486,36.858981,583.552677,275.889832,0.279483,0.784504,0.721997,490.242361,40.461833,38.296273,100.0,24.733956,20.581372,57.558512,6.134842,71.123547,0.210176,0.029522,0
130.573316,282.255821,854.395366,27.468417,620.9565,89.392593,0.73264,0.745069,0.763613,335.012403,162.827235,16.903264,100.0,30.730493,68.72699,5.0,4.418431,165.970047,0.355253,1.081757,0
46.72498,126.773842,308.943958,49.599431,1392.626955,330.48692,0.402488,0.340215,0.397751,265.142504,83.935593,26.889303,100.0,10.0,50.750937,37.688168,2.569137,134.054652,0.24878,0.117827,0
64.449286,126.122711,246.275156,23.718946,1413.07814,2.001271,0.395229,0.453926,0.531166,105.606073,156.269842,19.210113,100.0,33.492612,36.39528,28.761808,8.43808,84.57455,0.29223,0.460589,0
6.268892,38.372122,220.215598,53.119346,100.0,200.398801,0.315811,0.471462,0.524014,158.0701,105.89488,26.793311,100.0,34.642042,29.235058,37.229267,2.210402,67.883667,0.191548,0.607791,1
14.883874,297.398665,403.053555,20.053522,490.915241,224.015394,0.456957,0.263731,0.33623,579.799467,615.934398,30.636711,100.0,29.775603,33.395852,35.989565,9.360511,111.960336,0.269512,0.553295,0
113.360836,237.80846,655.28291,13.66347,667.997807,207.82812,0.742444,0.599804,0.600819,873.582301,133.138354,21.25196,100.0,21.453151,44.326044,35.633695,1.679573,160.291402,0.315852,0.732973,0
44.809519,154.498971,432.345135,21.856421,1199.544473,293.405505,0.42155,0.891473,0.737464,30.035054,138.041349,31.678916,100.0,43.622302,67.298673,5.0,4.27045,94.268326,0.246198,0.086916,0
140.176938,190.068709,257.069532,6.920369,1471.537794,40.379043,0.424154,0.872807,0.707807,156.443002,117.262265,30.498545,100.0,18.688058,36.935349,47.999094,8.057647,99.272249,0.246903,1.56099,0
3.729912,98.874095,375.143588,20.468528,2250.983967,149.600162,0.617374,0.300686,0.137068,49.218719,313.291583,25.913499,100.0,48.528192,24.276033,28.648675,7.656541,99.667404,0.249762,1.036034,0
90.304935,299.779696,505.517993,41.30647,667.163352,310.945238,0.423415,0.469435,0.47985,163.674732,4.726264,23.566579,100.0,15.284103,17.47842,60.0,7.399077,109.912303,0.203707,0.563218,0
6.213706,35.185712,280.805218,12.825564,692.135643,319.944704,0.313279,0.491135,0.433867,279.179304,562.689066,22.663132,100.0,29.081295,48.083148,24.705416,10.90137,53.06047,0.138643,0.638921,0
28.861946,77.995797,419.536023,11.125074,1194.285008,179.403985,0.317622,0.534244,0.524086,395.931116,65.936415,19.116762,100.0,10.0,55.306234,30.169058,0.0,64.412949,0.198762,0.753697,0
58.839599,93.584439,179.543503,12.281191,558.891641,200.868082,0.156094,0.761823,0.827469,37.915172,114.059844,17.258148,100.0,23.676897,67.415882,7.205813,0.0,70.663424,0.131561,0.008693,0
43.552615,288.891876,455.200998,9.265342,829.519069,275.007039,0.526175,0.368089,0.512425,350.388256,413.929473,27.506347,100.0,34.652435,80.0,5.0,0.0,114.844279,0.317712,1.410792,0
80.930826,108.818425,346.307117,53.104948,692.480946,280.659742,0.225799,0.441296,0.582263,346.54518,103.472118,26.06625,100.0,35.458476,13.924133,49.107516,1.036487,59.313785,0.195618,1.882535,0
37.560245,157.768695,477.002355,56.926331,100.0,319.709268,0.427493,0.122242,0.109834,98.98652,316.217312,26.493755,100.0,29.346689,38.500347,34.252587,1.345316,108.731507,0.242688,1.132019,1
53.412436,88.511317,352.894699,7.560863,961.616615,303.788664,0.505323,0.583606,0.692694,291.811552,284.47948,30.056252,100.0,26.461956,31.749058,47.843665,1.099383,100.614571,0.294657,0.542438,0
23.927335,135.514418,298.209136,46.803948,808.81952,149.192393,0.375823,0.618397,0.682034,140.818599,217.770503,23.8601,100.0,57.962468,34.958209,5.0,3.245342,98.617154,0.239153,1.311167,0
103.273303,137.346072,471.49527,45.543346,1535.615525,233.911198,0.577571,0.554195,0.524675,38.252983,27.482713,32.020328,100.0,31.089884,24.712446,42.462255,5.537727,145.856466,0.330911,0.058648,0
70.761461,136.617921,289.928126,59.830018,902.745204,173.964693,0.217084,0.663036,0.849616,218.96108,197.520574,14.219868,100.0,60.0,43.468897,5.0,2.592933,73.077982,0.207874,0.577533,0
89.53079,360.290674,495.828291,24.132886,272.626261,42.466128,0.528226,0.105259,-0.012169,50.402571,63.556243,34.780584,100.0,48.865228,17.827999,32.847259,5.418661,116.558958,0.364134,0.335411,1
62.726307,199.556159,234.578467,20.702995,770.950564,295.805131,0.488064,0.451082,0.446853,325.099453,117.568816,23.812567,100.0,24.6378,45.787316,23.837133,7.631745,127.933497,0.295733,1.105039,0
117.452061,224.869459,300.189615,29.919517,100.0,216.634871,0.288971,0.467356,0.49747,67.559354,263.796461,19.772392,100.0,26.653444,56.680723,20.383352,4.566757,80.691068,0.128484,0.810974,0
38.213814,168.614417,323.158148,52.111635,294.541082,20.881873,0.325883,0.251344,0.302415,1093.232065,138.878559,23.326014,100.0,49.78972,29.808887,20.837483,4.947773,57.824299,0.263486,0.468326,0
67.81188,353.053338,432.084064,45.07265,1217.752984,243.67258,0.525441,0.63847,0.600638,109.455379,134.575942,33.490761,100.0,16.697199,56.175015,29.413684,10.220842,116.791745,0.236163,0.507572,0
300.0,412.539624,460.32027,30.93931,776.32978,101.916373,0.401289,0.46066,0.537839,414.795474,143.359527,20.034736,100.0,47.417334,40.167784,14.104545,14.422295,118.160519,0.317027,0.082286,0
19.891202,220.337713,309.806535,18.450956,1361.25412,24.935475,0.435061,0.8095,0.703843,268.71963,135.122993,24.592544,100.0,30.757006,53.141624,15.234037,1.34953,117.383769,0.219432,0.532896,0
145.836058,350.359942,794.077258,44.985866,100.0,218.372009,0.595301,0.605716,0.536309,305.258741,471.633726,17.790762,100.0,10.0,43.037191,43.110582,13.087774,138.705288,0.37268,0.385854,0
283.385474,470.500413,535.525394,51.998978,778.769301,263.595115,0.312632,0.302034,0.359992,5.0,353.339046,26.4107,100.0,19.538378,23.174898,57.553875,10.943115,117.924759,0.140316,0.061161,1
96.330938,508.290227,579.20973,26.997318,662.243751,186.222346,0.623772,0.449068,0.46476,42.360761,141.147089,31.516285,100.0,29.366393,37.620009,28.973123,8.249603,157.695205,0.378755,0.103394,0
1.965732,156.601031,465.547501,41.7722,1377.924291,2.033378,0.397733,0.718722,0.621683,147.856849,411.261963,25.722731,100.0,26.325501,30.945679,45.936141,0.0,123.137763,0.311541,0.235945,0
20.976672,213.008933,447.378574,27.011661,1236.381384,207.677785,0.423697,0.722774,0.690313,216.329815,105.699746,21.828325,100.0,24.087138,51.488008,27.96642,0.748395,94.247565,0.330354,0.365977,0
81.68908,148.503053,316.115733,31.317139,1221.126075,2.379267,0.456361,0.296996,0.315092,684.112484,287.788291,21.54535,100.0,15.703055,34.216348,51.320197,0.800678,123.962027,0.317676,0.126647,0
63.44828,165.037056,458.111904,33.870071,1670.705019,333.506988,0.551817,0.58269,0.642243,176.498874,159.839823,24.674833,100.0,31.611441,54.890857,12.966287,5.232951,118.909014,0.294395,4.064342,0
193.800718,291.79783,478.519085,47.66492,715.956445,96.229857,0.38401,0.357789,0.366778,226.284359,345.251415,27.286553,100.0,48.79241,46.271678,8.099777,7.617076,112.821297,0.224289,1.089195,1
198.299101,247.246113,250.765673,58.762829,1567.540418,313.562377,0.365124,0.576543,0.609626,51.825678,329.74101,29.216747,100.0,48.5314,41.22307,14.004252,7.409669,61.386216,0.227436,0.721444,1
59.475264,112.905162,226.440167,29.440139,377.896925,4.359344,0.262453,0.848353,0.823629,115.129854,116.901833,17.756191,100.0,45.280021,41.971429,14.560611,6.026296,94.598106,0.126098,2.004912,0
63.274202,160.139638,796.213598,23.827325,359.561125,34.997944,0.818491,0.624418,0.649527,235.244377,280.952072,21.092284,100.0,30.050786,53.757703,20.140658,8.467085,144.311307,0.364426,0.240461,0
40.505063,157.030331,343.871243,25.547505,1276.373286,162.50699,0.390274,0.397407,0.474802,351.595521,731.836499,32.688929,100.0,45.374023,48.670581,10.018689,3.631,104.515908,0.273373,0.885177,0
92.820611,371.379668,728.835025,12.363899,147.629631,273.098656,0.569163,0.432031,0.344231,68.221215,189.570091,26.987814,100.0,14.648725,53.290887,36.670205,5.531877,132.801262,0.373173,0.204439,0
27.304645,76.164467,450.047213,21.331631,1186.382814,339.322212,0.411227,0.531017,0.487543,282.590536,119.889363,24.885372,100.0,38.761968,21.481175,43.697983,3.323608,68.939424,0.214952,0.250559,0
57.46694,104.058543,364.941665,9.754608,950.656597,187.594133,0.16899,0.690072,0.76988,23.632417,702.257323,28.700794,100.0,49.519636,29.300751,13.323445,0.0,69.275876,0.131312,0.041518,0
29.348052,59.112235,232.11324,28.534184,1435.926364,127.965857,0.315814,0.426668,0.473841,322.496359,563.609653,9.965596,100.0,40.166641,38.09129,23.201938,2.361553,65.133261,0.278782,1.440128,0
77.326085,247.720641,342.705154,14.20465,870.278018,16.039634,0.430989,0.654831,0.598042,737.89322,448.461218,28.039196,100.0,14.15978,33.76079,52.520958,9.952676,107.698268,0.229885,0.790207,0
139.172881,459.240379,524.760668,24.052371,928.024473,210.13541,0.475604,0.403835,0.470935,855.434501,38.263419,39.15022,100.0,22.155605,22.985907,57.31761,5.101973,132.712072,0.212966,0.69983,0
15.234071,107.973291,474.403614,48.646776,1154.632496,136.815755,0.491672,0.589063,0.602677,198.208979,106.188405,24.452555,100.0,24.836705,58.049012,12.604322,13.183731,77.214886,0.318329,1.055154,0
54.265406,174.734819,400.177792,18.526021,568.675225,327.288054,0.342745,0.859453,0.882718,101.541954,5.8901,25.677326,100.0,20.115009,19.745495,56.629807,2.158516,70.701189,0.20787,0.892239,0
171.794085,266.014971,493.197794,38.654204,546.896846,172.82132,0.644858,0.293453,0.35132,222.446746,22.163077,22.043597,100.0,28.375427,53.659051,23.473094,5.61717,112.414636,0.332045,1.073823,1
209.19175,368.470645,628.392025,54.564978,1137.21472,275.560914,0.505538,0.736439,0.821367,66.164214,151.545793,18.269153,100.0,30.89126,66.497693,5.0,18.887106,118.785005,0.253094,3.499174,1
40.824258,81.739135,219.334634,36.181105,885.356095,305.35579,0.255331,0.29175,0.296133,411.615667,96.478308,21.0191,100.0,29.461911,29.931769,41.583677,10.560336,89.889506,0.201458,0.596947,0
30.729762,167.868896,492.448345,15.658594,696.343041,35.37994,0.388754,0.637295,0.711729,31.412239,902.239415,29.380603,100.0,22.06282,10.0,60.0,1.028749,113.282328,0.164372,1.159199,0
0.885611,95.024283,290.342971,23.962141,858.60795,158.704671,0.370274,0.460783,0.508499,235.589287,592.93119,27.39833,100.0,44.17124,30.363136,22.42724,2.5526,113.649903,0.200629,1.168243,0
150.433625,324.957643,473.207697,37.470306,1697.279754,321.738275,0.606047,0.576464,0.508509,243.500104,66.69337,18.772576,100.0,29.982654,25.699173,42.180556,0.0,158.22273,0.300019,0.531179,1
143.435723,313.764291,543.168364,32.863613,678.490797,152.803907,0.354095,0.362736,0.420104,213.284866,234.389036,20.206772,100.0,16.313444,15.485691,60.0,10.073986,109.202591,0.18172,0.892252,1
70.478419,197.046157,528.646132,13.174091,663.990193,203.45554,0.614751,0.810716,0.774128,127.251819,2.109257,20.324641,100.0,27.076104,44.703121,30.301273,1.896791,154.275455,0.336209,0.43756,0
300.0,383.237399,527.293017,29.573799,100.0,314.317421,0.711354,0.806868,0.730287,5.0,105.274418,24.996451,100.0,25.829294,45.048827,30.087655,10.616017,157.826854,0.420783,1.080961,1
63.415165,113.801544,746.601098,34.868668,878.823531,83.733691,0.747507,0.710555,0.719124,117.682699,586.877153,22.809821,100.0,11.941278,45.414394,39.991674,0.722815,166.216208,0.379629,0.241538,0
153.858113,321.687231,385.169641,19.703299,1228.441756,322.049399,0.359919,0.641425,0.600638,148.026412,881.123677,23.583416,100.0,27.767573,23.144372,51.874594,11.447249,107.317748,0.20384,0.123568,0
42.987318,146.970095,396.167789,38.684503,1318.099058,142.930232,0.432935,0.706079,0.774635,274.231618,3.728099,17.555066,100.0,46.108891,55.300719,5.0,2.373755,99.990827,0.212126,0.025009,0
52.323342,154.685262,259.011111,8.858805,954.108801,213.491998,0.265598,0.66186,0.602565,203.466327,151.877149,33.740926,100.0,29.202809,27.488023,34.880031,4.924708,76.052403,0.1,0.276684,0
81.387149,155.006619,353.263137,23.513387,1377.916787,118.094214,0.596704,0.68702,0.635415,17.047687,668.980873,25.797773,100.0,29.943069,21.173068,51.191558,4.635344,145.662763,0.24966,2.589589,0
29.69981,280.117479,564.441175,49.235226,1265.615201,189.762859,0.663275,0.679954,0.563555,579.288004,25.253235,20.864191,100.0,38.034117,20.582314,46.5437,11.648745,178.375717,0.296202,1.118676,0
124.378369,382.181388,1000.0,19.260664,1456.475115,17.742889,0.99,0.39181,0.298055,657.258756,570.671225,19.226184,100.0,25.431677,26.114503,40.124694,9.23116,187.797547,0.466444,0.737787,1
72.5622,150.722612,194.499952,38.284727,1392.151328,23.493591,0.480829,0.789015,0.767859,372.689083,179.941702,21.692231,100.0,19.98245,39.772802,38.771497,6.377907,122.284047,0.214328,1.84943,0
156.510844,212.856242,295.693644,27.551634,1684.989098,149.300194,0.485794,0.932308,0.71148,271.738206,681.440749,31.026105,100.0,39.705697,21.163872,44.507116,6.469623,110.338945,0.280901,0.973679,0
27.271473,110.841329,366.9322,22.405308,815.153417,120.582692,0.399753,0.700847,0.630146,17.846023,593.152036,33.053408,100.0,31.766691,24.973917,38.452893,0.0,90.576444,0.284677,0.627217,0
30.037949,90.059224,426.485154,55.387243,236.470979,221.685052,0.465048,0.586157,0.484326,9.576911,516.668215,20.19669,100.0,13.135821,63.395012,26.300066,0.0,99.79015,0.215036,0.482964,1
52.039515,187.072804,319.826818,23.879394,1231.859372,13.64766,0.607831,0.223134,0.260021,233.255838,1293.667936,21.372967,100.0,36.492795,27.709702,34.788965,0.0,144.775647,0.309427,0.644674,0
94.802762,196.295869,274.784031,18.017175,1290.276595,60.360721,0.259638,0.53059,0.56009,246.613411,587.998573,13.968885,100.0,35.475744,52.088771,15.367949,6.310161,58.469981,0.235133,0.850288,1
85.525967,248.029838,509.866045,55.011572,1684.997697,75.453082,0.516224,0.552685,0.5469,179.067782,235.660939,14.335054,100.0,12.746194,39.328851,51.580208,10.684012,101.919302,0.263532,0.17846,0
194.848735,273.739987,390.244482,46.02694,1540.645178,158.577037,0.330417,0.26727,0.347458,7.174193,121.175408,24.802138,100.0,10.0,53.267835,37.857926,14.141581,98.089755,0.196716,0.088675,1
82.140943,514.029664,917.376537,42.498984,1872.736228,88.860514,0.697945,0.456692,0.453664,112.94158,1286.366657,22.113623,100.0,24.647147,41.376708,31.393211,6.362821,154.17747,0.305074,0.151257,1
13.696649,44.899806,287.69232,7.724422,1209.92699,49.558567,0.256563,0.67648,0.679622,165.894688,44.881211,21.843609,100.0,59.955707,38.18192,5.0,2.564601,65.773834,0.140954,0.384213,0
23.662608,122.571261,379.981537,12.216273,1014.405296,215.126523,0.336971,0.95205,0.864513,45.479705,328.253368,21.026997,100.0,58.1203,32.74688,7.641294,1.0219,97.855442,0.137187,0.182419,0
12.336222,390.548494,763.102028,40.108698,207.508439,267.793912,0.686126,0.651414,0.558037,52.90592,65.70369,25.925743,100.0,48.642916,25.299183,21.027686,3.059328,168.425998,0.290244,0.216495,0
12.073459,176.175832,723.142865,16.518806,1054.048267,246.696504,0.775898,0.742817,0.733132,199.338027,233.925746,24.778968,100.0,23.687279,42.079019,36.472639,5.598323,159.807843,0.344966,0.154888,0
46.79913,135.467207,226.349581,17.410089,623.748322,99.424834,0.291208,0.630583,0.660401,22.585572,693.391604,30.24603,99.946479,22.858536,29.25469,42.146345,0.987869,64.774194,0.2005,0.3891,1
148.394481,278.364134,430.358171,47.852618,1005.755007,307.600141,0.566905,0.835273,0.692033,144.437192,286.586183,39.608258,100.0,17.706911,10.0,60.0,9.381955,157.665543,0.338216,0.433187,1
72.227412,109.571208,512.695639,20.725872,927.256593,220.255985,0.550888,0.534563,0.656194,188.99539,83.10288,17.5774,100.0,18.396722,43.538213,35.662206,5.268413,132.995286,0.209816,1.797849,0
97.693198,201.137997,392.708313,8.937302,1135.866794,221.280012,0.451708,0.084509,0.208651,109.670898,405.06986,16.587402,100.0,38.81556,36.297884,24.122702,4.42237,127.84989,0.180768,0.520724,1
122.817548,159.498087,286.261054,7.003757,851.334645,76.625443,0.314187,0.539815,0.501359,393.831417,495.719993,33.694583,100.0,51.086195,44.053517,5.0,4.737241,91.905374,0.258501,0.166549,0
156.24948,177.590494,355.151885,29.374789,1367.510095,87.196639,0.596576,0.580425,0.585973,650.740631,447.762593,23.654922,100.0,29.224934,38.002583,37.85605,11.89876,112.542693,0.271257,0.051697,1
33.242328,273.050471,792.652121,38.942072,100.0,170.910078,0.731416,0.109511,0.13409,29.137752,640.824519,28.843359,100.0,25.97261,50.54721,25.070588,7.175763,137.700271,0.36752,0.291941,0
141.063701,203.653078,387.197587,52.788688,994.996788,85.615571,0.520786,0.051089,0.197427,5.0,351.773964,17.268944,100.0,21.830935,45.216659,36.120528,10.07991,136.513337,0.313367,1.743344,1
127.480044,161.89295,438.841962,11.094242,1501.24489,247.707985,0.354795,0.480699,0.550961,5.0,16.818037,17.641535,100.0,29.611991,35.956192,32.848944,8.244489,82.154411,0.230523,3.737887,0
45.072097,125.084383,274.318656,15.817005,1835.024254,111.079624,0.308825,0.803939,0.685701,139.906963,476.618808,29.204748,100.0,22.516958,44.388741,35.241612,1.974194,57.806014,0.189324,0.500947,0
31.20879,188.238061,242.918801,34.139034,1265.980669,54.689815,0.507238,0.405039,0.300444,304.984657,341.614604,16.495854,100.0,16.496433,59.145764,26.661225,8.999178,78.220564,0.296497,1.538034,0
56.833877,93.686846,423.680827,25.02596,1742.441511,54.580987,0.528633,0.831661,0.768412,12.257585,17.815922,32.61691,100.0,33.983956,24.382693,41.825815,8.997941,124.690828,0.27402,0.533066,0
190.847884,260.061235,409.154298,31.53956,984.467998,45.802,0.307809,0.447458,0.512749,117.553428,9.176285,29.065493,100.0,23.1463,10.0,60.0,6.579587,108.982148,0.167026,1.439247,1
154.304282,324.719039,678.664003,55.826856,901.431288,158.310028,0.573679,0.366042,0.392691,73.115465,181.573319,19.882525,100.0,26.218279,53.221025,21.473673,9.630518,171.895329,0.281909,0.28883,1
44.69854,151.798222,420.901079,34.969041,1164.707822,1.094413,0.617979,0.445915,0.478111,178.968977,401.281119,33.348372,100.0,32.158272,47.839288,20.773666,4.162064,131.161935,0.284709,0.514457,0
144.217352,388.319541,616.94357,27.831634,898.402859,195.254024,0.633237,0.730415,0.784563,217.97017,87.560397,27.266583,100.0,10.0,80.0,12.413101,9.781256,155.350276,0.314095,0.507332,0
110.122682,282.366221,704.205214,59.419195,508.821266,107.389052,0.67105,0.235232,0.278763,173.448018,75.046768,22.800406,100.0,15.145735,39.763454,42.506708,9.966129,118.567602,0.268658,0.480043,1
95.419645,240.711224,390.194479,8.586862,642.379878,198.892379,0.353762,0.599499,0.607571,240.725599,20.092352,24.571068,100.0,33.441593,33.87472,23.77656,0.425312,113.094193,0.259001,0.379301,1
179.924239,348.134748,673.396979,56.26624,343.923547,336.753149,0.640647,0.290068,0.408121,528.086501,23.313951,12.406372,100.0,19.198994,45.230268,33.469285,9.432876,148.047469,0.302287,1.020181,1
84.609707,114.870254,299.513911,32.591401,1164.188547,312.85714,0.495976,0.877489,0.783023,115.62857,6.959936,15.997108,100.0,32.530489,51.859275,13.623514,11.403515,105.278888,0.206912,0.331718,1
68.612991,166.555693,307.886782,32.706599,905.695906,207.514742,0.291701,0.67857,0.689412,65.117301,596.196422,28.653732,100.0,23.925079,47.82202,28.990173,4.3029,68.199794,0.151048,1.086578,0
6.695729,350.560135,603.166981,55.708038,719.856942,150.505313,0.552492,0.241686,0.28186,488.290882,361.915308,25.327749,100.0,35.071059,34.348853,30.845443,9.449491,136.683227,0.232365,0.178999,0
122.044395,196.443337,325.876623,32.902819,616.658122,251.410562,0.436949,0.568074,0.694179,1056.541172,629.506547,32.793994,100.0,14.390493,58.542005,25.289617,13.291104,110.103521,0.182894,2.876574,0
28.711381,127.955762,281.966556,29.11239,1152.528173,332.33016,0.235702,0.326725,0.264104,220.051814,58.679221,26.388256,100.0,22.871791,22.394083,49.053583,4.219042,62.899162,0.242625,0.214894,0
24.34917,87.874488,295.556876,19.986873,1290.22409,176.236944,0.257726,0.443082,0.526449,183.609714,68.155244,16.826129,100.0,49.643201,27.33037,21.148295,8.795212,46.197735,0.232801,0.202045,0
70.56026,133.66175,541.564456,41.234922,334.743002,35.750781,0.560959,0.320634,0.282078,169.895346,62.93406,17.810422,100.0,36.054443,63.34123,5.0,1.823172,129.892013,0.223901,0.093142,1
23.798285,208.584301,643.274835,36.33048,256.157665,275.791752,0.64992,0.414629,0.485099,379.899815,430.271382,19.099609,100.0,42.197987,49.186849,12.300351,5.476973,145.408977,0.261998,0.196206,0
90.210269,424.532093,505.420796,16.788999,1377.254978,3.772495,0.448685,0.321661,0.312535,449.978273,188.050731,20.504023,100.0,32.095374,31.292703,34.463126,6.65994,125.522173,0.19114,4.000001,0
78.414459,343.643068,480.380655,44.01771,212.433381,275.269853,0.555641,0.610604,0.713195,96.829798,39.976778,24.935207,100.0,18.01407,40.227543,41.458686,4.484392,158.94054,0.29925,0.318983,0
72.986036,92.026994,382.849936,40.424777,1173.743417,30.569977,0.447304,0.481269,0.494891,138.551329,158.2161,31.138007,100.0,23.861594,71.137557,5.0,4.493021,92.653902,0.246673,1.446373,0
56.85276,151.340481,274.821262,26.853364,1708.454599,38.381967,0.136247,0.671118,0.677333,40.18578,121.673702,27.769257,100.0,24.793863,34.579774,37.359181,6.971026,58.571152,0.147425,1.160337,1
119.158972,194.765046,329.343199,5.242051,1709.617402,281.414473,0.457992,0.836768,0.823839,540.057748,148.633065,31.576288,100.0,24.830912,26.911827,50.71534,5.541539,74.962582,0.193006,1.407425,0
90.496179,130.719559,310.275587,29.561963,1268.936295,248.227814,0.306777,0.625773,0.555099,129.090233,131.23082,26.432623,100.0,46.397287,39.198067,15.515398,7.761987,66.828727,0.129607,0.162112,0
89.28988,279.351075,561.331171,5.333196,1254.404758,202.285127,0.657737,0.883817,0.842498,16.907827,71.189133,21.484157,100.0,29.495061,52.370934,25.894633,15.379672,152.763959,0.283556,2.549426,0
31.560733,111.467555,336.489964,9.124917,2025.953725,295.410669,0.593985,0.950829,0.825787,145.573883,109.844962,15.682982,100.0,16.682793,44.162307,35.618415,2.222353,116.049511,0.326023,0.090059,1
61.359749,105.967572,544.317701,28.683545,100.0,306.492664,0.555961,0.291715,0.406152,131.88878,689.999136,27.787356,100.0,24.499979,54.998275,20.010474,0.0,122.847392,0.390251,1.114896,0
31.067398,161.74473,368.059511,9.505594,667.832162,164.704412,0.348365,0.760685,0.593379,75.839297,246.294104,23.434292,100.0,36.452536,24.679697,39.057412,0.0,55.953353,0.140474,0.204558,0
60.572242,97.18698,324.681821,20.161599,1324.245925,358.667527,0.513859,0.525681,0.450465,12.660331,540.29409,28.756511,100.0,15.318233,19.186133,60.0,4.151403,116.293139,0.322146,0.262274,0
35.778976,254.860784,439.259911,41.052025,731.356496,128.728778,0.389459,0.643444,0.678836,219.717311,52.846552,20.377005,100.0,43.966224,55.754292,5.0,0.0,101.552465,0.248553,0.6985,0
59.353281,289.692662,534.879078,21.973844,1519.889154,61.742796,0.743891,0.600808,0.521686,284.791407,29.86103,33.803016,100.0,47.98968,19.801563,31.058853,5.472958,181.239856,0.296097,0.797531,0
61.376308,227.309373,369.787172,59.870673,880.32297,304.55152,0.367963,0.99,0.877477,98.998211,13.535717,33.829411,100.0,22.70396,19.636829,55.565368,13.062281,96.122396,0.232763,1.496209,1
59.352968,200.494171,454.047912,55.396612,965.87193,149.605301,0.423248,0.653442,0.564435,308.777317,572.959808,18.767443,100.0,37.781284,26.339818,38.516155,13.452817,112.576376,0.237697,0.114961,0
121.148144,214.958822,336.092611,37.192045,762.662668,314.819874,0.622268,0.413228,0.492221,329.166884,468.893461,25.974484,100.0,42.39276,23.33861,31.259263,7.262405,143.635054,0.31002,0.237478,0
99.97195,224.68972,611.720618,58.182093,638.744521,22.019884,0.656264,0.508476,0.505194,274.825169,206.205441,14.580231,100.0,20.748712,27.897301,52.128322,10.364044,155.176085,0.34705,0.325378,1
18.136042,110.246645,302.626424,52.740951,626.445018,39.97876,0.519429,0.166213,0.10583,739.572755,661.992285,19.078545,100.0,27.357047,10.534432,59.471451,9.49456,113.831063,0.352412,0.406559,0
54.164973,83.088724,571.310344,22.539419,1035.583148,14.498158,0.582991,0.12425,0.126771,5.550054,3.443083,18.758569,100.0,28.956691,60.442627,9.550759,15.5481,116.030664,0.319417,0.996681,0
72.865848,233.336994,616.140748,46.227794,512.717517,216.723946,0.613983,0.485782,0.450593,181.92019,538.114753,20.377952,100.0,36.068108,13.523362,50.360801,6.875484,132.57538,0.302196,2.018207,1
34.379208,286.323205,518.069608,12.525748,1376.602442,299.471105,0.247839,0.539981,0.499202,291.540986,545.175769,22.365875,100.0,48.020068,74.534375,5.0,0.0,101.843233,0.139061,2.067499,0
78.522934,142.215398,440.778348,42.650328,1226.612962,144.957882,0.575832,0.368452,0.44738,540.18089,757.92789,19.334885,100.0,29.045596,51.325489,19.662235,5.160739,116.021429,0.278039,0.116489,0
38.251135,217.723246,474.729811,32.0095,1449.70822,32.650362,0.542046,0.906463,0.805769,204.129563,540.092512,24.920874,100.0,15.132476,80.0,5.0,1.565859,114.606498,0.284217,0.069052,0
64.709495,166.042465,248.338765,5.925427,335.537822,134.448778,0.299908,0.511205,0.503879,97.737879,275.702249,14.817567,100.0,12.429031,26.669458,60.0,5.06778,92.917887,0.170984,0.452121,0
28.004254,95.731439,321.155752,20.08264,100.0,125.296608,0.432173,0.39036,0.393945,226.868929,257.449683,29.957057,100.0,23.405753,31.660998,42.211815,6.684624,111.471575,0.271964,4.562436,1
59.076873,73.851881,291.543658,57.546022,897.907122,231.649893,0.351641,0.644306,0.71627,110.306206,116.948006,17.622981,100.0,28.697113,60.263112,14.248937,7.194857,103.599152,0.291522,0.043331,0
101.885046,265.966253,449.316364,22.370732,2349.400307,234.774586,0.38758,0.127643,0.146996,55.973536,0.054833,23.059138,100.0,44.981618,22.466147,41.10732,2.56801,129.69536,0.141572,0.603312,0
112.530767,254.583363,524.844642,14.979995,1533.104389,37.088538,0.582382,0.87343,0.79849,319.409156,788.262131,21.451085,100.0,12.687372,51.596011,35.929101,2.89407,135.673684,0.255709,2.054504,0
65.735638,109.541554,338.496807,15.31423,622.776846,151.26364,0.368653,0.520367,0.501188,99.730607,89.019659,30.172909,100.0,29.782501,36.964827,34.829332,7.951158,96.106095,0.295786,0.159029,0
248.998266,332.264328,571.581177,31.35673,1112.256067,231.30523,0.65995,0.299672,0.243062,99.405984,63.719009,22.030388,100.0,48.071136,53.777982,5.0,7.856241,184.122276,0.317006,1.407529,1
84.608887,185.381734,658.437886,51.345708,1263.793454,93.190035,0.631644,0.68594,0.688658,156.211876,85.706935,32.749961,100.0,36.138095,60.599086,5.0,17.479454,148.859539,0.360784,0.302195,0
115.007466,244.232034,451.471052,46.690097,215.80588,146.548903,0.436884,0.43732,0.430277,414.780348,292.317259,26.148185,100.0,18.137603,30.099087,53.782223,3.78091,134.403071,0.183139,0.184221,0
160.696153,365.171768,693.887516,29.02686,1584.812935,220.930175,0.635385,0.322556,0.453896,164.397069,81.134054,18.38825,100.0,33.632759,26.062941,41.521103,3.462338,166.514656,0.325046,0.225319,1
34.959756,124.589662,315.898683,16.479979,816.287937,145.033452,0.280115,0.496235,0.464929,760.410084,509.857604,22.721246,100.0,31.121859,17.759687,48.990955,0.0,63.068568,0.165325,0.190649,0
101.132733,125.94707,604.55668,7.53357,854.659578,11.10995,0.561617,0.59086,0.606455,203.665776,221.538612,23.735151,100.0,45.348697,14.981293,38.128671,9.497792,113.47991,0.275182,1.614639,0
77.847133,182.190297,473.283134,30.444668,911.89233,80.141758,0.545481,0.683173,0.657788,152.36744,13.428658,28.406557,100.0,39.592472,29.790246,29.748994,4.471204,96.158274,0.255207,0.26092,0
103.863698,178.296969,410.351415,49.812644,1472.27007,279.389129,0.37383,0.084193,0.25626,390.418415,305.394808,25.011356,100.0,34.580663,38.504994,26.047738,6.088442,90.64865,0.292674,1.240131,0
133.924786,189.035593,319.907275,45.13251,522.408921,89.461468,0.254379,0.99,0.899906,273.84012,85.507661,22.669322,100.0,37.648343,29.486105,30.468256,15.334753,68.578497,0.145048,0.044634,1
29.747191,213.618657,698.644047,27.473042,100.0,294.376121,0.772787,0.852937,0.847055,133.476853,164.893539,19.413319,100.0,31.910067,42.856979,28.692731,0.0,147.482008,0.407576,0.186618,1
241.951447,292.38981,659.530897,37.708647,1061.477646,168.086817,0.646785,0.636869,0.599931,244.434095,66.188196,26.865625,100.0,23.01078,50.28038,29.414192,11.423944,142.999203,0.309862,2.386389,1
68.131424,101.720034,225.658095,28.993559,100.0,170.251609,0.36861,0.422881,0.391898,79.861613,343.089901,21.880942,100.0,39.366504,29.696836,27.159516,4.177068,72.793199,0.298491,0.918361,0
49.881228,120.031953,184.810493,36.845886,749.448202,277.385838,0.23506,0.327298,0.352579,473.282566,71.322753,19.672225,100.0,24.008085,31.418243,50.711177,15.336969,49.560522,0.194204,0.954786,0
4.164326,103.346204,271.00043,33.462788,1493.437145,137.985665,0.273175,0.691407,0.657672,120.294979,366.199466,17.828663,100.0,35.372064,57.853476,9.232726,1.983717,86.642634,0.110305,0.160233,0
153.211021,262.274602,366.309521,42.453163,1189.546952,85.853013,0.23704,0.938811,0.843836,308.508788,211.750575,30.153265,100.0,39.096905,44.53605,14.708509,5.204704,72.847618,0.169888,2.965276,1
127.35362,348.625846,528.532987,32.923986,1421.178033,37.811656,0.43626,0.667149,0.652884,299.948128,112.002922,15.086225,100.0,17.61199,35.686427,46.02102,9.721616,116.436376,0.224683,1.219429,0
55.73588,116.042726,432.444133,56.733605,1210.175683,241.887555,0.380314,0.70739,0.638726,118.719517,144.73169,26.881284,100.0,28.920541,27.930653,42.68875,8.202785,107.194483,0.244899,0.386068,1
9.296929,174.476195,540.138213,28.54155,2105.167244,169.179314,0.587212,0.430178,0.368655,84.730355,39.271565,24.1272,100.0,48.497394,52.668671,5.0,6.070147,114.189447,0.294795,1.662857,0
70.426992,140.705226,200.325537,5.875397,605.880186,291.386477,0.259378,0.723485,0.666973,104.387983,296.190413,20.720292,100.0,46.053577,34.218479,14.481728,2.097492,84.548561,0.1,0.540764,0
16.006084,33.342156,111.659329,18.000544,1099.065839,164.762895,0.1,0.99,0.9,369.627895,79.084044,19.697715,95.761708,36.104504,10.0,52.049139,0.744833,20.0,0.1,0.661463,0
142.243828,349.697192,451.347459,32.533377,680.939764,149.331843,0.205571,0.306317,0.278106,53.12221,12.105195,24.109585,100.0,29.373397,10.0,60.0,3.620131,87.749319,0.129692,0.560569,0
54.281123,82.966241,306.164662,34.731452,1378.400635,107.58675,0.406501,0.527825,0.533972,413.373669,311.180344,20.775171,100.0,28.355065,25.640757,41.09949,6.37473,98.93653,0.222418,0.184299,0
27.347673,147.401683,528.059999,35.381163,869.212562,71.794034,0.63659,0.619533,0.622937,1071.392835,192.952133,20.538498,100.0,23.971816,22.20015,53.355418,5.384264,121.3538,0.31914,1.491415,0
80.165404,112.117329,304.069227,44.300365,1759.42244,298.9573,0.454927,0.558866,0.526178,58.654622,5.860077,29.963666,100.0,30.556307,39.160918,29.190716,8.049095,115.073529,0.2759,0.653568,0
89.40022,226.435726,284.665536,20.105648,634.592022,34.276094,0.245486,0.647959,0.756135,58.373038,815.10436,23.075366,100.0,45.534251,10.0,42.921278,14.953363,87.3126,0.194638,1.915412,0
97.574655,136.616828,377.096383,41.569702,1603.563263,324.76598,0.523214,0.498438,0.386482,61.156616,382.032597,24.044761,100.0,24.397408,39.03157,35.498881,13.060559,117.483166,0.142936,0.115915,0
29.069566,52.690382,201.138498,43.721775,1196.569765,9.687294,0.327569,0.588824,0.608332,8.855533,229.647227,19.187248,100.0,17.307324,22.604264,60.0,5.13309,91.152349,0.221717,1.374282,0
133.131542,217.670132,367.745109,27.620441,883.769465,188.010841,0.468705,0.820359,0.827719,77.642749,6.002488,29.968401,100.0,42.071932,54.764976,5.0,4.950319,124.917393,0.312669,0.812607,1
55.362353,67.1653,289.046708,27.1193,1171.221169,20.998282,0.284751,0.610269,0.714526,18.159571,171.686618,31.329113,100.0,27.277349,26.039489,45.41344,9.760379,69.237676,0.188296,0.164084,0
6.190525,96.567265,373.693766,14.840863,1030.632194,280.658564,0.404366,0.670606,0.661849,190.643556,55.588118,25.31116,100.0,20.45099,52.296162,28.636994,5.748464,67.735307,0.191506,0.774736,0
60.867741,225.496015,581.419325,27.769306,1077.97734,76.138749,0.777358,0.525795,0.634238,136.067589,136.188855,32.563783,100.0,31.645261,36.901101,28.811975,6.275544,188.006326,0.309076,0.778905,0
60.222937,401.82714,788.872712,48.274896,796.564463,203.732127,0.938277,0.478179,0.612778,75.8663,31.49567,20.737367,100.0,27.60864,30.288888,44.29374,9.152902,193.191035,0.453246,0.237033,0
59.330479,172.514975,500.618618,54.993515,549.205746,329.920597,0.520698,0.534617,0.59303,131.227255,9.018912,29.515762,100.0,31.853147,17.585588,54.356294,2.895415,80.284807,0.279611,0.674881,0
81.427653,176.603807,482.728412,37.648726,732.46444,233.733217,0.529489,0.284571,0.304295,89.047938,117.957954,21.723873,100.0,36.658068,25.112386,36.513922,9.497744,141.975809,0.237419,1.095083,0
206.97022,419.785508,494.72602,21.465369,100.0,64.195187,0.301018,0.49575,0.564359,74.015356,7.632134,21.106719,100.0,35.155712,59.941184,8.329602,6.035899,116.456824,0.194045,2.741481,1
62.342968,98.480492,390.031199,42.525935,1320.974166,286.803997,0.551922,0.525228,0.502361,5.0,131.136866,32.391134,100.0,36.174202,36.416469,25.072171,5.54065,113.223045,0.253454,0.535178,0
68.666661,119.688587,301.935247,45.708041,282.418014,158.932658,0.431208,0.848501,0.750403,545.67076,88.265493,21.823421,100.0,32.637895,24.176955,38.466211,9.418065,95.821831,0.209449,0.252291,0
40.937608,202.80553,586.45348,23.271703,791.176472,4.743626,0.632993,0.406325,0.388867,355.585282,1180.568237,18.264763,100.0,11.534055,42.92438,50.525913,7.869022,148.73111,0.303577,0.650598,0
62.220398,130.959703,272.759492,50.460132,1224.022521,175.235389,0.271607,0.131614,0.308933,135.411972,217.905879,13.111177,100.0,32.007123,30.253802,37.836195,0.0,107.342827,0.184738,1.807834,0
99.178783,178.533014,351.438143,9.053271,1319.698359,292.494484,0.405364,0.496317,0.497792,458.980271,109.240972,24.049263,100.0,16.884396,26.569356,57.153286,11.06144,93.019852,0.184811,0.40039,0
100.933866,204.682538,334.169832,5.591454,100.0,154.784747,0.53062,0.559565,0.513104,5.0,118.503532,17.842914,100.0,23.146533,31.143159,43.901738,8.269366,107.930142,0.248255,0.906922,1
169.476448,209.731429,355.459519,11.763392,854.075962,273.034098,0.438336,0.536306,0.565926,146.111395,45.496318,35.848203,100.0,23.310513,53.26247,20.553753,3.337811,103.443597,0.319375,0.460251,0
8.461658,32.745851,464.474037,13.580459,1129.87235,253.989318,0.75797,0.877845,0.852603,522.918374,81.39789,34.440921,100.0,37.354528,37.341242,25.243766,1.090908,116.361661,0.29947,0.184826,0
122.822532,171.279057,304.865873,53.341097,926.008055,164.488434,0.440284,0.308856,0.287668,68.796965,33.593352,6.004037,100.0,11.393123,49.084583,45.874637,9.270363,101.079748,0.244989,2.082433,1
109.850214,184.117629,394.254873,28.373994,1572.037479,116.381731,0.343239,0.663478,0.751457,18.053804,303.682872,33.811209,100.0,28.871123,30.936853,38.989479,4.815062,108.766994,0.229959,0.3481,1
13.730366,150.85227,292.671464,20.121243,489.09655,261.554401,0.307691,0.382513,0.286151,269.811212,120.824806,19.308961,100.0,30.008564,27.987134,45.180089,0.0,84.108918,0.158462,0.652243,0
166.91232,265.073185,474.990018,28.599131,100.0,132.81063,0.432761,0.518806,0.541968,115.027838,153.505188,31.512609,100.0,39.573898,61.327675,5.4011,4.243982,118.188444,0.20498,0.220713,0
17.256603,175.304468,415.898366,26.716249,1305.163008,61.231358,0.539284,0.62394,0.650248,190.304572,284.235541,30.356278,100.0,32.136867,20.816452,46.61047,6.580648,133.656334,0.233334,1.703133,0
101.229144,198.266031,487.434355,21.580392,631.45694,115.510702,0.629674,0.205088,0.168927,306.457686,111.672588,32.047675,100.0,37.047618,32.825832,30.361155,1.405022,130.137668,0.250601,0.58531,0
6.488638,180.899444,378.387968,12.584477,100.0,315.662109,0.593259,0.419097,0.547503,15.927183,323.793551,34.795347,100.0,32.309148,55.791788,10.98097,2.394255,109.91182,0.35963,0.364471,0
27.117129,107.116241,562.837863,41.07535,820.743805,102.02008,0.545175,0.398617,0.297337,551.875933,373.826952,17.053296,100.0,49.859501,30.526847,17.919921,6.944565,109.862028,0.248966,0.032651,0
103.498177,116.867128,180.892274,12.513242,1515.278988,84.585793,0.300559,0.748204,0.826795,553.509781,428.363928,17.724116,100.0,26.280129,67.607537,5.0,6.126187,74.801574,0.184792,4.138862,0
106.751214,166.077313,296.187172,47.648345,268.373691,48.031225,0.479801,0.697703,0.552965,10.91176,183.891761,28.85744,100.0,56.702721,23.669114,12.44653,6.170041,120.85397,0.202949,0.083028,1
57.431343,163.25495,289.504632,16.092841,2067.997977,19.864024,0.501062,0.523458,0.433339,269.554068,394.018216,24.674311,100.0,24.960413,48.113992,25.542779,1.706285,122.855978,0.274349,0.529251,0
178.161363,325.976962,432.711728,45.225422,481.059203,351.609248,0.344752,0.504622,0.585455,195.713194,2.371765,28.056363,100.0,39.662722,65.29125,5.0,4.774373,73.592191,0.171856,0.238911,1
101.737332,166.030129,441.56521,49.307236,943.505427,193.239658,0.537342,0.226073,0.199411,141.228597,119.775532,21.90052,100.0,47.881335,41.008327,11.325826,8.966329,93.806301,0.305136,0.353598,0
135.587199,249.743398,376.771738,11.892931,290.433791,262.672006,0.300952,0.437918,0.514398,508.58933,651.49761,29.310606,100.0,29.064231,44.498034,33.804899,2.209925,107.41829,0.139896,0.355336,0
59.607151,130.97167,148.710109,9.771017,920.805174,278.270441,0.166227,0.524842,0.612315,268.364696,113.947859,16.226101,100.0,30.329208,51.207725,19.822834,11.978533,40.458972,0.218832,0.401074,0
23.305741,74.919684,301.437535,57.226502,833.126089,126.834118,0.225543,0.376269,0.576099,171.784264,111.703279,35.763191,100.0,16.346677,10.0,60.0,5.176506,76.783873,0.12974,2.242003,0
23.051322,170.91306,633.542648,30.467574,155.253049,287.606128,0.576417,0.615708,0.564965,37.304683,687.920875,38.813799,100.0,60.0,60.847162,5.0,5.279861,85.207095,0.297719,1.775007,0
49.11582,177.755601,203.650318,39.662952,2312.913484,346.134328,0.128133,0.807098,0.843619,189.994558,298.031393,13.174478,98.263893,28.896417,43.453513,29.489562,2.907429,83.923096,0.142136,1.542022,0
28.349345,442.630571,709.771678,6.279324,652.331415,267.034266,0.585111,0.218714,0.155912,236.243025,202.544601,33.381626,100.0,46.918803,38.968277,14.165358,5.306148,153.006177,0.328549,0.442225,0
26.479784,90.869196,435.829465,20.32906,652.768721,256.223926,0.379998,0.726318,0.708278,191.273745,443.971411,13.578382,100.0,23.540858,40.505252,33.445577,0.0,103.535067,0.140513,0.411456,0
11.023782,237.925144,376.02396,32.796871,1384.51794,155.604163,0.44993,0.190645,0.288037,199.971629,11.123301,27.491562,100.0,15.97537,10.0,60.0,5.781857,114.047688,0.191186,0.826049,0
51.945396,80.651676,325.152367,53.742007,1807.127442,302.875245,0.379769,0.859482,0.792199,409.685751,265.545693,18.27375,100.0,24.43959,52.480622,20.21122,5.633665,108.10501,0.194413,0.472607,0
10.697437,237.714604,241.774582,19.929168,1463.218434,31.981455,0.141107,0.500967,0.459426,28.884075,316.169462,26.758021,100.0,33.463397,44.006233,21.456482,14.200585,87.325449,0.185449,0.129394,0
51.021215,149.663656,364.726873,47.635523,299.409938,269.886136,0.684157,0.647676,0.686043,5.0,344.094708,16.499196,100.0,32.814944,22.693853,43.945539,5.924423,136.090546,0.309676,0.994204,0
7.542554,81.878321,367.645375,41.421711,1006.954505,130.317675,0.363646,0.713929,0.635919,27.452208,256.681005,26.44291,100.0,24.303898,44.575117,30.300823,1.437506,60.892724,0.291763,0.574143,0
46.939065,176.00301,323.812326,11.339892,100.0,203.75061,0.242314,0.216026,0.237663,24.399816,186.565363,22.875164,100.0,26.571154,46.740621,31.528944,7.299371,48.401484,0.266846,1.265002,0
99.107042,234.99996,386.280569,21.135635,1350.852541,321.466957,0.486594,0.697678,0.760569,25.123775,17.372703,22.404274,100.0,33.145025,29.139024,40.661195,6.22054,102.431306,0.248585,0.208254,0
27.355749,236.13933,484.622428,18.082522,100.0,217.807042,0.511472,0.402606,0.417861,104.21632,37.907761,26.149889,100.0,22.932821,58.422812,15.14202,0.0,107.174529,0.365602,0.614926,0
82.254285,127.898703,325.742255,29.339017,498.399338,9.209351,0.295617,0.440566,0.470142,560.755271,6.978445,13.754015,100.0,26.430451,36.021751,34.706048,12.369137,100.305002,0.165925,0.474191,0
78.056221,106.439027,477.320239,39.943383,898.399248,260.137744,0.544784,0.384628,0.503347,667.491533,168.800955,27.716114,100.0,19.694445,33.549558,47.481756,1.272728,104.581406,0.282789,0.144886,0
35.356272,164.990182,373.357791,28.838087,1122.503281,334.448822,0.350113,0.227858,0.438779,7.486623,168.555509,22.120407,100.0,40.321983,48.721697,15.275635,2.816692,94.712245,0.220476,0.705905,0
10.048288,134.140966,388.364205,18.449512,769.532688,231.1243,0.40054,0.773432,0.641684,32.32103,207.203249,14.704699,100.0,17.181658,24.084537,57.7126,4.353827,71.26262,0.289717,1.728473,0
123.353928,329.779419,483.2837,43.273332,1659.541838,310.111228,0.657354,0.488118,0.397535,1111.87229,129.474379,28.07708,100.0,28.318526,30.544572,37.138039,8.082172,146.941255,0.364502,0.200552,0
35.09626,103.546587,256.638812,37.14591,1261.619791,297.106472,0.330497,0.553454,0.435206,106.914512,143.889354,20.266714,100.0,37.595852,19.63334,43.507175,8.486341,80.739484,0.193382,0.4581,0
194.93924,253.163513,563.874788,33.562265,1222.362377,310.065222,0.640706,0.396839,0.324683,232.173364,421.065673,23.68019,100.0,38.438805,35.202517,25.396976,3.46006,141.206788,0.275216,0.126186,1
118.828064,245.837235,577.967697,35.493078,285.299549,123.876145,0.53906,0.40032,0.43343,213.686261,64.150884,25.96193,100.0,19.247548,32.697225,54.121883,6.232181,106.16212,0.288293,0.364966,1
104.184176,206.874088,279.790288,17.204536,1749.683949,170.69887,0.353142,0.362731,0.376811,557.621433,49.981973,23.587726,100.0,40.40642,40.075775,17.047813,2.014789,103.808834,0.235552,0.012111,0
16.896936,162.515709,337.13232,42.423708,498.467428,305.292062,0.309481,0.0,0.031844,48.950733,308.940855,23.804089,100.0,36.992649,54.30637,5.682561,7.463652,95.147573,0.251037,2.675682,0
104.692233,160.059489,415.914144,26.312529,1768.771216,327.743487,0.372019,0.813462,0.770171,772.023265,331.856044,27.533177,100.0,39.18293,48.877208,10.590639,9.785734,87.772712,0.292266,0.142698,1
147.036214,372.672437,402.27442,24.99073,1911.097528,52.86294,0.400696,0.778278,0.740442,385.622607,420.750518,22.346805,100.0,30.639034,40.061506,26.328927,5.669676,85.632818,0.207274,0.771981,0
69.124755,190.457748,363.428668,13.235381,1156.328266,65.351657,0.339464,0.328071,0.3555,27.486948,2.156866,30.137112,100.0,36.83474,58.604054,5.668588,3.680671,99.484774,0.172042,2.89952,0
83.269952,286.335592,876.476161,37.826053,1416.006549,124.858656,0.948809,0.692844,0.657794,35.184885,249.322517,30.881928,100.0,38.531139,28.037254,32.664092,4.206145,195.354499,0.436238,0.75715,1
99.57797,187.211203,296.077055,38.146543,100.0,277.307218,0.409579,0.68354,0.59073,209.693196,105.583577,20.488572,100.0,59.232667,45.920038,5.0,2.404467,120.82416,0.159157,1.453711,1
159.209873,212.263544,318.010469,23.716535,802.498792,314.993217,0.141079,0.248756,0.248987,5.0,279.470289,20.639072,100.0,13.040642,52.642189,42.023283,9.653801,46.560574,0.207651,0.157873,1
89.299119,221.786512,411.758154,52.291753,1451.08282,208.886451,0.622413,0.41262,0.505716,226.266887,390.246991,27.753753,100.0,36.499173,68.282243,5.0,3.562132,162.102686,0.257274,1.153412,0
97.174375,255.56043,455.067094,51.500184,1362.255134,40.776543,0.55092,0.576541,0.54002,271.706411,218.965292,34.047212,100.0,39.977987,40.339114,15.654308,7.48394,120.406937,0.278695,0.385426,0
80.043592,104.65918,265.350238,10.997987,290.138331,109.349363,0.440008,0.763259,0.861102,112.045343,6.747201,30.583477,100.0,35.250741,31.797973,31.514951,6.753439,130.174831,0.166868,1.182205,0
199.041457,521.066054,857.637288,43.227111,753.13898,308.528282,0.811897,0.658843,0.723552,77.459146,785.825236,18.610623,100.0,43.12287,38.246819,16.359637,3.534896,183.082245,0.328886,0.625802,1
70.65465,128.433532,176.434457,26.660912,100.0,125.119792,0.100564,0.568976,0.546881,177.116968,461.291569,22.250822,96.131664,42.543102,39.056392,20.448516,5.794682,54.105799,0.147238,0.402179,0
96.658837,207.162687,310.113747,59.984317,1106.49642,37.010608,0.231192,0.656731,0.607238,544.065469,120.237133,19.096154,100.0,35.938352,27.232176,38.517927,3.876309,48.938824,0.113027,0.829983,1
166.156699,318.72378,492.392084,17.3763,100.0,108.744648,0.689258,0.39266,0.385034,16.243939,241.476135,32.814958,100.0,30.899035,38.310496,32.503752,8.387179,151.792088,0.301861,0.276068,0
44.291771,146.305046,526.894307,20.428831,1465.238921,290.414287,0.385132,0.303246,0.384282,476.710136,378.300733,26.542929,100.0,10.0,66.369626,23.322022,4.316341,89.726382,0.299457,0.192198,0
224.963082,331.595334,462.992901,29.315846,1491.36243,177.652632,0.348982,0.714932,0.492124,255.017471,443.442554,17.989418,100.0,55.895333,11.156506,31.989674,6.344697,111.639167,0.226079,1.446212,0
40.410296,148.99644,244.300595,19.779333,662.816593,61.766199,0.264373,0.518103,0.559841,250.395344,205.518815,21.375067,100.0,10.0,10.0,60.0,5.074262,69.172833,0.154141,1.031861,0
27.749535,44.214157,80.882494,43.059635,1160.637965,112.547654,0.1,0.758139,0.721743,444.143196,367.234065,18.335287,60.242364,39.334297,13.73139,50.258462,7.288689,36.700859,0.1,0.801201,0
98.864578,212.417754,299.922325,31.449946,791.450638,343.289261,0.408248,0.318199,0.364933,182.368962,318.001924,21.601297,100.0,36.358243,23.08161,46.080442,1.321205,119.393733,0.285057,0.638031,0
38.569359,106.083956,146.286518,17.148336,1020.954198,155.504696,0.285423,0.434239,0.509427,24.908339,391.720473,27.39904,85.574184,18.016044,18.923788,60.0,4.124843,63.241477,0.264928,0.027168,0
192.664898,392.884494,518.019759,32.850574,326.370288,158.975732,0.581686,0.54374,0.53958,38.021296,400.168976,20.281352,100.0,57.501442,25.078864,18.079704,5.849392,140.155836,0.172591,1.086467,1
275.200914,451.971158,724.160946,53.883327,1211.246312,55.105057,0.654121,0.315066,0.350447,277.50521,1.903834,24.558295,100.0,42.582176,21.474004,33.294335,15.087398,169.488526,0.239142,0.404003,1
28.774411,58.741433,301.853534,48.581761,100.0,109.63955,0.385452,0.839038,0.831418,329.487348,96.809898,25.859312,100.0,36.022448,45.21156,21.778016,0.0,85.011178,0.257649,0.027029,0
26.162143,54.736846,335.511811,32.435591,100.0,293.287008,0.563542,0.649353,0.701827,5.0,197.672809,12.540025,100.0,18.400096,22.886454,58.764889,6.163424,107.754153,0.243498,0.553254,0
24.965134,355.759466,432.313164,20.867093,839.035842,283.031631,0.324067,0.835932,0.825157,27.203214,354.91565,13.776931,100.0,49.661527,19.527209,31.676404,0.0,105.158819,0.241345,0.641005,0
6.168656,14.244322,71.691862,14.893756,794.37836,156.779568,0.272607,0.481078,0.541103,223.155048,323.648805,21.124801,64.79898,50.413587,10.0,39.65301,0.857589,41.991187,0.147809,0.504319,0
37.561833,97.502084,332.421955,53.311058,1036.150865,321.714814,0.463357,0.892129,0.80601,279.422923,45.085773,18.653335,100.0,34.527193,53.920385,5.180656,11.651484,128.605737,0.309994,0.975312,0
142.480086,179.931488,499.704925,44.059182,575.246255,136.89321,0.514223,0.526213,0.502381,220.355717,386.647662,26.470535,100.0,53.040126,59.4336,5.0,2.161907,107.168572,0.191513,0.827564,1
102.705085,324.004471,513.955721,36.468982,1842.845833,311.158649,0.553499,0.656778,0.666809,419.637568,332.063676,21.917798,100.0,35.149863,42.070626,20.75862,7.520362,121.693877,0.260283,0.881961,1
55.360501,145.82583,392.294907,53.368906,980.302495,11.363598,0.469123,0.368312,0.369631,172.79765,337.655187,28.301738,100.0,37.076049,40.035909,23.864141,2.464898,108.318864,0.230506,1.458323,0
93.834799,151.384136,332.950569,11.692966,1016.440889,125.002904,0.285355,0.539842,0.57,683.404249,39.745644,27.002499,100.0,32.060811,48.533586,20.72472,10.04389,60.440185,0.214465,0.582476,1
18.363673,122.21067,259.849683,42.536911,998.616939,307.824652,0.157644,0.698515,0.688965,248.715217,499.909387,29.166887,100.0,40.989381,51.021846,6.794208,6.429578,50.032086,0.135664,1.342907,0
70.393272,383.029163,536.953163,16.919177,1401.454934,324.471442,0.647062,0.609398,0.489588,105.199279,286.11677,20.83185,100.0,38.819396,19.521147,44.398046,15.009079,173.69859,0.293194,0.44273,0
81.107325,222.674522,539.134313,11.631759,1188.008707,272.312655,0.433773,0.190339,0.236041,188.619087,335.476252,22.677769,100.0,26.733587,34.024709,45.227453,4.934905,107.691307,0.213426,0.962365,0
77.204456,216.695637,396.219101,30.608468,1121.00895,241.151694,0.327471,0.604761,0.591928,310.204456,129.604876,36.04675,100.0,19.941668,53.670106,25.71511,9.129772,79.620503,0.1,3.972349,0
36.448374,60.064687,374.441151,26.306611,1267.992052,293.581767,0.366718,0.653825,0.715229,91.885173,163.489161,17.712689,100.0,30.245633,29.305589,39.361302,3.720865,63.479905,0.186176,0.26265,0
35.16989,242.508655,451.4298,56.764549,100.0,254.720948,0.512165,0.065866,0.264419,462.112946,11.254027,28.009437,100.0,40.411906,40.524204,18.997995,13.927031,126.147173,0.219102,3.966185,0
110.015508,155.045413,278.660608,22.818875,100.0,91.519544,0.286926,0.635627,0.586595,232.922486,237.28144,30.067053,100.0,30.428751,57.392536,13.854207,6.241492,64.83565,0.20478,0.714227,0
104.855116,238.120002,494.142195,49.819624,861.970627,167.845284,0.447623,0.165191,0.07892,35.28168,30.622795,26.845381,100.0,22.049428,76.278753,5.0,12.926326,96.638684,0.204471,1.797122,1
6.686577,59.75559,243.49749,46.185485,801.163059,237.853799,0.402249,0.613188,0.578339,138.895154,43.699752,29.367447,100.0,31.482817,53.770024,13.198748,0.0,91.33315,0.25615,1.745505,0
6.503144,109.604656,470.027457,41.735813,1189.904922,211.608993,0.466202,0.549098,0.362324,47.348059,132.774235,24.001309,100.0,19.34864,17.712743,60.0,4.926388,113.630923,0.218862,2.274446,0
260.731888,359.855524,465.064679,55.622026,910.008451,318.635139,0.415455,0.690954,0.719733,146.6612,77.814955,26.897992,100.0,26.159582,26.882782,44.86181,10.093862,107.222752,0.216668,1.085818,1
83.177777,560.672569,601.486539,27.435853,1190.932467,170.584071,0.650726,0.828358,0.9,443.78186,497.381582,25.334995,100.0,12.231196,57.397923,28.475083,8.471216,150.554159,0.307194,0.432644,0
77.39943,149.462527,422.495233,26.431915,277.202365,64.075456,0.46498,0.74547,0.650755,195.850722,46.394236,15.550372,100.0,33.561961,26.05102,41.95727,10.219221,99.071703,0.210112,0.065017,0
29.888417,153.077246,560.53835,13.852108,894.627715,77.249533,0.57933,0.831995,0.732313,276.32807,40.025744,22.693595,100.0,40.8527,51.935867,5.024598,10.846175,131.368153,0.287898,0.272555,0
49.712456,139.300079,458.642666,20.166914,229.471631,304.580361,0.53419,0.16192,0.074068,162.122344,393.862007,14.883517,100.0,32.557516,65.548774,5.0,0.0,119.056261,0.190847,0.014596,0
39.289148,74.860828,502.951691,53.387705,1093.428967,3.139544,0.513764,0.45008,0.536542,714.686973,12.724636,27.79475,100.0,36.574382,55.088442,5.35026,10.971078,94.074317,0.282784,1.633723,0
143.26408,276.385588,760.478614,31.091017,100.0,312.88693,0.830878,0.516293,0.572199,170.87198,176.852409,25.338429,100.0,33.921513,66.690122,5.0,6.052247,177.789504,0.378476,0.371422,0
138.481986,322.204414,489.426701,23.774433,1074.155049,20.011711,0.373173,0.075313,0.206723,135.589903,811.022898,29.718547,100.0,37.400375,19.778928,40.42935,11.876455,97.650032,0.235254,1.003224,0
84.263324,124.552896,214.963071,16.886163,165.50031,140.997049,0.406847,0.865219,0.707378,120.469212,129.768307,17.173318,100.0,38.729439,10.0,50.989436,5.016524,77.010376,0.280687,0.261563,0
74.352584,156.386961,173.969633,31.672814,708.236103,288.063442,0.156555,0.329552,0.403169,101.436131,634.048208,24.592612,100.0,38.960872,25.418948,39.771328,11.902968,80.818076,0.232173,1.494985,0
95.98666,201.188342,245.535173,44.416595,1347.463846,146.741536,0.145041,0.217474,0.313997,646.47583,4.917881,24.796449,100.0,44.789891,38.074113,14.825465,4.425203,79.416006,0.11616,1.124007,0
73.506133,244.076993,509.479913,20.768061,1013.689994,296.045347,0.454226,0.829973,0.838311,853.450987,88.902463,36.070189,100.0,14.333727,23.387862,59.540853,8.674641,98.667192,0.201249,0.740773,0
110.096103,285.367013,332.633469,46.674409,100.0,36.10758,0.347786,0.626788,0.6174,17.558862,231.562814,22.836833,100.0,40.644324,25.531181,34.605404,2.632109,108.317384,0.180556,0.261589,0
177.256972,199.341063,422.61298,39.638328,563.803078,184.155202,0.385723,0.484737,0.431438,5.0,126.598486,20.694411,100.0,29.595623,35.705044,33.752329,3.665781,77.324916,0.289498,1.353776,1
62.452077,391.043379,668.006851,48.315941,149.310737,209.690646,0.57129,0.55504,0.565462,240.883811,511.53777,24.191929,100.0,26.770776,30.582883,51.367223,1.723479,166.489266,0.230583,0.023666,1
30.40748,172.516783,367.591918,18.80003,100.0,320.712695,0.513511,0.443547,0.497895,484.899766,45.33287,33.909664,100.0,10.730228,51.341292,33.300606,2.917974,123.900218,0.387552,2.033515,0
74.977834,175.903234,327.674107,39.706548,958.831588,33.703706,0.29146,0.725139,0.756798,324.172053,410.553949,29.148078,100.0,14.555236,38.228881,47.222257,5.316273,84.49361,0.188501,0.392635,1
40.921992,210.557735,311.662928,13.45544,1180.149172,121.896247,0.139134,0.227591,0.275874,46.247071,162.36756,27.916442,100.0,26.473901,28.507715,52.770831,5.393072,41.663573,0.146428,0.042345,0
22.982801,267.311783,713.268592,25.008834,1120.30296,237.365314,0.671234,0.560578,0.449091,197.212804,226.398212,22.601138,100.0,22.859773,53.263913,24.776854,5.005504,163.66074,0.392774,1.583343,0
159.909738,248.495269,269.782447,44.839805,1201.313407,352.774829,0.533854,0.843069,0.843575,615.999553,34.786927,22.678149,100.0,42.95261,80.0,5.0,7.968526,129.863548,0.249264,0.397514,1
71.686185,152.597117,253.395317,39.741761,894.044575,305.378757,0.208982,0.583564,0.532781,55.04355,223.749361,32.950768,100.0,40.104441,45.360156,9.911875,7.497295,74.346035,0.173112,0.872757,0
49.360698,85.513321,237.97175,15.33234,763.304891,304.738222,0.212311,0.363328,0.380069,34.595699,52.959739,21.486067,100.0,48.534942,29.418057,20.986565,2.793549,78.020944,0.216128,0.907419,0
80.630489,162.361981,302.579693,52.208847,363.465336,186.185711,0.316825,0.452821,0.598968,126.180434,294.80546,21.013165,100.0,30.314074,11.414243,58.515364,9.590768,92.749931,0.142719,0.488398,1
43.791948,192.816253,480.948346,7.934304,679.960164,203.147684,0.663228,0.537231,0.405793,113.56506,12.53647,13.925832,100.0,39.200498,33.592601,20.913775,0.0,120.068256,0.230741,0.35944,0
163.437734,245.260353,453.930034,37.736863,239.325807,309.088834,0.449888,0.742942,0.696505,516.671721,1156.896909,14.655596,100.0,14.679404,18.832902,60.0,10.273639,128.941966,0.248296,0.2377,0
258.728265,338.124667,408.682684,59.110128,477.417236,313.065211,0.345047,0.352599,0.321573,165.499219,331.118703,30.822862,100.0,58.299688,45.985871,5.0,5.608101,93.961931,0.142168,0.616121,1
45.94057,331.087748,638.311448,34.23276,944.463435,288.818844,0.678872,0.306359,0.47599,345.944654,154.446018,11.84469,100.0,51.759394,64.76403,5.0,11.387297,150.231125,0.338842,1.766917,0
59.992189,181.881689,282.548752,49.03695,841.096956,294.685659,0.369031,0.198155,0.209283,294.900421,84.706722,33.662419,100.0,22.884617,24.159436,47.2434,2.216723,88.366072,0.200368,0.576998,1
89.147301,211.233651,437.034047,37.734954,2432.364019,316.666749,0.520144,0.648343,0.52495,10.936225,338.251841,22.46513,100.0,49.615295,28.573778,23.625446,1.821363,99.131503,0.312734,3.547791,0
20.473057,171.059151,593.443392,48.069857,227.102201,40.961495,0.498195,0.81759,0.713937,156.654541,491.523105,26.211312,100.0,19.3486,49.386131,34.06196,11.241898,100.130895,0.300283,0.91432,0
7.977657,198.753153,317.80256,41.057677,837.45064,105.350176,0.313684,0.526779,0.544192,187.068513,174.687342,30.371719,100.0,24.589086,26.236658,45.842912,2.454641,70.423898,0.110537,0.14641,0
150.538229,257.660268,381.543348,43.012261,188.133944,351.400872,0.536879,0.569248,0.471699,271.817597,478.389036,20.384805,100.0,32.105577,10.0,60.0,13.703482,110.560699,0.247989,0.17131,0
48.394597,98.862016,266.140016,17.529613,706.107062,196.119418,0.36712,0.552183,0.426564,94.591037,339.973574,27.593505,100.0,22.358396,56.938253,20.144769,4.183509,83.235199,0.149589,0.846818,0
44.804684,185.743373,357.175514,45.80015,726.453409,63.52699,0.484466,0.622804,0.635167,276.744016,125.596643,17.858595,100.0,38.660149,15.486297,42.509752,0.0,123.189464,0.269708,2.416323,0
93.875584,301.611105,515.605567,18.085044,1322.440013,181.100028,0.532854,0.862011,0.756569,265.455079,547.843107,20.154645,100.0,44.511739,36.371157,15.90783,4.193353,158.285634,0.207505,0.885481,0
30.266539,169.664647,428.522531,58.935215,675.16673,232.482303,0.569882,0.401151,0.299302,96.223986,52.16046,26.625873,100.0,16.386911,35.5734,47.664337,0.0,130.790762,0.332195,0.416325,1
43.935456,212.59927,308.956084,17.528296,804.3402,298.159914,0.391928,0.661864,0.594757,29.141969,98.383603,26.49936,100.0,33.303788,30.887831,36.237432,5.656459,125.312297,0.136449,1.409559,1
20.866583,100.279297,284.254027,18.01762,684.841019,292.383621,0.289262,0.608473,0.533616,68.945515,490.894922,26.166889,100.0,21.107153,47.425031,33.500668,6.785276,55.60538,0.176067,0.55175,0
10.082951,67.75063,152.464685,52.227022,199.474128,17.726938,0.304142,0.319731,0.389587,66.12613,861.100529,32.864267,85.275347,35.022413,13.282581,51.316096,7.734192,98.847535,0.147633,0.507912,0
43.335806,159.650768,440.219865,18.364222,573.948814,163.268995,0.386681,0.506454,0.443662,40.329769,159.778974,23.537081,100.0,35.279955,43.385159,23.386549,0.937902,89.221883,0.193183,1.722206,1
29.973746,98.803997,449.788726,24.849654,709.031642,7.40486,0.636675,0.366481,0.376526,470.618352,119.462402,33.648565,100.0,24.99153,24.004839,51.645316,4.77435,158.712503,0.27719,0.26939,0
26.357688,275.340324,414.783853,44.305209,936.912942,319.736205,0.553379,0.474422,0.546757,224.042182,164.700559,24.361908,100.0,30.193502,38.47494,31.390509,0.0,116.000611,0.274372,0.159141,0
68.377008,212.447657,414.610088,13.731172,1179.473644,62.606187,0.423148,0.675585,0.553934,159.598131,225.734937,27.619104,100.0,33.135525,24.42866,38.558278,6.278963,120.782666,0.173059,0.82678,0
119.156914,191.837085,600.072961,13.748947,782.701745,224.95489,0.591565,0.522668,0.532095,446.366534,306.540959,28.397545,100.0,24.473488,39.5001,33.049902,7.864927,109.919495,0.263324,2.094158,0
120.758418,163.245851,398.048956,31.749713,773.911868,205.422614,0.451578,0.084844,0.066085,107.896522,31.678338,20.969712,100.0,13.581137,50.942257,35.781511,4.202947,87.094765,0.324543,1.511791,0
117.198438,320.469356,405.587602,18.403321,100.0,225.190596,0.427463,0.464622,0.453348,277.308511,77.863063,25.261466,100.0,40.533254,35.009018,26.229587,2.647068,149.653629,0.232622,0.902812,1
34.385049,82.695165,137.123788,17.961188,1169.867259,202.829984,0.348455,0.540975,0.665499,127.908874,391.508242,15.285298,77.057841,40.452365,32.512378,30.737397,0.0,67.699452,0.282103,0.132485,0
62.977716,166.036634,273.529707,5.508141,552.051056,257.611924,0.278624,0.479952,0.503604,59.932511,493.203451,24.64961,100.0,39.943506,24.884126,36.91399,9.60621,82.123638,0.173343,1.14401,0
41.729001,164.688503,323.112859,25.374728,1273.561619,225.399588,0.224392,0.547718,0.485828,359.057004,15.100719,24.420758,100.0,21.07873,39.231675,41.88924,1.329726,52.537428,0.132281,0.077065,1
34.777946,83.628089,385.002448,22.503781,1558.219974,32.508089,0.401387,0.804471,0.80332,5.0,67.808939,27.226537,100.0,29.441038,53.518308,19.990933,8.723441,89.088896,0.162226,2.019606,0
36.805426,128.892034,277.788792,6.71357,806.042487,132.036462,0.411375,0.493636,0.521871,44.019494,326.363955,23.257169,100.0,14.06314,36.39341,48.938931,2.234988,125.071961,0.248922,0.072663,0
24.238248,249.087447,329.295943,39.167825,388.34436,196.773637,0.481369,0.56115,0.534469,31.117253,669.928161,34.710179,100.0,54.946312,59.958062,5.0,0.0,121.359427,0.325677,0.249039,0
81.364723,111.666811,266.267247,39.466035,891.650693,117.071073,0.337708,0.588515,0.502588,266.842626,151.466075,13.809406,100.0,17.385251,33.518191,51.22589,3.486311,73.819891,0.252626,0.075261,0
144.856961,347.278391,507.981244,8.894026,1074.350999,273.719119,0.4684,0.097718,0.228466,94.362336,18.264996,16.949699,100.0,45.769236,68.334981,5.0,4.950456,119.075638,0.276917,0.403479,0
40.844151,157.96253,268.809799,22.437286,742.239999,114.443177,0.32408,0.443371,0.451744,328.602465,86.674857,18.258247,100.0,23.46252,10.0,60.0,1.581488,82.580057,0.259798,0.449508,0
37.017729,99.975538,249.630748,53.004304,617.980795,298.326303,0.24667,0.766732,0.76519,413.917247,44.176378,23.759174,100.0,35.330164,28.956695,37.264881,8.957506,67.709074,0.204095,4.470748,0
7.691224,36.162344,239.986656,37.019189,1181.766105,52.82414,0.1,0.540866,0.399311,63.112287,144.976275,19.323702,100.0,29.174457,24.493855,46.930162,2.313376,44.66444,0.163008,0.307975,0
104.077747,198.158159,246.664735,27.65861,1148.789137,276.981323,0.22446,0.647334,0.55082,20.793282,552.845291,16.970341,100.0,27.759468,36.114181,31.565411,6.354651,85.448532,0.200472,0.596428,1
5.565576,71.269309,232.244891,30.580606,726.85518,66.047559,0.348447,0.219761,0.330203,308.633184,176.226865,20.973103,100.0,36.471113,47.203547,20.679029,2.536063,69.980083,0.24722,1.368565,0
70.971557,164.184919,818.493152,16.4554,100.0,190.085501,0.768653,0.99,0.887946,100.882324,67.104192,15.163001,100.0,25.929421,79.007633,5.0,3.103391,160.717013,0.297018,0.664319,1
31.698673,184.256569,413.930513,49.653483,1128.189093,115.388774,0.420986,0.67702,0.689081,388.311667,126.970365,26.180267,100.0,14.252067,39.524194,46.878271,3.457351,76.433224,0.199708,0.741817,1
53.287353,79.773794,383.981077,55.270259,516.336403,229.440397,0.537067,0.525791,0.654547,5.0,628.243296,25.839995,100.0,30.176486,51.562905,20.608729,5.269458,111.505567,0.359697,2.507837,0
74.194648,186.640328,592.92453,55.086522,1007.170538,76.586548,0.507588,0.318907,0.426367,167.651884,163.515712,16.386242,100.0,44.258949,24.919077,29.286777,12.365931,103.549581,0.227866,0.94218,0
70.699123,365.93882,818.100419,17.316392,975.578616,286.347504,0.708764,0.491486,0.382262,357.471717,110.223741,29.225771,100.0,32.181465,33.01116,32.751483,3.913362,160.368641,0.275315,0.52506,0
132.479006,205.363883,331.141821,22.090715,100.0,206.490192,0.414565,0.652364,0.616001,57.628539,600.361398,15.994674,100.0,21.658818,48.854838,28.321952,8.314255,110.462982,0.252665,0.15065,0
5.973365,144.059831,196.144782,13.834253,940.540842,344.618335,0.195539,0.251,0.329643,570.36998,150.390999,20.762795,100.0,60.0,13.725393,25.803242,5.214066,84.377079,0.140072,0.22087,0
121.170061,137.282611,472.700103,21.896062,1157.266263,256.237318,0.430112,0.810672,0.684037,99.128773,15.318678,25.354574,100.0,32.09131,19.69239,48.356173,1.986811,94.118682,0.307922,2.144705,0
76.693914,103.008345,262.891272,23.304295,1218.576208,218.662394,0.478381,0.560632,0.503844,44.960615,199.151615,24.392469,100.0,22.645467,39.264572,34.119262,0.467877,107.329245,0.17826,0.230737,0
142.50298,201.82775,367.239466,39.820816,958.682876,298.497129,0.304949,0.760417,0.780902,195.334102,60.812408,14.62235,100.0,55.630751,35.371098,5.0,1.870929,88.921661,0.127889,2.37829,0
67.080997,299.176871,555.932448,15.430551,100.0,79.085724,0.499293,0.582785,0.558865,292.186301,453.783857,26.672069,100.0,12.946989,41.471619,41.794096,0.968411,98.191281,0.352877,0.331937,0
15.45957,82.722864,268.797901,55.566831,1538.540531,227.787286,0.372367,0.222428,0.292581,73.953577,30.05256,23.714719,100.0,21.745506,11.075602,60.0,8.297065,88.095409,0.165548,0.022692,0
59.572477,200.678845,416.669279,10.670471,1105.511334,140.545386,0.449279,0.716451,0.556521,814.506169,16.026696,35.366834,100.0,43.237441,32.542851,28.000165,0.0,138.060456,0.207943,0.154677,0
101.78259,168.435301,395.844184,5.378291,298.340335,267.764752,0.299121,0.556567,0.651468,173.081415,221.662654,27.569968,100.0,21.564105,33.906798,38.790562,5.981463,95.945714,0.169901,0.822632,1
115.525164,152.189021,490.325369,52.021982,506.11848,8.808987,0.695178,0.359494,0.462564,316.323425,300.583003,32.823786,100.0,40.037533,41.081941,20.920064,4.380558,133.56816,0.210736,0.708506,0
61.284798,146.617796,388.903366,43.707339,1015.612105,153.976355,0.351141,0.576453,0.560879,329.474931,347.125845,18.344958,100.0,41.441352,51.553705,5.0,8.208253,81.133951,0.228596,2.617092,0
55.308118,205.170982,288.448937,24.544793,1239.892097,234.612685,0.320629,0.799487,0.569025,234.895716,540.134925,14.533678,100.0,54.753969,38.724095,5.35503,2.199399,80.14386,0.124869,0.597613,1
75.678857,279.300558,361.283992,37.752484,656.018572,165.830161,0.450774,0.674337,0.786797,161.261129,340.265632,31.953381,100.0,43.691307,20.434942,36.479619,7.873847,125.32234,0.267821,3.363509,0
129.501638,223.74038,341.707701,17.294926,1312.762704,85.669774,0.606688,0.71711,0.651889,138.05356,10.252443,26.088902,100.0,26.961134,43.181754,30.039522,8.463425,134.426163,0.215834,0.691556,0
44.231731,185.050713,418.962493,14.261431,100.0,167.165731,0.415144,0.534692,0.529109,8.441937,12.863511,34.968813,100.0,23.898967,10.0,60.0,0.340387,78.763584,0.261198,0.756556,0
89.5862,195.842772,284.53244,30.913202,378.770494,305.908029,0.249911,0.217857,0.185903,36.983672,30.800506,30.747463,100.0,20.384354,39.559719,31.718178,4.25974,87.348208,0.157011,0.925234,1
211.517838,324.952112,413.582049,24.425331,100.0,74.462046,0.501317,0.696756,0.605391,394.71524,464.523922,30.409359,100.0,19.718838,45.71798,40.661724,6.027595,136.116196,0.247141,0.479355,0
300.0,349.615208,573.086389,38.837653,451.297429,132.181979,0.795937,0.601797,0.656632,212.323038,414.342515,26.735071,100.0,36.334959,36.979092,29.420272,10.914366,174.443765,0.389429,0.042996,1
